Time,V1,V2,V3,V4,V5,V6,V7,V8,V9,V10,V11,V12,V13,V14,V15,V16,V17,V18,V19,V20,V21,V22,V23,V24,V25,V26,V27,V28,Amount,Class
1.3302532123963349,-0.1636946708030495,0.11251223105340363,0.2473240833452696,-0.9110376629228715,0.17678429058045436,-0.2600945124237359,0.50884019139193,-0.015185061578943544,0.3674085718561579,0.45975512781504063,-1.2341825735644973,1.4178711348864699,1.173818938656525,0.8547569900027293,-0.5945068712759489,0.46404647488192236,0.36949740107333157,-0.15659239191272933,-0.35828767187977395,-0.021601609208083416,-0.16880285809109874,-0.5042976865096553,0.12406466787362151,0.08286502503414749,-0.5494348099168935,0.2847106664944213,0.03369542298092722,0.12705345368590493,-1.2316569034375708,0
0.22480369982205345,0.6807979300413952,-0.5266373700747952,-0.20753012620178451,0.8608950692497427,0.5465322865194647,0.12467838719197212,0.9463069888213536,-0.2540981938282435,0.3855286730556786,0.42673941423442263,-0.22062647528514126,-0.37418018832259936,2.3243666401684333,0.19840330034701148,-1.3783394121977355,1.7706504706774664,1.4009844147369377,0.8846548064557839,-2.141864624830638,0.747471090801616,-0.12761906746346507,-1.054992633626301,-0.3184643147850308,-0.7504471306975937,-0.42300768341530204,-0.5994427945967428,-0.33665002981969777,0.1452654388223123,1.6071686252313817,1
-1.7432955160097825,-0.7326500192252838,1.5318817311885702,-1.550252867055837,1.9318736551929012,-0.7115661231916772,-1.500809434049739,-1.2764620062926624,0.9723675519941821,-1.6385533127156766,-1.6593233785047876,2.3238379774512388,-1.8645192422737702,0.2733695366793696,-1.992348676648126,-0.4264501404247697,-1.7450253639113509,-1.5109129483146846,-1.4313937136636177,0.6815306857012841,1.1232959198463865,0.5963221579542377,0.1702517280023389,0.4257840468473971,-1.9047156808070353,-0.8573674989836392,1.2118624095278023,1.9598949810207436,1.4824355636765856,-1.197700719412482,1
-0.2741627125458555,-0.07645196765901738,-0.7322579161497613,0.9676583044212531,-1.1325989154447442,-0.3435313960113762,2.3351612181399317,0.9278314645046533,-0.03826163337082539,0.03230964664378277,0.49085119162604385,-0.06795981514200246,0.5616850207464424,0.11813509302160825,0.3153303989576854,-0.08049122658491918,0.29830087330155824,1.0232097264346753,-0.7251991605919879,0.33806037275185596,0.06795846935168741,-0.00393470228516304,0.8522232739667448,0.3060115544200746,-2.726028867848821,-1.114492373848679,-0.2060362042357077,0.20639862680228507,-0.06521946045644239,1.595547207890046,0
1.4913133549134254,0.016651521022204855,0.02490817248856205,0.3256567392857942,-0.17529260336805644,0.3996871083069113,-0.014435035706096224,0.8340824739536975,-0.1108024249745346,0.0811059440092221,0.4760807366684943,-1.5639702049694828,0.35089721212708824,-0.9618246770340925,1.263316201600208,-0.30405215249992773,-0.04158159723099821,0.557281471487488,0.1539765168673216,0.3554228705059823,-0.1362867640767341,-0.027650270996611773,0.45581730573871354,-0.1759939579745347,-0.07118373599492833,-0.04526670110848324,-0.8300619519767252,0.13246953020330557,0.3042553829548513,0.42698547175035134,0
1.4312582352268717,-0.13561072011719397,-0.35541561571716307,1.2694631646542527,-0.31506097434203095,0.7191748693851965,0.8354619503469424,0.5081044861731099,-0.0794638421299468,0.17440384361870084,0.4434418455568925,-0.9496051220844388,0.3968096135736401,-0.4952717923122715,0.8203166853265043,0.20101707118575662,0.5792242012130134,0.19143552648475215,1.2991919837105896,0.8064480116640022,0.2299743180314909,-0.05052419646275791,-0.0178947010933773,-0.3163670175265317,-2.290984966149349,1.1564262125627955,-0.6648103533243321,-0.14213050599827065,0.06867820152242765,0.7529702683618636,0
0.7858525708322474,0.003678950539095233,-0.04692366328724582,0.46351493660805826,-1.5556890393398057,0.9762387199554327,0.16529941204656956,1.017459731500313,-0.2150062199364722,0.49268280634109274,0.2068004836826736,-1.504097273892847,0.350753727939493,0.11173955709637798,0.12512528578950577,-0.8447637960281765,1.006779717002962,0.3004533655346718,0.18874071567752435,-1.1088399715610096,-0.07863012944754225,-0.23745883368492882,-0.8266051143333301,-0.20831195358996388,-0.1624179716035826,-0.26717763578094056,-0.10181031366888402,-0.20358334314328608,-0.06001765394519384,-0.6154343280494838,0
-0.7181713454633729,0.04435039167059117,-0.0798702745998816,1.8681370521694642,-0.4033221470192938,0.1890944019423498,-0.0629972064128019,0.6485544380336358,-0.18104527292330597,0.04138308228141856,0.4117755198608551,-0.5152895972584257,0.7815375028506029,0.6713109171098317,0.6971061356353432,1.2900863341219446,0.3238901617939565,0.3994446726197377,0.033039153767892813,0.255490555217022,0.0011908796522814176,-0.1396687723367744,-0.39589796228921853,-0.06959562389502959,1.4653667838246385,-0.522296454002137,0.2935406452305374,-0.11833578012962748,0.1630224591418564,-1.2316569034375708,0
0.5220582708107973,-0.45702941237786915,0.2065547558543786,-0.6326853892261407,-0.046840899702260394,-0.23286689479730527,0.05526220018439975,-0.38418773409756124,0.29495528288933076,0.044477730781774395,-0.7824582376295757,0.7485379965795671,-1.0536706267964855,1.198606154373145,-0.43492116362571936,-1.5870646654720064,-0.7226234202557672,-0.8346895228055757,-0.5195534220717953,0.3906274628359691,-0.2178327841828625,0.1977200706955952,0.26388964303099943,0.17930617685341307,-0.5232874649669523,-0.5682641548949449,0.9515155327663675,0.2033127861067082,-0.2963306318417991,0.7599928848080598,1
-1.6256746660299966,-0.8801051955718531,1.6971472188711216,-1.6135720946433552,1.926135489012809,-0.8408878197431845,-1.5961608284265876,-1.3581774602429009,1.205943130348433,-1.6265187489918942,-1.6383830305902436,2.2827409937809544,-1.8422767377515838,0.39090675352677684,-1.9539477057427421,-0.4747273071127461,-1.7218645152962004,-1.4821368889628428,-1.4212923789033693,0.631203379315176,1.1571281616736795,0.6053188953199206,0.11397783651718413,0.5644974644648084,-1.9190345442282353,-0.6456446907059238,1.2370368483849141,1.8932206986848155,1.475260897148693,-1.197700719412482,1
-0.15822648643927684,-0.8642365976666387,0.5598309270976205,-0.7289810061111199,0.7087864308325769,-0.7295009297576333,-0.6960479686331946,-0.6605252907671856,0.41144639150905454,-0.7890719299619348,-0.8917758121435503,0.7977389546099922,-1.0590572654994952,0.35765463167680356,-1.1147123487361084,1.5643318748633854,-1.1609665964665505,-1.1899155103853516,-1.0605562033152336,1.05923572518708,0.20805447062615487,0.3116050401246871,0.051578189481385796,-0.32538782825772883,0.23640814375259164,0.4180835950678495,-0.4040989127594366,-0.004025866774269532,1.3437485814699353,0.8598632475098593,1
0.23798510114271798,-1.8770393453173004,2.33551219601591,-1.8079864490371167,2.0769792641366296,-2.1133090913733654,0.2387148714394018,-2.463734592586558,-1.0936392074538475,-2.3792636833015015,-2.16728462215846,1.2780362732986648,-1.662001659567418,-0.2497574155930968,-0.9322783321177083,-1.150295889860626,-1.6307876597202078,-1.7438990443772475,-1.8730211419425369,1.3466267394919327,1.9572154591028954,-2.1046261975285225,0.8073866064389907,1.9186078593577693,0.6242599120996702,-1.1201108958426194,-0.5185298558421443,-2.34206237763651,-0.9865879516280228,-1.0351949879893718,1
-0.878790184256,0.9660150875684217,-0.38068435405817547,0.8164030892818411,-0.22765180764013895,0.050413684018844294,0.13387901544068123,0.36572038230003956,-0.1729302840398149,0.8248373448344261,0.4775188817180058,-1.02848733613426,1.054297167569163,0.32059236793826,0.5065710251381426,-0.4776217167523898,0.23037715374849962,0.43644644216386347,-0.05147484743479052,-0.07197737422581754,-0.2000822498183397,-0.11929590557642739,-0.026195405684274486,-0.11627131050746423,0.867033529500339,0.8798594127761625,0.8491024614198046,-0.20575313242103319,-0.04571311223116826,-1.200704124404151,0
-1.255992525559658,0.33800252110380796,0.555440456299283,-0.7184042345677291,1.0771090278375444,0.9049085720613188,-0.870731801121738,0.17185234360856227,-0.07262721941859103,-1.0670441753045488,-0.6011598642935598,1.2284326938125745,-0.8547571686117242,-2.4523288512585903,-1.3319614775988238,-0.26821342826318356,0.09080311570464225,0.5571148408111618,1.0088546165153092,-1.9954161003395166,0.20038353200367448,0.04688357401332742,-0.3151604036175031,-0.5030227376375396,-0.910951694788308,2.282328422545343,1.0840514670089596,0.4372428281064123,0.7733884907851183,-1.3027832596598063,1
0.9646079531421066,0.31887589166744285,-0.10774953475626584,-0.5654832244491285,0.43820519514268463,-0.28229175004283874,-0.1218499556477739,0.12455759314087536,-0.02962916337632285,-0.09919695816617899,-0.39474187713376513,0.321981758622544,-0.4141664530840939,0.7092729080819999,-0.6998677373745957,2.124121909527906,-0.5815670790709176,-0.11542301420823114,0.1398270492564696,1.223916275675262,0.9078874970453237,0.2360949959919578,0.8679948636612835,0.9612423067563461,1.8727183367834683,-0.7541470531593707,0.3759633459731266,-0.0006660187572169988,-0.12571468662839022,1.3995409934996839,1
-0.0888784232376956,-0.06459511335242363,-0.0031353167605615673,1.1241396996480066,-0.07359376217494211,0.18906534078789725,0.48987418128380195,0.5198273129597147,-0.03862992850883249,0.168801481140213,0.4281433713283814,-1.0094567745402654,0.9348386118510311,0.33207181450840484,0.7674375920801977,0.10595275481586716,-0.06557618201945384,0.7022731508023197,-0.08803443738472583,0.32932275799908045,-0.016168539554693325,-0.07998648532722206,0.200869770269112,-0.0993801519711689,0.17272346360797025,-0.16772369423411115,-0.49708441159617306,0.13617868359372715,0.22674982708033217,0.19767496076323418,0
-1.087543972691457,-0.8264000434359453,1.0171731356477203,-0.8273601514330226,0.9571292052281809,-0.7875920089477342,-0.5421786835556314,-0.77672472931972,0.6687626273566285,-1.5570155757388593,-1.1292945807282542,0.7853201700852547,-1.117766636522588,1.4950476955972083,-1.132096261605232,-0.026541145732386192,-1.2505952414985824,-1.3888275008373139,-1.422081968058946,0.9955454549187461,0.17679156864522783,0.3333788603049247,-0.7342996335101288,0.13860905440691176,-0.41201070914489857,-0.5750006062011626,-0.6027029062481724,0.03187749725021417,0.7506272793970103,0.9101986733481241,1
0.7685556735486411,1.6935911881739287,-0.42109873917444013,0.05421052318923292,-0.42975275032315496,0.2012097353233466,-0.2852853941448052,0.4530478584966103,-0.21811056768330778,0.95688456629168,0.5797798301586059,-1.1417596296624584,0.5069243811429422,-0.5404276623647324,0.9811663620885916,0.9381952293360222,0.3577012579035527,0.2688652380335767,0.3333773974684783,-0.41046083750542106,-0.3774798908113128,0.0025594870489998797,0.6945442729840428,-0.03623910471252089,-0.03757871731073649,0.2781455161606188,-0.2236429602526391,-0.2142146872512899,-0.18625796890109012,-1.197700719412482,0
0.2692044910243417,-1.8781303378542191,2.2968417723519865,-1.872336880479275,2.0656551793124978,-2.2362610515269266,0.255550501047307,-2.522653730426939,-0.9989684794763585,-2.3727861494175966,-2.0568604192200186,0.9790908614456696,-1.5918053797708334,-0.06209364049635411,-0.38528829129691217,-1.969919996473887,-1.7542365408805718,-1.8818387034551587,-2.0888796161539664,1.5286135399967486,1.515649393844806,-1.8406912686955788,2.1285336051432577,2.131599389095868,1.2486258733570141,-1.5980315595618804,-0.16835564188486482,-2.7732512014314894,-1.5735662298580932,-0.2430941911929991,1
1.3956608863961835,1.6469817009529133,-0.5900265049536735,-0.24086657984755883,-0.8904007445185107,1.327767835996849,2.0782097904621537,0.23990838515692484,0.02786924037994277,0.9083289192988054,0.5876020060222467,-0.7544605706382088,0.8263104569429911,-0.2631327477184897,0.7731903630738604,-0.28381988787127344,0.13493117677152736,0.3771468439683431,-0.08074502131285359,-0.2206278335240539,-0.23412885245896986,-0.04023146866141854,0.4261711578041208,-0.006107227761011311,1.6201902892376074,0.27657357999789745,1.4107237667085077,-0.24445540870288393,-0.22068750932148246,-0.13346705627178376,0
-0.39814483134924966,-1.2466105134425198,-1.863542517450653,-0.5935936331518047,1.2421078139219652,-0.4777649692226029,0.517954921634918,-0.3193018908798721,0.058805084042313466,-0.6671196525399454,-0.41586133782459767,1.1805226249421883,-0.8444603659831944,0.2087425498720601,-0.8872285967267148,2.5407649258591722,-0.8783621452161625,-0.9992694006431977,-1.0288223135361416,0.7776431147854121,-2.1245526726551476,-0.04944062452946334,0.21788640330680642,-2.888592178221064,0.036264707888626575,-1.658683237302595,0.5318791740498886,2.3029226276613266,-3.2495114400681784,1.7001022428811443,1
-0.1894746996443991,-0.16276821519435916,-0.18619987808311636,1.9069438412879358,-0.9562851178478599,0.7134638865739042,0.5572325900253713,0.7376662850256811,-0.18589100810089632,0.21696729235697607,0.4458971069472966,0.3125488493547467,0.9408855343767119,-0.15845207127702127,0.35585216619602156,0.4309944104718594,0.4614736428541286,0.37648327131257925,-0.08351052088685355,-1.1818850063065045,-0.14018460930770327,-0.16528805150058465,-0.39408437411884534,-0.24365985562160966,-0.6118225982299921,-0.15098718186689586,-0.07837711339224125,-0.721076275774957,-0.7376313764224874,-0.5204460980987456,0
0.6304691222162104,-0.007187435767565914,-0.5185123769561122,1.4436900768869365,-2.103761493097123,0.25947390404073045,0.2785518169796712,0.35350526752028255,-0.11471533474237958,-0.08102795270174952,0.5104603134131446,-0.2902690728081785,0.5448945639760294,0.32079823548727326,0.4383722607128717,-1.1275581185789865,1.8596113009358326,0.27373734231265845,-0.19184251436441455,0.044517123532010455,0.035448933284604286,-0.05240444621408235,-0.013151344229413421,-0.046423223192958954,-0.7973656751450701,-0.6339772875810726,-1.3177446611169517,-0.07953980397280444,0.21313772684370494,0.148612423017117,0
-2.074654451297022,0.926836329272206,0.030708098607763138,0.04688994944069976,0.0975076751228142,0.6536043591081814,-0.3838528747489203,0.6439570541852592,-0.22873175588673206,0.9093098373076693,-0.05358823680333834,0.4345530310946244,-0.2667425054722815,2.2486137069624665,-0.06588743996870436,0.47707886979001035,0.8283131357892933,2.3719223252647215,1.014505273224286,-1.5844948099225349,-0.15532672026559666,-0.19884418464536993,-0.4161643762988201,-0.1586863339429555,0.04209410310996841,1.1336694791611153,-0.7287642560506926,-0.15617067589762185,0.12030350516088667,-1.200704124404151,0
0.8626853443437987,0.23274975825342156,0.14195036861931348,-0.48229177603319495,0.6933803133292866,-0.0059660326605839266,0.30474855063757333,-0.1481899550810922,0.11616872318816018,0.04548383595978247,-0.47164630805989394,0.6025366546782239,-0.5307728642801299,-1.590353809978399,-0.9784025088432844,-0.3837671650943222,-0.49526192044521605,0.26565507837942576,1.1670807989184415,1.4725901082813133,0.37769744853154497,0.1341348979917543,0.6495127547421956,0.08177310396248877,0.5315494305854188,-0.6341316669920367,0.046299217060943657,0.28788157105049966,0.15807160110460602,0.7638583489381329,1
-1.7771251677169908,-0.5341952280068919,0.927305098331815,-1.2477659236253682,1.25887621860602,-1.0204508628244298,-0.8548827547742575,-1.362383505141272,0.8141297529427524,-0.9617166308593662,-1.6303096963395058,2.1860082040644646,-1.7811656837729208,0.7472993584994021,-1.672993313666947,0.8958532045713008,-1.9203730026700971,-1.8604484494776752,-1.812841361413509,1.977716765446867,0.9479583448385155,0.6049120112190735,0.25213836707640097,0.7433881745718183,-1.3050213818897327,-2.292925978601567,0.941507495071956,1.6512609890036458,1.1690866658224337,-1.197700719412482,1
1.2834126242010713,1.7203920106002522,-0.9424392210278048,0.4815012130959693,-1.0460995426939512,-0.13410379039250347,0.9060626127268896,-0.05265452928993986,-0.05258559929410272,1.0650850979205653,0.8977624424074163,-0.679821510612667,0.5439311436020673,-0.4744073697723709,0.2555598523856718,-1.4884480803556568,1.4864088791718408,0.43843330106435213,-0.007921772074571282,0.7626537133815045,-0.1333684929099305,-0.03549170090054861,0.4849249177265609,0.14911459019384124,0.37167850426925325,-0.5491351690093237,-0.4639133775155146,-0.1434898266856351,-0.1602786444065765,-0.3989963419060844,0
1.0316115462647162,-0.4392660296703838,0.11318170353869646,-0.7863211999628801,0.06770802719670793,-0.6059289082080324,1.1778770161979675,0.2928094607892049,0.17551501484635834,-0.4347488958141392,-0.9359877999506742,0.44141265969172055,-0.8597534997422146,-1.0526166287341772,-0.947996222277019,-0.0996361600648566,-0.924775530106461,-0.6115098577237706,-1.0616016424161283,-0.7880406391847818,0.09436849609554261,0.21762097345186018,0.48927576846372295,0.9239089321221075,-1.0647635239727966,-2.3959002153323854,0.20626280392317559,1.2126646634334894,0.8021540606601374,1.704241769834261,1
-0.5145305151510265,1.1195326442319844,-0.5791102972407324,0.6857848864296074,-0.9304207217502138,-0.10079617674700597,-0.1586294486878158,0.2296922701853779,-0.180551436497676,0.1336147170959379,0.891117931310831,-0.8383746706186045,0.030083970983199815,-0.9506943883875522,0.6769349160842983,0.9379182448276906,1.3443260968896165,0.5246113904081936,-0.3235982071266636,0.19290823419442357,-0.11468258605886235,-0.04105603602999544,0.16689134074972456,-0.0575450639874289,0.7146118095220075,0.6427806069349359,-0.4523551630341597,-0.19525331631588425,-0.043618870225540306,-0.9581691977178104,0
1.0015348854288368,0.5440182826832904,-0.03870554360357759,-0.6227827036394769,0.18983821441710458,0.02134150857565576,0.40734216784393673,-0.3564706555652311,0.09420352960413539,0.07795795778386484,-0.7061546029449243,0.5660285910286992,-0.7984381904628136,-1.16722906992514,-0.9290333575182982,0.7378292014623298,-1.08264849251785,-0.673080498259344,-1.1817598141786674,-0.36034001156467677,0.2426607243202189,0.13531739399839682,-0.011375850855762057,0.05644786014059029,-1.0371149749104034,0.10138846976925711,-0.3652246241260029,0.827199196619624,0.6745912140056459,0.4287936995143003,1
0.027456624675374294,-0.12360081066510929,-0.028164168252687655,1.976061835319431,-0.2806676764125836,0.06740868035788977,0.3275766122633672,0.5070836098551599,-0.07574451448384908,0.07227129361720175,0.5090598061731472,0.0347755921407437,0.6743184079475408,-0.8933518158788847,1.0153415495695688,0.8550823436248257,0.5580250971923003,0.3215568491224944,0.7305067313624343,0.35369636372564794,-0.1506312013856929,-0.11463045288430213,-0.32333423004943146,-0.13592323609246326,0.8969815802682061,-0.06032505909493537,-1.2597070273961857,-0.5091859680848535,-0.4895463884382869,0.14927198619948495,0
1.1166408722312273,-0.6708712013685527,0.5638684318314086,-0.40312489434700677,-0.9200610164369593,-0.22670395265089932,-0.15211528551765818,-0.03151274388319011,0.5858825304556284,0.33295378718323904,0.42466316164905543,-0.4931959152932926,1.7579396322706535,-0.43912502687808247,1.4002007772732714,-1.0150640037533143,1.4543395245095598,0.9543309445987009,0.641449525734772,-0.38980063011072186,-0.11518529745501906,-0.15276901450003544,-0.8535282536679947,0.4135983372388754,1.2225186048920438,-0.15454509015312898,0.2488283831611222,-0.21606427495062272,-0.11926468915573281,-0.2857587496615858,0
-0.3390773330132481,0.727471946143237,-0.5074685293201349,1.1325439396697508,-0.060796173419067,-0.07049261801651131,0.25196835796808537,0.30517804028747475,-0.15071152406719437,0.7271193445154667,0.538593865235647,-0.7988533479703653,0.7660224139305961,0.43654035486045245,0.6061914207478164,1.6214940638690039,0.9128201177425648,0.21445929152458673,0.5060545017344842,-0.8643020681845835,0.076664469513962,-0.01819001987326106,0.19207285078608838,-0.1523677866795269,0.7302523237396054,0.3700898031370097,-0.843106630426356,-0.15420018544326936,0.06450355830446405,1.0234623513739904,0
-2.01960924927093,-0.7668120051358177,0.009409440071595518,-0.23233117420502303,0.33096467859735124,-0.0936074704306574,-0.5211981736153877,-0.3574451913272436,-0.1986376090800817,0.31562338893698094,-0.6391370988666042,1.0942509626425376,-1.4273383555060648,0.21877283452452775,-0.899654499172723,-0.045311288795448976,-1.3680211434128513,-1.3863969798400833,-1.45425655457615,0.022456405327887133,-0.2589764863753052,0.11845645520830014,0.1019062290050675,-0.4109412339142391,-0.12556608199979594,0.3005634111075368,-1.5065195065480903,-0.9259498043477994,1.7697934436163565,0.6180787313231432,1
-0.6122322238221743,-0.9386731803865949,-0.21390093206849065,-0.7790523446265005,0.9365536681171244,-0.23465133418044723,-1.1337635569129367,-0.9860530144593547,0.39933023007553126,-0.8442981272733496,-1.026219300340321,1.3966631164114942,-1.2621880992788397,-1.2603904146515137,-1.2886419199351329,1.3691440086263453,-1.3970133730663181,-1.486858763924137,-1.275194264071103,1.3595593686204885,-0.07299118683779302,0.3275665928700719,0.10050535749648594,-1.0078937696571395,-0.7937201055584665,-0.6889435723810614,-0.37131657721645234,1.7703349011571168,0.6810037799902106,-1.197700719412482,1
-1.9539800871964332,0.4350227216288459,0.30041477592973975,-0.6997734453336266,0.7772328318257137,-0.4025184335597373,-0.8178356033950939,-0.5500646066167316,0.1301189356326146,0.07752630010557429,-0.742571082892858,1.4396964764140165,-1.1940187030351894,0.651779845588194,-0.9331166100319642,0.5609183001005406,-0.9345809809595764,-0.7102230626695033,-0.36570197824799017,1.413999571978542,0.412688385593662,0.18225856624161985,0.07045365129553774,0.608152472208419,0.2200304448667306,-2.6042476239846546,0.6528405397924534,0.6871529496732467,0.2919027352364477,-1.197700719412482,1
1.4413430377721745,-0.8764803575746867,-0.2002508631152959,-0.7152038693964534,0.038719799517492305,0.12137340430793732,0.20221429991425072,-0.4828650128260706,-0.2871849865494916,-0.8101112336753234,-0.7662793849794316,0.2233390996814562,-0.7353136595128374,-1.10304290652819,-0.25561102842979794,0.2670786283444649,-1.0898778064186254,-0.8322749490245651,-1.4009198403270322,-0.4795842440441693,-0.29085384839638173,-0.20789894471332243,1.2967370794378572,-0.22675001456120658,-0.4619286493072564,1.3914750035430536,1.6216643153808357,0.8283653407221906,-1.8579332421895758,0.43512583711453723,1
-0.12737608572087328,0.5641128022517645,-0.4830793102822773,0.39565395005099,0.31080094596382807,0.26613437899904874,0.3103488189391808,0.7112955936879017,-0.20905456572699838,-0.06284163222961996,0.8262082820826706,-1.160613872912818,0.6286750634091013,0.8462655784509868,0.8032961111673821,0.2822646778069545,0.8660786342865205,0.2054592372215458,0.10977290511081712,-0.9235296426051817,0.38851832156610366,-0.047261792112477954,-0.35167997331293993,-0.3767653407453917,-0.23978278893147434,0.8658971171567106,-0.0067027280479865945,-0.274881313637602,0.06425143702223199,1.3520003235318239,0
0.6856346863753505,1.539024099772548,-0.5267915675476635,0.7444446753011984,-0.052085927511012875,-0.08503942035334727,0.4391893695488374,0.11154029691272409,-0.10807728410434962,1.5235481008766938,0.6269135481442633,-1.2872248840228684,0.6959649267652007,-0.019182615218728532,0.47262961881087967,0.9934808341172963,0.9216588361831214,0.19451565675582802,0.6840638939690327,-1.025922024262564,-0.364305149728066,0.004529467949036428,0.7788834145012867,0.15875898776037345,-0.09966609293518881,-0.5804836195526869,-1.325878011822047,-0.089057364979993,-0.10375215655157075,-1.6230553716641472,0
-1.727329630117817,0.8988497561806906,-0.4166454135890355,1.0451666935426371,-0.49725185093371127,0.03720834557355964,0.3810151070610193,0.23341504617422143,-0.1385653344411577,1.4668068379334278,0.4083494105270415,0.553370093877071,0.021061434164718135,2.083918805652512,1.8105742766063748,0.030822773202926944,0.627995525721926,0.542260085584156,0.32936601553831163,-0.6899790248632407,-0.16875031581575278,-0.0755912934153972,0.2709273466230212,-0.017463234632096848,0.46057581961229677,0.046985796847109525,1.9032235605270307,-0.2668686192804467,-0.0768135217474564,-0.038970872650187754,0
-0.4056697507663255,0.8479334317494742,-0.12672696405124345,0.35751915698142733,0.35158534528177227,0.3514774911955402,0.2729054375546038,0.3874396850057517,-0.0952084621506947,0.04879275644107634,0.5020347125969774,0.27387171792809667,0.1363875405557052,-2.2499073911848884,0.04591323984153553,0.5545440195470608,1.6115560132320683,1.079817941756242,1.2339574480833546,-1.6230372995925995,-0.34042265551229983,-0.09545775681571024,-0.18063708282901414,-0.07208843215705671,-0.13788318411758185,0.4731668095282533,0.14236703335636589,-0.17360103182939646,0.055547493219674234,-1.6230553716641472,1
0.6268587870874935,1.6781876808564857,-0.4082016925510729,-0.1605609603249929,-0.5745046238500424,0.49840419556541266,-0.20043457882163304,0.660628981625486,-0.23681617028059612,0.3139006121989127,0.7403967935934168,-0.22859388164048405,1.0245419065269592,-0.10717725062265031,1.246693047014942,-0.46560142518957537,0.38797416190061623,0.22347321151259475,0.2587461965669953,0.13709377768292016,-0.2237654628385353,-0.02703040190789767,0.3647228918847198,-0.13262469938455176,-0.7392889039942943,0.41146044665233,1.5148267074529664,-0.3333853776843934,-0.2558433072656691,0.4091257190038083,0
0.032969430769295656,-1.0797752089434838,0.5257900861066288,-1.1123482655405386,0.9610887195046705,-0.7171786272803292,-1.2510455536239369,-0.8663525032865125,0.756490194253117,-1.3297446621772833,-1.212607419372585,1.4091585355841838,-1.20359761225914,0.2785243740893268,-1.45055389721217,-0.40414904098945253,-1.0753304584004169,-1.3190120019420077,-1.0708225761030439,0.4497716193046202,0.4092779145620198,0.3021160279423138,-0.4928222713893758,-0.0038651887813328798,-0.6453063628750202,0.4654297758611642,1.9253167043671406,1.548274162082342,-0.599698340290516,-1.6230553716641472,1
0.14073718392098247,-0.4486101329514074,0.5988027189623231,-0.1786057338005961,-0.06123691822412057,0.38760048802698516,1.3893010189077333,-0.29131744654849323,-1.9451902100717322,3.3625897247321817,0.73460720665486,-0.3399914775090696,-0.24882970379810299,1.207196207568734,-0.019191724613247623,-0.9326674214744416,0.5774496579487481,2.06771534443668,2.005859401960269,-0.7156411587590085,-2.5287044056612498,3.079201468625084,-1.954536744712281,1.7343521738912002,0.19461753698026532,-2.153087366580454,-1.5984307458355167,-0.3442737295687403,-0.34216827661600896,-0.40643633002793766,1
0.8696158373372992,-0.07486894242149195,0.015649193647015697,0.0823063338008806,-0.8248898692525317,0.3922249716714248,0.03701220081694167,0.5260646653751849,-0.023847587075059514,0.2346949543415268,0.32308352870301793,-1.5538701464494893,0.9858663606293504,1.0652995058404116,1.141876783869854,0.3667518595826843,0.3614692483939184,0.3154366272131631,0.4587818834630634,-0.09415404023335565,-0.251607372822473,0.07498344530554973,1.0809062110773855,0.0017028718140369634,1.0454043761588743,-1.0233406562650178,-0.5478158167926983,-0.026417700168222088,0.21230143221421247,-0.3620975266988493,0
0.5596179265851668,-0.008061483718848253,-0.11543535183996032,0.3244456093620746,-1.1737737342780166,0.6736971774543552,0.948211470617235,0.5734946995598684,-0.0075274795437985376,0.44810285670792477,0.5379022730048713,-0.19061534212560408,1.026617135035254,-0.49006960895957685,0.9236532490244368,-0.26219630804120964,0.1619836397554789,0.4221720360974577,-0.35909256821964824,-0.777743643474269,-0.13350930980960785,-0.1667186759642057,-0.2915003916792267,0.058044437335561756,-2.512736216157632,-0.9827237537439015,0.45506547777974127,-0.07714650534782816,-0.38334765254045194,-0.0059561406770960515,0
0.7703518957247156,1.506600542219412,-0.22808353943776366,0.0029291732544511353,0.6354208816327033,0.5303225323845321,0.08108435069493349,0.7021773059553187,-0.2103876532262902,-0.12605269900350785,1.411515895767933,-1.602317173443028,0.12140403145093483,-1.3936483609596457,1.1710684285166577,-1.0546285727028524,0.5781042575090921,0.30017885811745904,-0.07330478824670437,-1.4909513103302388,-0.40088307838009984,-0.03761858793900375,0.21603440066053017,-0.06895120631858881,-0.10789664368594334,0.44538384839474654,0.3397839672775512,-0.28700050223651374,-0.19210477566331222,0.5856676174757489,0
-0.5861465238100437,-0.2872358082750654,0.12397692084918883,1.2509511685364256,-0.31164780254586655,0.2123659524296153,0.928147361105897,0.22413808531107907,-0.5802984092025218,0.8786930352759106,0.786443320483052,-1.7471247194428141,1.0060308129539066,1.2886758259513005,0.3283422655395201,0.0807018934849631,0.279514947747502,0.35650156102290076,0.5780500096187148,0.4324439811612793,-0.2787340274577507,0.729531833394689,-0.11578002021178375,-0.05608905932691254,-0.9643400678665156,0.2475447193970744,-0.2587132993019578,0.25048720816836945,0.5282675884737662,-0.45952257472634306,0
-0.1795694480097559,1.062079111195606,-0.6091661374612547,0.5100083139282986,-1.0348918048627813,-0.0032668795845226684,0.09605894900614591,0.25876029141997925,-0.16618553518264018,-0.0698661320496422,0.9792576268371079,-0.051308863753417464,0.36059552729617295,-0.4358847119090417,0.7594392789967404,0.018144677610992362,1.4990971468919374,0.40066508090370107,-0.09516692747139484,0.48973812148964657,0.005093915222754317,0.0034242468251384187,0.4136095038109693,-0.19692452286364476,0.025874386279805036,0.9049355606981073,-0.25923697086322095,-0.21252289807947036,-0.06705114720630037,0.38328596685426675,0
-0.34644171622351294,-0.3316401138191885,-0.2672508448347268,-0.11136839497163506,0.35190842600212763,-0.546652345019603,0.6728362446143248,0.08093476235086794,0.09441099164854826,-0.24408272372285278,-0.4802601319375334,0.47502794907981327,-0.49321649502687953,-0.6998148929607331,-0.5955027697427211,-0.4713608020390729,-0.6654430742410111,-0.43188650191527567,-0.11830984136646261,1.6959439639270049,1.1943602358434375,0.21097732501194577,0.2439940786093414,0.9052841706411344,-0.2891655107454197,-0.02027043688995699,1.561077202212209,0.17110650397700647,0.45382259859782215,1.5443831248623734,1
-0.8010608165646403,-0.20811439527868208,-0.6969908984245573,1.6208361265579527,-0.5329510773653177,0.4620397221247721,0.0735526193990096,0.3818933199617813,-0.1094534615560028,0.8787341429684014,0.24596643233968193,-1.834311333074854,0.5549475622100483,-0.5743251446770944,0.41979020052906035,-1.3735881513378647,0.30560162580877015,0.3879169961523279,0.11171959246824154,-0.24567043306675665,0.16204169542699312,-0.05766569907796855,-0.02022293666381517,0.1427272570053358,0.07462423507672061,-0.32006493947664005,0.655085684481369,-0.14568994194659043,0.27205440246028434,0.8077353121977895,0
-0.8457485594922817,-0.2535284688843814,0.2102641772797149,0.06968840098429302,-0.11662275089945696,0.12792501813318688,-0.2857238607949716,0.010670186773185536,-0.2727037443341964,-0.14560965457057956,-0.28074464608311706,0.7519205678317933,-0.5434581880765665,-1.051964903142612,-0.6652037537270657,-0.2822815300919776,-0.45157345873436755,-0.6312004803507222,-0.22561549823793822,-0.4637075228903889,0.16980979060244603,0.3303590158728766,-0.08206643557156822,-0.24634462271639584,0.17904347666307013,-0.02630496332515886,-1.2944306424493595,0.3482004926916486,-0.1620822220875719,-1.197700719412482,1
0.3531486322956687,0.7293518590742218,-0.049365142748660176,-0.5591675231070814,0.16402957024950496,0.08830663873092315,-0.7555116044784357,-0.019579953573145983,-0.12766365997252327,0.6685816702883898,-0.57154794964998,1.088624751212231,-0.8178823125665278,1.3252178220320165,-0.5740689438356553,-0.7915689223982337,-0.49383201343637845,-0.24047254886142505,0.14630630192559352,-0.02128055577726345,0.37719443474849784,0.05765084272839452,-0.11943596876020299,-0.2110803583914769,-0.5252909542541891,0.5214310018067894,-1.2570472484492907,0.3914229559923082,0.49208362745526946,1.0351872839813505,1
-2.12373973424608,-0.16190479877883024,-0.10812248660139087,0.0763899895977935,-0.8872476728854136,2.053376983227264,1.9559424635675513,0.18917622896860486,-0.553938531743672,0.6882967743087335,0.027631755174927955,-0.00043059150763434105,-0.4057672433804323,1.1922192153815112,0.8508060853632644,0.10234733674558681,1.0344863184359363,0.9333389338350618,1.2568408167584875,-0.346634138750028,0.5186177124259062,-0.6947034393397632,-0.12250870467680249,0.29987684079357924,1.6448211371135224,-0.30791954868724464,0.4163748934961064,-0.22862513680345922,-0.2115652647428417,-1.2746217292062307,0
-0.13309834043902743,-0.2378325902265288,0.24714977344184452,-0.17452479551943975,0.09805730385506665,0.3312832911867982,-0.22076778848958947,0.047478978340367545,0.09608986232735016,-0.18997335799323295,-0.6074734243138532,0.7045386686061523,-0.41171854994964463,-1.8055957280729122,-0.8990480118550751,-0.8752120976648641,0.024805036477350106,0.3046701019498003,0.5720826828172031,-0.9956134457074448,-0.03413098494986007,-0.030445718965870495,-0.5512853028733459,-0.2097412841733053,-0.8217157494855432,0.08741115563570195,-1.09414725394729,0.21933911024198285,0.31740200881751157,-1.197700719412482,1
1.2364247226252434,0.13297609246086517,-0.06176746900952923,0.47765574133047917,-0.8562449347406587,0.5335706050927407,-0.31197284246507484,0.8895316578701105,-0.20872001295952977,0.3325432133823407,0.14296169569793007,-0.9742807190481232,0.2862359321301375,-0.4658973334683433,0.3270007227874616,0.5054594266075769,0.5400941981366579,0.5288743897590514,0.8167698041051494,-0.6718929762687424,-0.22619677258559134,0.022294281146437615,0.7720566111787529,-0.3260579945882146,-0.07940480985668823,-0.24664099822230012,-0.39893435125384324,-0.014218974614415245,0.34459492561718824,-0.04092709694741128,0
-0.6222452331436846,-0.5523840356989604,-0.3980482561249986,0.8076428075876949,-0.4398590101081977,0.5076845606853402,-0.4451730006764469,0.5786741755772701,-0.19551916403825978,0.8763726721646485,1.0809035553075326,-0.5389221013931317,0.5895784980002554,0.4455702167386709,0.2553006250509422,1.300397992728599,0.7544635482860398,0.3671659231225559,0.11307409638814751,-0.1638309160904,-0.8857657058126682,-0.41741058849048246,-0.4671048482916985,1.3084495812710963,0.6667499212202147,0.6227733243435207,0.37701631725723933,1.3338143805199534,-0.09491789767103526,-1.0005491283496541,1
-0.46768565998119316,-0.26415367121176775,0.049138424976308936,0.6701992292061134,0.2207753660697005,0.0724567051280679,0.9618802907492793,0.10883422497441053,-0.15317078926443187,0.16768741756949532,0.6401080636956226,0.5436134064602075,-0.2617031934328192,-0.7006299890037205,-0.3630126030234414,-0.5604818741461188,-0.6626850446949725,-0.382787926318754,-0.7738861760722453,0.390402989577164,0.29224195237835204,0.033024620365344634,0.37699807645944766,-0.10881103069163842,-0.4748126778188695,-0.7899184830815946,1.8389735676280687,-1.0226894417557397,-0.8231828714367843,0.07856848676745785,1
-1.138801002655326,0.3514186616842571,-0.6390942689212902,0.4113421752164946,0.4118969082327819,0.09522281920506054,-0.07479249161709674,0.8874856819634132,-0.24408975551989778,-0.1612127761683656,0.7996551296144658,-0.50430850326519,0.8664908538699304,0.6516661546031195,0.9326599279087947,0.1233126761969948,0.556025079111999,0.3217907435267229,-0.07767913664019263,-1.3132499088756575,0.6324503717257486,0.024776999598194314,-0.17740650375438513,-0.4270005106356914,2.0392733371114375,0.7289509353168939,-0.05158027059506155,-0.3151393913100211,0.1317636909467401,1.5253838592182245,0
-0.5448090994478066,-0.2164325148360518,0.06189947704644162,-0.17035737457365438,0.41507968039378607,-0.2924703902986946,0.20053704806836134,0.046654817177180154,0.06174126827380861,-0.5849046851630304,-0.36887916490616124,0.6408614767052702,-0.5229016402119249,-0.5233602501434246,-0.4672037258567265,1.1099667260615225,-0.5599116536770635,-0.5170211312154785,-0.09667909567347262,1.340006662133198,0.7833313597978802,0.13298553371386912,-0.21088434886824672,0.5315933073784251,-0.44093175423713576,-0.3422142294022787,-0.6187852176852786,0.2847931706282824,0.44050413723868304,1.296165187448167,1
0.30810517480066635,-0.11188453335291584,-0.16329224565003975,1.657601669836228,-0.28691382062284393,0.8532030182877839,1.7431715159103547,0.4984821718896269,-0.02894336359616421,1.5025380238785124,0.37938585325434987,0.03993852301587202,-0.2297397523997297,0.550390059955704,1.4777693651700017,-1.2127416971607201,-0.1739960872332064,0.9540665047741268,-0.15744756966530027,0.271818787757967,-0.04055403627100946,-0.34559968473636243,-1.0380609310852278,-0.09137604371822225,-1.7696544950189277,0.2106857604480514,-1.7932153613389255,-0.1036183031849809,-0.30724879258523347,0.11911205061954563,0
1.2565301301165401,-0.7285746583890286,0.601173918508845,-0.9566500196806067,1.4690263067096019,0.0028026737576051695,-0.7216808428201147,-0.35383459542336054,-0.12497271138865282,-0.2866340918788896,-0.1544751436141696,0.9945231748698721,-1.2300260874456261,-1.1088567321911849,-1.6587627312977078,1.408017441703789,-0.8861041773741928,-0.6493278400961151,-0.3327748111268718,0.6220684678888664,-0.2693954666948549,0.10914533179564175,0.548484188367447,0.37007307118471994,-1.066554244301332,-0.6384191030611808,0.7151204773191612,-2.1411606332630484,0.8051800518159021,-1.197700719412482,1
1.3976175249480884,0.5054964723975903,0.49947878556319514,-0.8160557593902962,1.1989254322130956,0.22187505053885237,-0.9511142340452012,-0.23588280193728764,-0.03675867213706236,-0.9979886032435445,-0.7330085778494148,0.7750623627775048,-1.0394835880283095,-0.37824840084698275,-1.4047275752091284,-0.8245851389776009,-0.6647415032946155,-0.6542444746683209,-0.553338349899495,-1.1083652058385425,0.4177362256028263,0.13272327191434552,-0.3499937752127733,-0.19621462334960804,-0.9151128817997793,0.9564262551016574,0.4814776515024372,0.8934652993812293,0.9279536720413959,-0.5934288209336378,1
-0.6433459831587334,-0.37737047559970677,0.06745767327075472,-0.18954652407149722,-0.8898886070549751,-0.32648193725621405,0.36931518897905613,-0.279591396662297,-0.4641966373649994,0.13715101939548005,-0.7544339681928729,0.4190405498205907,-0.26485230757288863,-0.19215567067109696,-0.4797891769296965,-0.35808037492564315,-0.4815113426782074,-0.6222347777131992,-0.1308934053168765,0.438202575066648,0.6482623497490508,-0.3588394173661007,0.38336130202466995,-0.6195489648330501,-1.0355834448274495,0.10166469203012175,-1.8214452579892377,0.5035625304582642,0.28417196762442537,1.2831545766207149,1
-0.8600124654003876,0.9654651290090417,-0.585719101953232,0.39034367763153177,-1.3918715947683558,0.1453418795366797,0.3173754417249654,0.36656611587281207,-0.15769282159060086,1.6605806007973491,0.15593431080793557,-1.2243990823444193,1.0138490430186597,-0.032166936754872456,0.6348304744614454,0.8523500183700975,-0.037564120352500986,0.5039496696554492,-0.10554328489875861,0.5930816620653717,-0.11602726790920595,-0.16781301028149892,-0.39067597922118596,-0.16436563738505694,-1.2103929465832046,0.8653368078393336,0.08608925217179463,-0.18124044665450892,-0.05463657952076913,0.525592861060068,0
-2.174973743142333,1.0189551390812839,-0.573012588343568,0.9191001737479794,-0.8519334219408254,-0.10416115510322176,0.02058967026206648,0.18993033068281506,-0.17010335663933351,0.6669693112265873,0.7576336122733307,0.46659510052768466,-0.33796690679906455,1.031003287422151,1.8207264384062833,-0.5910105866077491,1.5629932626530036,0.7181812462449574,-0.13594056441476238,0.2563983757161057,-0.05484473469315312,-0.15099157426112675,-0.4606786828094094,0.09713796025934153,0.8511467271190643,0.08609745110205105,-1.2502002509068186,-0.22283438444036008,-0.044715747981940154,0.350793899166488,0
-0.7364063324563547,-0.2715413029756966,0.09946421733364037,0.15984794229081215,0.26023333252740555,-0.498199647180732,0.5322717707927874,0.31444255399740023,-0.027663905831468834,-0.22243140104874526,-0.26280715275238153,0.28510532959755525,-0.2777526334430264,0.4815814995891503,-0.4187953147908836,2.2122778146098736,-0.34688765588317544,-0.20882648149442024,-0.26670815958183053,-0.11014022590300937,-0.12124040572047812,0.09023064841648745,0.5890852527090523,0.1496390179414687,0.9547024120110548,-0.3708598556054629,-0.4462030800484479,0.2449071311918503,-0.011151621575298446,1.4173204293879713,1
-0.6568673912349573,1.0570673343484067,-0.633617490773734,0.8244087422121467,-0.9702436294083412,-0.15948835548029006,-0.0428481376655508,0.17286609450459464,-0.13020220403175764,0.10325094401584047,0.9909905847486596,0.039099535945784386,0.06806440727121887,-2.2923162546008964,0.95890699781093,0.3739492746939244,1.6812731777067547,0.4764501680778298,-0.15916228006368954,0.42246564774129775,-0.18341924705195162,-0.10931499335086252,-0.42069651147562676,0.12910897284198933,0.8426584314086264,0.038746485168512174,-1.135960803653695,-0.20270483627677313,-0.04966298163389785,-0.46484160228764315,0
-0.8644014807457086,-0.35735730427795726,0.22270994599028152,0.9120052763953439,-0.2949327963283571,0.11697816505495787,0.32203295605884613,0.4524794738238517,0.003773873247086865,0.04322382542687779,0.5450527165142243,-0.7466635529669805,0.9930711048005955,0.8729076846448641,0.9599053303197108,1.4870564907475727,0.16804301400968016,0.5469380330476035,0.043575439863495886,-0.11898595840762212,-0.13361874426926232,-0.025797617848069696,0.32418950293008875,-0.27739652872443876,0.1745408826552995,0.7001680183296675,-0.5637682977767448,-0.9892554621144343,-1.0517628891227535,-0.18284572481915384,0
-0.901182490217198,0.9066364606897969,-0.3761177186011729,0.7823875306283437,-0.367662868932492,0.09579254427183896,0.2759509672268858,0.3395390637144437,-0.11824374474607428,0.43173498330969096,0.6071722548523494,0.18563749352648393,0.9484762314412373,-0.9910751959611221,1.0750481958619822,0.7583569976793372,0.5582347002635967,0.33887233300456343,0.04857893270819913,-0.43512555815855813,-0.2887902904860958,-0.15299882539560872,-0.5263431032388096,0.14155525510501274,0.3228062516353288,-0.027856714311929865,0.18603891163098657,-0.21795014526678252,-0.05729298398779674,-0.9620665540978698,0
-1.2913136260269702,0.9631911448841607,-0.32702063581663704,0.36322492765458503,-0.4810622937193513,0.35246167432471104,0.22636920152441664,0.5396500508075357,-0.18402235118215116,0.17920461787502984,0.5987216629336921,-0.11463586689317483,1.4893250372369808,0.867297471003417,0.9089608180093421,0.005116948686116828,0.7166714347432618,0.18344796966745924,0.15862815007702988,0.3150944557463699,-0.038754246462678325,-0.21945225091063586,-0.9609534595013635,-0.043879352484268705,-0.8575453175485827,0.5075740149334901,0.3226950426368279,-0.263940808696964,-0.0700075359205321,0.4459123264482533,0
-0.21230353368894833,0.9448411652492925,-0.34890603401135895,0.48075969041949296,-0.17812491152970722,0.2952580867518324,0.48936882651790714,0.4003948333946312,-0.13892366196448813,0.5688486079807704,0.583689698441909,-1.3334005288841562,0.29320178802459596,-0.7143332413686139,0.921138933889897,1.5690732852804288,0.5208676877884172,0.2849307191541617,0.20512745066501842,-0.6598020141057326,-0.25377615391482833,-0.0707537649648777,0.05653952726223288,-0.20476537507850032,-1.3196228215793626,1.0033267247204503,-0.4413270743620834,-0.16892159020331943,-0.04361221181478021,0.21038923218830902,0
-1.9870100291019397,0.8075161396061505,0.17940032142649512,-0.5824702576955846,0.6254409960446359,-0.13039689742572513,-0.5384340233822884,-0.28303074103646164,0.04728751943301556,0.720861447359758,-0.4811939579508036,0.762603011930207,-1.0495365537182564,0.18323043333469283,-0.6783886125368093,1.9896767389300953,-0.511053917885348,0.07701222676619053,0.05662472247310096,0.6251001824219041,0.10300221329016343,0.03697043888659329,-0.0937680059924271,0.6539297915017726,-0.672699406177893,-2.749348714948642,0.7140311204294527,0.24487156076947314,-0.026276964692233635,-1.197700719412482,1
-1.0727418885591569,0.9069933870648819,-1.1061369861302508,0.8719943647013487,-1.044505439857178,-0.32382287999104936,0.28675183759709605,0.09984186295987764,-0.16009913114875998,-0.03147371764556619,1.1479360863706098,-1.4226878019258613,0.22469441402508836,-0.04782435829040953,0.2600351521827115,-1.226535613649609,-0.05801064532857752,0.8779789042972833,0.135646083120177,-0.030457255912454472,-0.156070946323584,-0.16072856332852697,-0.2497900529232678,-0.18572871089654808,0.7736400504585409,0.6381592893067347,-0.24058279342289443,-0.15954845519339667,0.028258477534379236,1.0984311371729707,0
1.013450998258948,1.566604683268625,-0.41222891622575825,-0.06612796212514188,-0.11461698307309219,0.44978505392876483,0.2165773728753806,0.5391363207288129,-0.16484623522889966,0.5753353819919502,0.7790004569548773,-0.31786270253674537,0.5818178414236024,-1.949857054321908,1.3406812654738571,-0.9711667547560283,0.2057951584685626,0.3272486517044067,0.3355802236005825,-0.16466872299585025,-0.4104234540092639,-0.05291757345178719,0.18549920969570918,-0.017005747621749306,1.3245323276950487,0.4974205176481894,-1.2240953546475282,-0.23384840651540453,-0.19481622823731484,0.3791469197435909,0
0.9235090839107147,1.6004223806458262,-0.5489768122947397,0.3982238646739643,-0.41422133562023666,0.0007114371240458582,0.1809300464401031,0.22629458139835593,-0.16845242349034426,1.2547931700940929,0.547960511651295,-1.0501660178477785,1.2946910878842446,1.182325348251995,0.4190068369459816,0.27524255580603885,0.5565211059965771,0.277598445998547,0.16475693866603308,-0.5075965431147368,-0.20516907026449294,-0.002583133449677393,0.788355919018461,0.07594273297846633,0.14057696114017085,-0.4494735235775044,1.4017456339713865,-0.21209682878418226,-0.16120528272535767,-0.07264906301633633,0
0.10221157231289552,1.5451656061448074,-0.1040217615956487,-0.12526612252203853,0.6290619399563712,0.9703581534650231,0.8516144492034179,0.47904213939212953,-0.12479933991651253,-0.11562943471910316,0.8211558244521995,-0.37969435706023413,0.7317216181854423,0.7229250131777601,-0.14996550147431645,-1.8269755104481455,1.6978669812764573,0.7128294716923037,1.2187095862530117,-1.2299221386702215,-0.2034101756655094,-0.08135838091831424,0.15602095045705297,-0.136698769014687,-0.6863681286422799,0.49401299712949903,0.3683330358149715,-0.19902572920386974,-0.09127432151379228,-0.27409092946311814,1
0.834025639336444,1.690696790683237,-0.7057017607706728,-0.1790929263198736,-0.8160702132802948,0.26526076409265537,-0.07796086876851323,0.4975712596444747,-0.23454665588963328,0.08294153941514645,1.042369557439592,-1.7029585849126803,0.1949151293007315,-0.7821301882523307,1.0119257927867966,-0.3233861724095737,-0.3338730720244219,0.45176160779442953,0.9099772765562238,-0.6406418532664034,-0.5693557137229215,-0.17775532715666864,-0.33576792190625593,-0.056104097894358836,0.9591168453577622,0.2607720809257781,1.5154384429654457,-0.3200426636800092,-0.19269527626746474,0.8733667454994898,0
0.2033704757114725,-1.0502539384381628,0.9575634476003283,-1.1603876024516406,1.7098547909908355,-1.3652229230058086,-0.8673194463544468,-1.2655331302629758,0.8720546275741428,-1.531225634425426,-1.5715985785551265,1.5829308503679238,-1.8916536476273713,-0.048530720014804594,-1.3994414393157273,-1.7959960975710199,-1.9763475239758372,-2.2062345605806244,-2.2537126946194554,1.2256809110910956,-0.1691121539114653,0.5737472401265025,-0.3367227055337499,0.36518506471313394,1.354648981716275,-1.2054781331173423,-0.5515059466371198,1.2540186359473076,0.3386060274812242,1.1877294285681903,1
-0.46097040151639534,0.8317135264261598,-0.28199698809032897,0.6100447769990627,0.2272912780588168,0.34272785071663775,0.7179246929261824,0.40576772438127623,-0.07916580456015863,0.003082959888751766,0.9870427474415725,0.03586052407938775,0.3886348609878118,-2.016249722635207,1.3435979043451916,0.3162226155244999,0.5305538992216401,0.3843135549755602,-0.04831412389873294,-1.4072352059588875,-0.4106880000396283,-0.07106591018647297,-0.042797328833806554,-0.02843610688084089,-0.6433826733247965,0.47083557998686015,0.09584472188746511,-0.2072152217681295,-0.07421339014477693,-0.0164021981735511,0
-0.0029120914034157057,-0.18792343096556643,-0.10398485494000698,1.1036304359627185,-0.6676240134388943,0.46137251240052873,0.23107115792027427,0.6264055773038101,-0.0612690873299561,0.009874917815070394,0.18031774384593172,-1.0072670024068535,0.9795356377499636,0.9664976220449633,0.8167391035024575,0.29138945660999704,0.5895918524296258,0.2665114028372465,-0.0059431806521379315,-1.5443356426210832,-0.19370512958960298,-0.029465826753972756,0.1017519360404566,-0.29098927216149556,-0.49766840827900377,1.319136046075639,-0.9252098028947345,-0.34601964821441394,-0.3503295903656133,0.3688386341438748,0
1.3435120464879686,0.10914446777156787,0.6914319006016209,-0.7012205543107494,1.2191625282392322,0.9312422682234012,-0.45768811001323356,0.1411785928666051,0.009574802943018467,-1.1815983416770122,-0.48263227583209606,0.9919399199132563,-0.7072591822632417,-0.3779165947394936,-1.3067698596154145,0.6463783151350341,0.2755059010773756,0.9868289870086513,2.2699281943531773,0.32532850704604216,0.42349177211506694,0.003265294321285574,-0.4432984839596866,-0.28627874520379415,-1.8423756068681816,-0.15012964278632088,1.0747216426015882,0.26186321352625785,0.38722855062490635,-1.2711980788469621,1
-0.6011377740504572,-0.9676316035750369,-2.117825887532351,0.47913124559129966,0.04988380648706236,1.9640313544409576,-0.9087866640091953,-0.06681633662361101,-0.6630975815792804,1.0631920712034715,0.545527415115284,-0.6326725552811103,0.1811199751100667,-1.7474825471459388,0.2889599603136926,1.6067932526885105,1.3705947278655086,0.605867546679874,0.2478707750157902,-1.3049269982944698,-5.215954646361943,0.30152494049125683,-0.8493173998093638,-0.6206191865254079,0.2363248345567169,-0.40209714883302494,-1.0657430701116262,2.1960200753275982,-0.2743411856131102,1.357219247523499,1
-0.831834505661315,0.9037639609639293,-1.1948696463492081,0.13044531773845794,-2.0887955439373815,0.42448608506836855,2.0923477381940216,0.004831745585947642,0.027270849058684512,-0.3703896303756872,1.3140343603761344,-0.7098925717706477,0.09981492977273998,0.6552421291915979,0.4813877441288706,1.1737226438456894,0.5545642085066337,0.37585284690251586,0.8728083842885119,-0.3340434038866378,0.12642265009530212,-0.08249746898926573,-0.1885863610448675,-0.22931911437731503,2.1249459115774685,0.5853798318640618,-0.2509329161329076,-0.17706601270027636,0.04754643023975383,1.2065580185756604,0
1.0159362711345974,1.6600086736105224,-0.41491725002361235,-0.07381337992549067,-0.4739021565526915,0.406089009165348,0.2533924702144177,0.3774831489489452,-0.13365231486680684,0.8169970847405137,0.501943867791011,-0.22484509228521807,0.40445406442150533,-1.8427971447812022,0.50989367940096,-0.2522630867362757,0.8589597059281655,0.5198741684523743,0.5742006347433192,0.072303355145489,-0.36309811875645237,-0.21540638104075427,-0.8677614065495238,0.2720784981319591,0.23972423592420763,-0.5960221518970521,0.3515829835139699,-0.27025556038274323,-0.16304980288492915,-1.2316569034375708,0
-1.1255898515813092,0.8491872249529671,-0.2631890494315953,0.975289407029072,0.287019460578346,0.23880307943305584,0.7502768341017358,0.36254007515911774,-0.10025570971167556,0.09891086062099581,0.8752907323126565,-0.018382107882393032,1.6316397872081334,0.3702163555110444,0.648911593321299,-1.1608452255709785,0.4808894238644232,0.34749112322621756,-0.09220143091183895,-0.7808621449543095,-0.25259861069520695,-0.1456705984677703,-0.30116656429020466,0.01133493567975209,-0.0062449751600792735,0.5008605481262155,-0.24226113543633024,-0.1714602938816526,-0.045728453551059776,-1.060347622623849,1
-0.7090978473385928,-1.3997670641352087,1.4215437745244666,-1.4359901713846275,0.7415793684543633,-1.377061516580361,-1.6433134577802018,-1.0722389689088363,1.6926381176386343,-0.5966942357143821,-0.8443877813073194,0.4836269312207572,-0.8961160865312959,-0.4037013546099039,-0.9006170343366184,1.0014175963231557,-0.8045273698899645,-0.7804253195467347,-0.7696563149957907,0.17862182211470568,0.6662615171008884,0.24508257509360415,-0.8013731504871255,-0.24359148063731287,-0.0854627013750254,0.8645769048848896,-0.5874503605630337,1.1812892623350795,0.38297806296639764,0.8602705564075522,1
0.3477177879162516,-2.30164033082444,3.435125864484787,-2.1530827725866732,2.0660983941881876,-2.4821143412847206,2.262186910044998,-3.466364992924753,-4.461308705112895,-2.942344463681767,-2.847725587549632,0.8191871469432828,-1.392467627052567,-2.4611265356068825,-0.43147868609767254,-3.6709451108164584,-1.2511844203938607,-1.4114467202594088,-1.6016951229448826,-1.326447797672071,5.356594408847537,-7.549816739549487,5.445416603378285,4.036810276252952,0.07313730367239002,-1.0554621360724028,-0.467197084555021,-3.3114416125533483,-0.9314628329762489,-0.9063504264025329,1
-0.007546009253754017,-0.10385813598751334,0.039703793207429214,1.0451721973985446,-0.7089256106189565,0.3681610691923083,0.6455321551867008,0.4149444266993647,-0.4151796835772507,0.13764289989607512,0.460278508051318,0.12527850044588845,1.4070772661816708,0.6455516612331587,0.4947735043010672,0.3656136144324838,0.6694088908290096,0.4170154984172399,0.2602753996250966,-0.2816667508256144,-0.27807635210329573,0.3778939694745619,-0.8508077574657197,0.12952513481178365,-0.6715875993154364,-0.33757528420134064,0.220143281257101,0.17491161883328704,0.12821802440094202,-0.31163350530666095,0
-1.0898418077514769,-0.3777543516415026,0.5132674394101849,-0.46124333270585915,1.037429064568045,-0.5346412851598447,-0.24735861857914945,-0.7036721789545285,0.23798208146873587,-1.2836849898517992,-0.8560610889776297,0.8332195389792767,-1.172007618958972,1.4816591986162495,-1.1096370680353167,0.8605654225611463,-1.4378968912990444,-1.5651510502918407,-1.4663760993490789,1.5144540383489746,0.8839893708728387,0.43128894276229224,0.6794681600521982,-0.16859261569307935,-0.024885229067049278,-0.15531288353442751,0.757317773074911,1.4598241485719152,1.0955846270440133,-0.3658575947292103,1
1.0344723718263815,-0.8030478689642633,-2.128735868814801,0.5813860529914474,0.9352552671425458,3.175895120005206,0.9333630045724917,0.21959441105578864,-0.28900001399235964,0.3226659897005195,3.3943561032802094,-0.07313421251426978,0.27478627038790215,-0.14798890336155274,0.324399079475975,1.4514270852286946,0.034758365509072686,0.38212959929115053,-0.04641096409224563,0.5833666055308275,-2.714027660682883,-0.3361760096436903,1.588756085633356,0.06649299271026336,-1.277174481025087,-0.8238763703338551,1.204194066346952,-0.6704709164269381,1.4966406214039591,0.1588413962257889,1
1.1561184290810527,0.17896109205060737,0.714687884670915,-0.8056046275935964,1.3765371857812663,0.4357769221126085,-1.102898278989026,-0.05962263508338365,0.022484849057644463,-1.101263880523872,-0.6480865276725819,0.8413658563031857,-1.0138150690267662,-1.6496627674175204,-1.424174767701948,1.4958715207428432,-0.25300855836228503,0.3975654739727013,0.86572501829697,-0.02920383683042687,0.38631840060256467,0.06262699951815837,-0.434952611118141,-0.030879359038448666,-0.6987207794593159,-0.8115500493404656,0.9022165708197968,0.45361037837698787,0.47551547887901574,-1.2711980788469621,1
1.1436477057814909,0.10272904771259284,-0.27828684574305984,0.5452851164092563,-2.0072295344470388,0.527128838490739,0.0917324636725599,0.6964372577336513,-0.27805788104860135,-0.1283318792713053,0.8615942514126683,-1.1276705996097283,0.25730949937685815,1.2888419348250135,0.35890084806602895,-0.21286648078227177,1.0215106969103394,0.3251377905496035,-0.31349498601946596,0.09587773125573473,-0.012114062103158674,0.09424986231704918,1.3110663640036013,-0.4060066941363415,1.1274387223744846,-0.35026619355070565,-0.25819946663208587,-0.5564568047899382,-0.2017340861792072,-0.03734668615448289,0
-0.0824208137601655,-0.12598763504662636,-0.07758370357063986,1.0629314756592483,-1.3159349341955586,0.08207230610733607,0.06965057246679109,0.415895563575838,-0.025845497066900917,0.5829225994944022,0.34144048471902494,-0.8311941938284423,0.5358590862657218,-0.4426484787940444,0.7954806428902358,0.8757734227186836,0.7557223269621052,0.3462831047922684,-0.10989761540957141,-1.230053711919369,-0.13067131310915905,-0.11402107811245069,-0.2341927815092193,0.028375173029949925,0.15068176864457464,-0.4980400774486203,1.4381381807084241,-0.012386541438828759,0.05373346668706193,-0.701866570223621,0
1.3349479567396423,1.6638559544099698,-0.22614714372859002,-0.19742462329276456,-0.2736111600404656,0.4476625241174109,-0.5179615390730614,0.5106445127393916,-0.21876584403278268,0.8488344485903287,0.1594061715037003,-0.49307828077745486,0.291251656584894,-0.5163635130754582,-0.14942554399312935,1.348426950832153,0.9773226454388535,1.2024698018207,1.3290025647966002,-0.8561109064435494,-0.2821691682908035,-0.0533639861615482,0.33727093367863203,-0.07549378614399489,-0.5765884662305907,0.2691247423421577,-0.20985168903602353,-0.1730770749263803,-0.056249812199285265,-1.197700719412482,0
1.316404319568144,-0.35378633083754485,0.7921966173784243,-0.8713125907707916,1.057293199985131,0.6588648030673103,-1.4609766288269859,-0.1375922422552766,0.11509056301644141,-1.2761885692584367,-0.9488525037326656,0.8301179972354431,-0.9682324748047151,0.2827315194049356,-1.540835381372816,-0.6740055083566879,-0.12382824363733269,-0.1922057590803337,0.2272855639444864,-2.1357607371223666,0.2169154490402837,0.12853916769290707,-0.4923669543072629,-0.3436616831253259,-1.1898464986250088,-0.1431636394303997,0.05409093046432482,0.46240069741881457,0.5426510443885825,-1.2711980788469621,1
-1.8748974063677555,0.8869541051895052,-0.46927228211140204,0.8917642389465883,-0.3938188757987134,0.01867988087942339,0.23510280916246165,0.3041845891971836,-0.16797961002729672,2.0515482179750686,0.28034544518582233,-0.1734262372542331,-0.15154586368570558,1.4213648640008627,1.5041569621641906,-0.8108144210804359,0.061451434743882455,0.9488320742730523,-0.22025175564039495,-0.41718097052713865,-0.19699633731077879,-0.1596506475461803,-0.1490586838190531,-0.04289502638258572,0.8705673728381436,0.3595083816707965,1.9869758689444443,-0.27729748666638565,-0.06847606633091362,0.4383180647572655,0
1.1332976261915273,-1.2373992854338962,-6.38560826252397,0.879815263007475,-0.6152416626309265,1.1931782592858584,-0.8459934200397606,0.13464053390463862,-0.14959114851270203,-0.060017253191130666,1.05920033057814,-1.1853269249442426,0.010638149699327991,1.509342863059621,0.11801235111164428,1.7911536091232099,1.2103705926795583,0.27402364257568923,1.366768170641384,-0.23895405878137568,-1.5167496131872797,-0.3330635062813415,1.0776194404166783,10.953736880883373,0.9736429868673364,4.578244187258545,0.6870882829872137,1.8166470025449093,-1.957694327708042,1.5881705586768626,0
-2.0598573555434054,1.0267150590183112,-0.33566780721771744,0.09062284742581427,-0.7293306806459904,1.259674951239473,1.9639124266065535,0.22926730008790497,0.009892010962648667,1.3190015066515013,0.34634181307210454,-0.03474229041271951,-0.3120920012808395,1.6343383764069812,1.5433634035154398,0.5874341861650139,0.9973212260333731,0.49405752487984167,0.5878816293017944,-0.24536206919048226,-0.1000629318948476,-0.2709438161209676,-1.1141382637565602,0.06045923922160329,1.8349136367633245,0.4538625469748055,0.13222399886267477,-0.24227587676815204,-0.032291053912253155,-0.9620665540978698,0
-1.1662166487431411,0.7006408036215775,-0.5993860639683695,1.2468185785471635,-0.036567217184918135,-0.09265251558061156,0.7075238715255674,0.18459220230584622,-0.044752834977494514,1.0705463646128723,0.5685338246084888,-0.10849430754444535,0.5925537290001309,-2.2661490317061412,0.8331586861834964,-0.09461170026801632,0.48157455877519634,0.4069458909964112,0.4237139442585418,-0.5789964362311393,-0.217281817775957,-0.06602015350270832,-0.012138831465771167,-0.04757419996477011,0.27653569144696827,0.16026623517906957,-0.8859213956210826,-0.13976704238253823,0.008757839929743452,0.8603157889948905,0
1.1884010638561617,-0.4127284888705131,-0.16909779706448672,-0.6740790937271275,1.1014839736061661,2.293056311500184,-1.3937880584139104,-0.02096333275581903,0.04167038210680202,-0.8790539033436154,-0.3741497604771472,0.7947992164129443,-0.5958638147678132,-1.5821821406684426,-1.135834844649101,-0.2851344718967996,1.3568407819361106,1.3635509075664671,2.844365972770253,-1.3293633022534677,0.763834444778514,0.06334894869289923,-0.7119197720019363,-0.06311081930663329,0.01965471960651389,-1.260533186464037,-0.044162007961856896,0.26645248290468443,-0.32753708570075457,-1.6230553716641472,1
-0.5433093820570541,-0.05634571472465954,-0.13067746030596397,1.330658926532397,-0.3410300156649378,0.317898052785087,0.1227645092498452,0.676679989904483,-0.16936996120726172,0.2281051592796252,0.4759044130867927,-0.5707226016101385,0.5378557606503093,-0.2930546743054597,0.7881697638578359,1.1063050910646164,0.2091460201624938,0.40679646013859383,-0.011639780771780569,-0.8130521068509889,-0.2917433913921241,-0.02676450133603762,0.342092634430992,-0.07158177390588166,0.7545622051081124,0.11795832266728686,-0.8500248611481469,-0.4057660784380354,0.06659817795496506,0.11084614036383268,0
-0.7844423290330527,-0.1939764873537711,0.24107525032559185,-0.04677103844771023,-0.020465041382960306,-0.11033619739278097,-0.5086973345835256,-0.05935935872107163,0.039639434359122476,-0.4523921593638983,-0.4785853375235744,0.4262269625958622,-0.489845448390325,-0.09595014240891322,-0.527463422898034,0.8201294314818958,-0.6417078766913459,-0.4680514157505165,-0.7615852464353771,-0.30104244070879405,0.10647015693649128,0.11385176907936466,0.09224869773735402,-0.049674081856348765,0.9181570207859701,-0.4218784666051586,0.5911651322912946,0.3299636511497726,0.4483847295784137,-1.2746217292062307,1
-2.2492876320217046,1.0581194869660644,-0.4086229235298972,0.3853337459768709,-1.1382194055483124,0.13928514834750233,-0.21613622610257957,0.4533745772162759,-0.20852932789114523,1.2251367386280678,0.2403371254165669,-0.9465916838395145,0.8221458392979235,0.01548161065511791,0.8784050190142682,1.9083658137745647,0.1736823475761392,0.3090147537367546,0.3797360316267869,0.3344501656847554,-0.2048058773966412,-0.08408041424593804,0.09543179351379898,-0.21538551702428324,-0.20059900149770252,1.3421484191201172,-1.2954525580477052,-0.153243040732426,-0.04196478540581494,-1.197700719412482,0
-1.3480442023454784,-1.931912749098432,2.1606528079364353,-1.9440523502613805,1.125310437111093,-2.2219201347180757,-2.096019505878319,-1.7346696461198035,3.1696218956569004,-1.1585739317093684,-1.3010423570266563,1.3357936505532055,-1.1917680692076855,0.1176621100748806,-1.1890641644026454,-0.026300304065244248,-1.3436012855473993,-1.4964110310368435,-1.414887622825229,0.7693473009320803,1.2518385645971035,0.5177667440183816,-1.049861307214129,-0.37808813566159233,0.15145098485905914,2.1780499361164103,-0.4860453184885694,1.9623877699849175,0.9469079440105962,0.8602705564075522,1
0.8056463450167445,0.3057827738430743,-0.19351918946697433,1.5961541555451095,0.7295466802717012,0.46820896031546466,1.525094120323557,0.22302763979533494,-0.01941827148035243,-0.2962032514354118,1.4130139810763107,-0.6385829424779826,0.6889810226448847,1.4588750307011813,0.4451513960212471,0.5608341831536896,1.22452531207717,0.19487984211739734,1.2890286502007524,0.8867580170017636,0.3333534355626072,-0.0897455233670209,-0.16004177652317123,-0.08314186754364672,-0.6708580846114842,0.5241123055466201,0.7813766759904369,-0.35766486234423306,-0.5870930146502493,0.4608421246552285,0
-0.33074925547307554,0.1309887462836642,-0.3054822334698097,1.5892955123193597,-1.1631010304641656,0.06518449397768185,0.5653613279866089,0.308967449658892,-0.13924687976687566,-0.29781944232635954,0.891068868057037,-0.10963179435257601,0.5847386266695032,1.386028056841308,0.4252570546068507,0.5644595370896485,1.3816989953057854,0.38924561808321506,0.1867724962302346,1.234554716799941,0.22739381844718112,0.07191174926276911,1.0307304752298985,-0.3069061196624813,-0.5059783469425635,-0.4299593081735669,-0.04721513793777076,-0.1548861944186982,0.1829599587574148,-0.12214845866930077,0
-0.7627348791267783,-0.39684962055155004,0.019209523946768375,0.24966047323395305,-0.16919916591885062,-0.10239447548803364,0.036999546921245824,-0.08597139368090007,-0.023440477519848537,-0.043703712921739836,-0.17396800843021795,0.4734769520946174,-0.515489763883477,-0.9213352905725289,-0.3675669648363036,-0.09626504296527855,-0.46762951352183135,-0.8143996196627034,-0.3390512643920314,-0.2238947226665717,-0.06536881972575209,0.16166382847354346,0.5949880352435005,-0.17434559659997576,-0.12033381309615462,0.3263529946408487,-1.058773739267579,-0.5769597897775762,-0.36814590329199964,0.09584169173908984,1
-0.8975193035029972,-0.6145260156443204,0.28667343687601987,-0.4324833524702105,-0.46618338396805864,-0.372623601702271,-0.6784245897984137,-0.27780368696647434,-0.4715666544420674,0.5685495845155566,-0.6711544599547119,0.785461230155778,-0.9544591597577154,-0.9883701276326035,-1.1207484497979443,1.6656476462545393,-1.0614043028535833,-1.0327566021758006,-0.8625922617762866,0.4486921735038748,-0.12562783479364367,0.6271483742201339,-0.4693385915201045,-0.2544834496135797,0.2105570811597505,0.06499483117161485,-2.503949118382499,-1.2058912307667529,-1.94053632491132,0.8022813601661026,1
0.8844652681869,1.6285228229409632,-0.41741335766689813,0.13331510037707592,-0.4535430877915216,0.22780351522762027,-0.002900385279678249,0.4376144045346733,-0.18953534666371544,0.5639220283631732,0.6608770768334524,0.010203123855521285,1.9602382176255322,0.6252102420640756,0.82673348125297,-0.712022292979956,0.41674732005348264,0.2726524484445618,-0.03318690173364367,0.03764612903464288,-0.2701315220629083,-0.16792298277438758,-0.45434189085645693,0.2797631196284299,0.03806416242275639,-0.5857547229119823,0.342831036899796,-0.2605473701288379,-0.20384836347319063,-1.2316569034375708,0
-0.7588973883031259,-0.2401844597188073,-0.15833813520398665,0.9649142667430655,-0.2734070903351961,-0.7889325299617814,1.578881663653584,2.174805716552201,-0.2253835894965241,0.3602449195615515,0.29142155389950375,-0.5237638717892946,0.5206224012457948,0.40344500126072524,0.5042091605855296,1.8705784751381576,0.8451125713701537,0.2895441006499691,0.2498050641024865,-1.1481909345076076,-0.9638883216865219,-0.09470837113483517,0.6797725221368492,-0.1274339521883279,0.8936694261743986,-0.44950021653511224,-0.9194815508606619,-0.11768651203396586,-1.0927531161259643,1.7514572276700782,0
-0.3235174695563355,-1.6006509044574764,2.3730199453423895,-1.1471220883054616,0.5005580316288258,-0.8572478577736173,3.007958932844901,-2.0920646462327386,-5.5806317466772475,0.2395181532099072,-0.6838063236776812,0.9765709983834983,-0.7002883394287626,-1.7612578098300826,-1.1867838529015795,-0.268340953348221,-1.1980519342633762,-0.70516801568907,-0.95741051932441,-0.18071907127057482,-4.324160422816438,7.914019732244883,-6.381406178372348,6.560340072846447,-1.0954615517695523,0.31799954254328255,-0.24781214686214187,1.4144567159072419,1.9767011822099552,-1.197700719412482,1
-1.3014649692911164,-2.3601984842954504,2.8147508530926184,-2.2974890833394666,1.194076615531135,-2.8556812194073333,-2.4483625823543345,-2.0884351056744763,4.826831584710182,-1.0554457361901417,-1.1711748279139782,0.9798006870635259,-0.9288793087827814,1.0652434953935006,-0.7684947477453288,-0.15014950390202578,-1.1009955160937723,-1.306374310628989,-1.3583740006735607,0.3818755770703562,1.3484768397144855,0.5363685466492677,-1.5882781969030513,-0.7779242982170891,0.24428908014344278,3.538619013290361,-0.45567866909958454,1.5073221930046912,0.7377701419505296,0.8602705564075522,1
0.600612871002646,-0.23563259797164252,-0.47233669807379586,0.9196469554215951,-2.938411602616296,0.679866449817375,2.406417964186876,0.02833518246820391,0.24404853910147112,0.1462290841038752,0.4105703116120405,-0.818831616392007,0.2064121589648755,0.15263921692314186,0.37662909918911686,0.4482719669667071,2.1125357094789754,0.3388571544548116,-0.0853496620719093,-0.6528609927648005,0.03270212455092841,0.062331550088744886,0.8513408460718189,-0.20464037161371104,1.4733782368292934,0.8915491708614784,-0.052481805669190175,-0.083896361118138,-0.011143831868412427,0.43417567217605324,0
-0.8448160091019451,0.791832258738752,-0.38162379778283917,0.3407127545267868,-0.020006366664524315,0.3079549302956809,0.5622510190073379,0.4006736468829954,-0.1164830318433239,0.8359271989017284,0.2794477129622909,-1.228641546451935,0.2796461158102701,-1.0056061667889336,0.11652502526061179,0.4062465667738371,0.6076078950545603,0.8588294866872922,0.33950214349631297,-0.471341793835686,-0.07443170403199548,-0.21100704152506686,-0.8663410016673863,-0.15113281470776974,-1.550200699125642,0.6353803682672179,-1.0208891775521645,-0.14483794104748104,0.06394486190707616,0.886583354925796,1
1.2400746956069757,1.8619056454323522,-0.6062132549577219,0.0009035514211631139,-1.11501698297874,0.1885466343086809,-0.0354507875599644,0.3406586925134457,-0.22307693259394637,0.12444861563473737,0.9388513137264883,-0.9842714561564668,0.5497072116745594,1.035311279021588,0.5200351136793694,-0.4065521651155742,0.8783657059828629,0.5070261035380687,-0.574856611435007,0.45112858125714256,-0.06007016595056881,-0.07922560216233343,0.052081732141509025,0.15294794601250356,1.4030784052280576,-0.011767441442426816,-0.6931811523810517,-0.23206960448152866,-0.17888058737610293,-0.31276467022831184,0
-1.0797652959038466,0.9507243755202204,-0.35950118763620154,0.7487891192217637,-0.3674536553675203,0.07245290074120452,0.07887104753959033,0.36337033847657774,-0.14577410970512042,0.4340056482041168,0.6257087640134142,0.043765394789849456,0.8639833257918383,-0.8515971999074319,1.0333740799740343,0.468829463087186,0.8096282982645719,0.24180616421546258,0.3424499470584365,-0.07886589224734722,-0.24463380145739896,-0.1679537584586985,-0.6415255359617644,0.08913552571799307,0.5377385302321878,0.13368417499101248,0.1509151075902817,-0.23421740200102487,-0.054293133626045195,-1.0005491283496541,0
0.005634074310551983,0.04016781660680934,0.28713920458999437,-0.47032045516058235,0.8722767388638624,-0.2576663633510215,0.14050329234815404,-0.5407956595960858,0.13837147728358093,-0.7319136701273868,-0.7848639111801645,0.961013388430234,-0.9853648489995906,-0.23672922711008762,-1.2358954295313473,-1.3330137339237762,-0.9709239722252166,-1.1316966474310608,-0.8536706612264072,0.5273442373521007,0.5804451047220114,0.1674564858740477,-0.38564004742145797,-0.3155122025783592,-1.343325076553821,1.5165539187844894,0.38904972140400457,1.1608177318502553,1.0761927527713118,-1.197700719412482,1
-1.803833642751195,-0.7199581617422817,0.45031090876800606,0.08050461393623118,0.4862474997174014,-0.28250025226889003,0.6284457870596446,0.14010698440473718,-0.7552297212201687,2.8049941725335517,1.0837448732239092,0.6573484931695821,-1.0278870566422804,0.8806462158800052,-0.8231061267727431,-0.9061579197235268,-0.6137123399300651,-0.5472356237895706,-0.5066532010891329,-0.7872350816072174,-0.6328737062978039,0.50020964211675,-0.11435783461923149,0.14149417521188648,0.9278781589811801,-0.8298198538929952,-0.920304280958569,-2.349923931091872,-1.265519969518735,1.1206901677349423,1
1.11643501504208,-0.22014203963147985,-0.13943486657738638,0.6637282798935332,-1.605184094652172,0.8054338009347781,0.33121057206077414,0.8565736831937782,-0.1372021993023636,0.47197811350846014,-0.0015170975724839914,-0.31975039825519874,0.5558616658575849,-0.9667123402516791,0.1065346167038818,-1.4982947626633352,0.9852738597718206,0.48602597233075023,0.870513422321977,-0.6782279148108561,-0.3533671373286755,-0.1750646791205262,-0.6385148053900341,-0.3134174258418065,0.2205600218390721,1.4797454675296222,-0.42102342236386947,-0.47112913846836135,0.1338572337414915,0.3671896315346204,0
-0.1227820507332307,-0.3149137549274133,-0.06748638618366744,0.9895185871612842,-0.04869331959020447,0.005582170172738953,0.8875103835219891,0.09233734874348898,0.16172885636650006,0.42208220143819736,0.4617940168041665,-0.3879450807104719,1.960057112298371,0.5052452451038404,0.77242414063258,-0.7617665676797225,0.22558289016968933,0.6052689831614315,0.37630888129614787,0.6336297344914803,-0.5924005958802603,-0.051294977821805934,0.3681934548617684,0.3070276456854347,-0.524547962760451,-1.3031706464847106,-1.0630954451599581,-0.697254915609736,-0.6032497500839336,-1.197700719412482,0
0.807701363443185,-0.1705561837254657,0.1603867984647049,-0.4563558302345561,-0.6253684490079706,0.2250589539383082,-0.552140606712492,0.07903716921332127,-0.06969245429777018,-0.7411330597878203,-0.33202520652690115,0.045792257644071986,-0.4664285627502961,1.0443452459984128,-0.7544960767175717,-0.6915466144915096,-0.7835685506618881,-0.18987612623557268,0.2162928206361748,-0.8355434677674909,-0.33886070879934543,-0.049742191416939883,-0.4845051632062395,-0.3220776439862287,0.7456564119142317,0.8251056765654028,1.482937899030772,-0.3381144700096947,0.0874236184213563,0.21038923218830902,1
-0.9966332115934623,-0.5050662604297863,-2.3461805960221027,0.17094379433685447,-0.8511832075953898,-0.8883639151156186,1.0810970007843834,3.998182090215125,-0.34654111614212313,-0.43494138225529844,0.1725845940197318,-0.673687584890967,0.3527285491878259,1.0521016632995164,0.5548009459556701,0.18571134939774783,0.00289111402102624,0.2769393615612826,1.2682423057691214,-1.9038289609282188,2.4022602954451964,0.08436156832280187,-0.8145075603671755,4.678031551265918,0.9944564213808549,-0.006189612648924626,1.0050646607467735,-0.8738728411816451,-0.20398110199986658,2.019855662774511,0
1.2149651635221104,1.6985155083970236,-0.3551521526895416,-0.05359784386536063,-0.4107555475574887,0.39109403620570965,-0.016861319837534285,0.45169006504973747,-0.19032271349685412,0.8247172012294753,0.42416953726019957,-1.000357962875382,0.5016454452049279,-0.3081297735253978,0.31375331346221424,0.2399886331501676,0.6585020962184683,0.583551633579173,0.14027816050214628,-0.1608385448878207,-0.2717388867905083,-0.22579668796809182,-0.8475370143398204,0.2810544544077502,0.9072779042056801,-0.4897917489480814,0.34331023020721374,-0.2591787410152045,-0.13126409499524375,-1.2316569034375708,0
-1.0878344080053652,-0.7384534663611318,0.7439779346211093,-0.6297250247558879,0.7770717904620882,-0.8592554731533744,-0.23019037900079287,-0.903975426510615,0.6390083551276273,-1.0419600239637388,-1.08349906104045,0.5912987801364674,-1.0392860141042433,1.5073152085860575,-1.0197842663813015,-0.2672727607608289,-1.5251630478465417,-1.4492203870571747,-1.4816705114572704,2.292386446200899,0.43830917279958115,0.45381985823077325,0.48339983083710264,-0.011517476993945128,-0.00264861806551892,-0.32044066397674525,-0.2970868483565712,0.33956993136075536,0.9283596966683049,-0.05518207265094725,1
0.37000390557364893,-0.35399253545793585,0.6732876322252249,-0.5955931938950905,1.0959588029160392,0.06481040615076848,-0.42937861409133515,-0.41278006606090056,-0.00015176084136745956,-0.9728691219684622,-0.9547555567424533,1.5562411413296189,-1.443965561992535,1.6930620803497156,-1.3386289847697543,-2.4486591695494226,-1.2058551894478728,-1.2958281067287085,-1.0407191216191287,-0.6510165007286,0.7454690463691689,0.3136843642178363,0.5363741302204607,-0.4884882723253198,-0.7720471221328977,0.5066592251274477,0.3861745405666735,0.8486723927296738,0.4019184028528758,-1.6230553716641472,1
-1.8729250840466085,0.963501246098238,-0.4295838493573916,0.7972143563050679,-0.6037765923081632,0.051559355123089796,0.20010077456874067,0.2680269659357278,-0.15348073198147758,1.6334494161151112,0.41357160694812733,0.2863704165702802,-0.23457695371436083,0.8130619163924551,2.112972655201604,-0.09651217746480562,0.9395969686665313,0.43137962595821555,0.6954936056566292,-0.03142264665051885,-0.2003951202132494,-0.18125151225846114,-0.5341278742140204,0.010289538346721966,-0.06481173547013393,0.011856466970933979,1.6290809675574245,-0.30413019241128675,-0.08614478645055734,0.07958707896444252,0
-0.5213511694988847,0.8889426165919619,-0.4403378183283261,0.8520589857560138,-0.2665435308304919,0.06302820459280505,0.4892680307877103,0.29204495810095527,-0.10236948049837448,0.7492932290945672,0.5395836573806352,0.007438776640407624,1.2847200653069315,-0.8788358849533617,0.7346424270004464,-0.7951814271583312,0.182652760801447,0.49363268011176276,0.005379692549325877,-0.18357932971524354,-0.29946154531556723,-0.0898428747128918,0.12136419710316308,-0.06636300378566815,0.48189808776924237,0.5948596128963839,0.8548799020664091,-0.20003458892325965,-0.07363701115901353,-1.197700719412482,0
-0.2122823868466734,-0.5324256772627299,0.0032107265146582202,0.12942010883595512,0.04340620196536326,0.010604706644680533,0.020556187763792855,-0.20357182160252693,0.08773306991588119,-0.11208318448580809,-0.4787707452693737,0.4787044522380795,-0.2549820846193795,0.5813330667161329,-0.6922862984497791,-1.7107554371394162,-0.5055734210911623,-0.5726476633151709,-0.3245965480978141,0.09122975237508804,-0.07871524681393335,0.10256924767829854,0.1457224324338554,-0.6604260123393845,-0.1502180182056846,0.24171555047640392,-1.0219265611842459,0.19067192782198933,0.3407877325722512,0.008417069128844733,1
1.0912457801654136,-0.6149156508979321,-0.36457046180750957,-0.7595381077014575,0.521387433553655,0.41332473820410875,-0.43889623017741686,0.04746586108450765,-0.0017406265312441321,-0.8826170824232866,-0.6634290738933784,0.8029089319078483,-0.6990916774293705,1.022084174532931,-0.8788730165517854,-0.6191828454828445,-0.9017091780438871,-0.8173434933527893,-0.45704905767446,1.190479557424201,0.15867652199545298,0.2187862366287413,1.0565610095511493,1.9297523723752055,-0.23986867122049435,1.9861142721195069,-0.016233428026891338,1.0780609349806298,-0.05819449545471289,1.368006876011318,1
0.04464330434917414,-0.6145174930163214,0.4091721255350643,-0.6997967008555682,0.6430008845596928,-0.2679139510267634,-0.5791196413337933,-0.672756325212214,0.4064026351584564,-0.7682735728330587,-0.8442366107928316,0.9305417729177489,-0.9169569957955721,0.0644575921520026,-1.0772118612889825,-0.3427613829100304,-1.0623171440408996,-1.0591243772344452,-0.7621727613049354,1.4757508566103261,0.43595132285132693,0.2236139983015306,-0.13407083285567506,-0.5480729578363692,-1.2525068626941953,0.05272938938875391,-0.3043999965179149,1.3690660133629258,0.13574340681973182,-1.197700719412482,1
-1.8641819610828478,0.984912887244501,-0.32319945430414165,0.5568409739045772,-0.42043030835542167,0.3889735736742216,0.7257589662106566,0.32607962736549195,-0.1303778341746554,1.281975766818264,0.4456922070516436,0.15587569759704223,-0.1350818364946654,1.906576002942015,2.0340479260958317,-0.09523545858449772,0.7854690205661353,0.3890490159419612,0.39353536962878544,-0.18197004952189913,-0.21631680289208335,-0.2384345584645359,-0.7992148447081832,-0.01632908154233184,-1.9323087148023317,0.2858927168834705,0.272410120161864,-0.23900433233141233,-0.0935197175860807,-1.200704124404151,0
-0.5720553056801653,-0.4353101761670292,0.23635435991102963,-0.37211890654436197,0.18944084344704076,-0.6309099044914162,0.6266493092404173,-0.03281920143273005,0.1767736783626152,-0.4548660872361401,-0.7970633859454795,0.2430606392036598,-0.6891239086882986,0.7602187350728489,-0.8321517668974734,-0.1705730528654894,-0.720896410359553,-0.84139568112089,-0.8248556666541207,-0.6014913481933998,0.16719523001005276,0.19251121230710205,0.20558045129407165,0.25122826652802016,-1.0323404453119127,-0.27948718103678444,-1.1093585179538599,0.6259012028734648,0.3577306415390971,1.5043603118861344,1
1.3254555178315108,0.21662311194013414,-0.2300098401787609,0.08105049264607557,-1.6369962064034043,1.679098537292046,2.0334496622524143,0.5131748839753904,0.05566935162905473,0.36127705221105005,0.4164475041345107,-0.6617174803342571,0.5827121045639766,-0.313458988869335,0.8274418893666062,0.006489855219026181,0.34371257909232805,0.2744026122796097,-0.15925334726744816,-0.3932134653467882,-0.061664966107642695,-0.18467058397386943,-0.632926738939024,0.06692956668218358,1.384713950756943,-0.7638727087346223,0.3141141165307725,0.09289760178397936,0.11697561630733186,-0.8399968451981162,0
1.2394833749820557,1.6800486595902926,-0.2634604711137464,-0.2487119514100261,-0.12980389849522384,0.8440383042702773,0.37592275742209647,0.5700995997296912,-0.16397543096851416,0.4907240742708514,0.50016905383163,-0.42094261325258825,0.5315879623227533,-0.9966311090285482,0.34281767074899977,-0.871482871944451,0.5965023346123164,0.5854268392860367,0.9904265463393315,-0.06573697094234902,-0.3448598706212717,-0.10852334402986659,-0.0656930281962164,-0.12180347413863339,-0.6464708162689453,0.7771852174127827,-1.087936861643132,-0.20388475550091045,-0.15549928640683508,-1.197700719412482,0
1.2576597074895866,-0.8039406942231512,0.7023572171710006,-1.0038466041809928,1.4652071410620626,-0.09637390920049171,-0.7614203910309336,-0.41372646564352444,-0.030517678432569396,-0.2773358792692758,-0.1343219025350727,0.9639874531169228,-1.2125727649680833,-1.0512251963692278,-1.6366084839705008,1.3770753203424149,-0.8667252212595491,-0.628584544766443,-0.32500929029382913,0.5977372699331106,-0.26768620594239084,0.1116393927006764,0.5202220391354593,0.42229283298505743,-1.0723940755909933,-0.5339030561509301,0.7293239543669634,-2.14906602275916,0.7949366312771661,-1.197700719412482,1
1.1952838172147846,-0.2686464398518323,0.6235823876205452,-0.9230121038866221,0.44910251088927383,-0.12613374425834104,-0.7551615597114222,-0.16098586559189165,0.18195487885762746,-0.6571221357941418,-0.7054085012809116,0.273409264617855,-0.9026282999956736,-1.090429137952251,-0.8961816981552393,-0.09804952293567787,-0.8738351104124052,-0.6162631570805893,-0.45682963004071886,0.5196040446018071,0.019599359970178455,0.29972149654139313,0.8873590822035661,0.022083611198705614,0.4675611159238606,-1.0846165734880435,-0.7502991129081911,0.46698653923268557,0.764638858820981,0.9522131712047546,1
-0.02783537259488477,-0.2506989467471551,0.17272940508214726,0.11060753698704853,0.3688627728859105,0.26520747292618413,0.025011037835340547,0.08387494412217299,-0.0014621687564345559,-0.209427844773093,-0.27157201448468704,-0.38000018546442493,-0.46124320332836183,-0.4005566994840602,-0.7062491884334602,-1.2556342837431396,-0.0073599333611210445,-0.1937184601724881,-0.06499277795296178,-1.024864005634605,-0.04281183915239447,-0.023688027168090545,-0.27444834276861885,-0.06561079746548226,-0.7280171743196673,0.14933868608375,-0.23816015999799464,-0.11628660135521207,-0.1501638079875224,-1.197700719412482,1
-0.6585023683213285,0.9185022089044768,-0.3379195133570028,0.7514934070740694,-0.39358447793960444,0.17402655673653353,0.36237932993749966,0.37261869379795187,-0.13563272648282726,0.29767017051016464,0.5858575592629044,0.22116706407127124,1.7744651972128143,0.6428710789676348,0.8438331261089657,0.5587348880174349,0.545909141002617,0.2911548737790103,-0.021409791378736758,-0.37935562371383563,-0.17471417544250534,-0.1508528748990389,-0.4462942418712072,0.09870388891493688,0.01652895986258466,0.10354538177313732,0.20054099375988152,-0.20707229464213733,-0.05423404512123719,-0.9620665540978698,0
1.1009976561524826,0.44099731034608547,0.013606858025026682,0.2909220563508667,0.3651264929955509,1.026568294412081,0.5153376786665439,0.9125541644526098,-0.1756101022824832,-0.3445251374882872,1.0485615379206792,-1.859734631012102,0.4307287093005514,0.47979214312641527,0.7026854618723288,-1.741234577804397,0.6726704809240511,0.19427601320544585,-0.0935067156748638,-1.554939760153487,-0.3532742482524251,-0.048468293043707665,0.2694570519370679,0.009038468405013954,0.7632438631408918,-1.1263144582042646,-0.4527372755126574,-0.0968423853204594,0.12576353857949676,-1.6230553716641472,1
1.4078411515608873,-0.6180626286652284,0.6533164554772444,-0.8552415270920684,0.03209959578754817,-0.08641991028289396,-1.730831583750244,-0.3888911243430585,0.29431513991167485,-0.8416179583320869,-1.0812853755985115,0.601430267107719,-0.900298511644271,-0.11459693351286142,-1.1062403477541105,0.006691684521489653,-0.8376014371723646,-0.6869259059352578,-0.5953360607368047,0.11942899666931385,-0.09402866123378181,0.2816126736817551,0.17514891312095737,-0.446013960184564,-0.5976246278039479,-0.3313947740448301,0.21729748632038606,0.19644826284254507,0.5275939451296031,-1.4228706267949651,1
-1.7700268524383702,-0.9029263849825463,1.5478711370208467,-1.3836912865149245,1.6244367299259832,-0.5400237235827932,-1.4550199257513285,-1.1441838870108536,0.8739821077576454,-1.8049705173640889,-1.8198505005711825,2.3157704303650566,-1.890436030461675,-0.11903534701637422,-2.0176492527274625,-1.307705083590692,-1.6747473771893,-1.5803996722085256,-1.4802409871855233,-0.7097713307109644,1.0391614243577274,0.5528207560422274,-0.2700766393165711,-0.30706338995395255,-1.908645644819005,2.233302455050515,1.163871610105832,1.8776346707247784,1.676411273066493,-1.197700719412482,1
-1.1400098423928837,-0.48401203427655964,-0.4954551981866613,2.648587453015966,0.4411680372095998,0.34100064741909264,0.3464325192552034,0.23025847618913306,-0.14783539242008464,0.4741202456213092,1.7107626339941255,-0.8167027336341383,0.2254369844794567,0.16500653182372643,0.34628127869553676,2.6419487075709975,0.7719007508592919,0.2868562656811487,0.8470250713008126,0.13824441616710773,0.0706311034846852,-0.09470628255427865,0.648284194121013,-0.10637402248425767,0.815352196865246,0.18184438251834312,0.7524822166519388,-0.16589975412772567,1.6109580228209548,0.36123160463868215,0
-0.30113408938920433,-0.03760958381862503,-0.020358686613686887,1.0949921513509093,-0.28681594597820054,0.17712679055898595,0.3210069604557872,0.44573079698751183,-0.022583971079035557,0.03781860534263428,0.5206951153962537,-0.15156258814974682,0.8951284555634176,-0.28430055889521255,1.1344521795329905,0.562981775316969,0.6357687595172588,0.2945172055618616,0.7081738744869162,0.44545337931722306,-0.04224655756446948,-0.13368100314109735,-0.44102435520137634,-0.04104079313783766,-0.1172571522701818,-0.19685108535874413,-1.2413145223989517,0.0001225523250491038,-0.024259833938890897,-0.23478802861869955,0
0.011107973053740628,-0.35354300469162236,0.1344344522028369,-0.8597809674439165,0.9780173201541917,-0.46502659008679564,-0.7691169204530771,-0.5945552892884016,0.11990847093644444,-1.258486710194979,-1.2023386325220764,1.5901726610509326,-1.289256766106736,-0.17033197695945146,-1.5805102219050555,-0.11230540505185065,-1.2117741747168826,-1.3976808559812275,-1.1173904162704562,0.4263636947870006,1.6992403903510784,0.39524393674280295,-0.6919362248116075,-0.6775793134371997,-0.6847321065154818,1.0840909582481413,2.0412688709874676,1.4264723494896727,1.7000436547985696,1.5627470520284055,1
1.3997394747597864,0.04565231451388785,0.8137786348388225,-0.9142843828277225,1.451574260352734,0.3357984430097453,-1.1103346135977923,-0.24695615420649375,0.06300673185487449,-1.3196691212757412,-0.8646998653842195,1.0111973072051865,-1.1238697582520694,-0.18877131710340297,-1.6109617178447435,1.2304592224230628,-0.605881586829552,-0.24136147608587352,0.18349742945572592,0.3852006935825053,0.6536782794534569,0.13552019403140841,-0.4089197779477611,-0.11776750256444224,-1.2519640218035046,-0.5569092750413089,0.9694457646578317,0.7837011913472263,0.7086857405394659,-1.2711980788469621,1
-0.1084025924165371,0.997676736969106,-0.35605286651937035,0.5377181085133238,-0.42204442969324246,0.2564128819136241,0.42953266976987475,0.3731896978545052,-0.14082881144595075,0.5906512213817013,0.5309714104146924,-1.144876515106522,0.4293389865163471,-0.2897320108368172,0.8394938429089016,1.6645463993741052,0.6158126968771077,0.29538138314016416,-0.05760172230548548,-0.3507588632052012,-0.2377021375447851,-0.19606203032100544,-0.7366139917940574,0.028762062708283142,-1.3274119978983743,0.26462963277647683,0.3482682894816308,-0.21210997885214344,-0.05641635263513611,-1.2316569034375708,0
0.10091559181154693,-0.6902571837566598,0.33754170903084946,-0.6489641074854388,0.5325893594476746,0.02933222333364494,-0.6433422202386573,-0.32291709260530554,-0.3431052713391153,-0.1262446605822753,-0.4774014954642767,0.939353492399684,-0.9785098958391681,0.04785297526647402,-1.2860199616177543,3.083398301887254,-1.1163804459513056,-0.7227043723109055,-0.5489971277331441,1.891859240436903,-0.2660252494725736,0.4919856097485345,0.6353031045607742,0.024871506778585368,1.5897535862078822,-1.3096464790180529,-0.03100162542770923,-1.1076394836506003,3.987115881224173,-1.146227335222386,1
1.25440543111079,-1.0360377868718986,0.6211107642722671,-0.7794850555581769,0.08976784711742551,-0.409626361336231,-0.6320607515393356,-0.41017404808407626,-0.014890877555606205,-0.2584232583407,-0.6511766084732536,0.7051093469136802,-0.8970372793197768,0.09137600519616568,-1.1462485684508164,0.8413623872162062,-0.7983710878820803,-0.8172704089812379,-0.745696123391178,-0.034645087719359334,-1.0980635500137177,0.4827650279695163,-0.015667821923881522,0.2219917510208446,1.607382104627402,0.0022774745169486252,0.2996819807277662,-1.7689868469347028,3.0808047784464434,0.6079397677085331,1
-0.9802829150704059,0.8509915904368316,-0.039854279436838,0.039601190589449844,0.1364555294933,0.5651491608016977,0.035158627559729205,0.47828685769445045,-0.1278144123701153,0.35960634319906415,-0.045930044380345286,0.5477072456328844,0.7714396291732877,-0.52409742268963,-0.5838763605560393,-0.34095820265170595,1.1916193918077,2.4492073027514283,1.6869952581426877,-0.9894472176867898,-0.14842302810562635,-0.20259348526001142,-0.5710893614899489,-0.14399046270038196,-0.34963351283473704,0.8949263996307342,-0.7589962792088107,-0.09196347557185387,0.16685934713173356,-1.197700719412482,1
1.0116082508237187,1.7345027516659604,-0.3606901637565783,-0.14610442683909836,-0.4541732281142564,0.4660603825614708,-0.06670739806827872,0.47085814499743894,-0.20656224391335778,0.9799343445115705,0.3934846378287677,-1.5908175697420657,0.23073189437975294,-0.5151409432500716,0.35784277046383267,1.1881020708871806,0.8000496078990235,0.43462112125229957,1.0038145217978822,-0.25324983002723844,-0.29633227197542233,-0.04238946577185118,0.36812197898079085,-0.1659530253829005,-1.7511997181359316,0.4819765898824091,-0.094754989904953,-0.20324240750307634,-0.15136062920308546,-0.2367300005501066,0
1.3320579079927826,1.8265178609048716,-0.7769767175543488,-0.005565014507765512,-2.308279323535095,-0.011906304454050417,-0.4738240497850417,0.3344717898112574,-0.26288133814120024,1.0759665970599126,0.3842774683629593,-0.9506468165106202,1.9377279941859815,1.9740722158196904,0.5504872854055499,0.7398118648201272,-0.5689118701614252,0.4467522659327279,1.3724980049395077,-0.056919964017685794,-0.5815408165204285,-0.08877629374955001,0.7279294078770973,-0.12176125112587417,0.08674952936193082,0.6831718535563377,-1.1337680514408774,-0.11999506788701433,-0.1626583285266384,0.16504422222116066,0
0.8945720645796607,-0.3392049200019942,-0.4732889055226334,0.3990974825708139,-1.3910128265166497,1.747660571038361,-0.5412007245952631,0.7673251882861949,-0.4187914454282932,0.1470971913527374,0.3007288041217648,-0.04526763996532264,1.4005073423850944,0.17318320053855893,1.0782895570617805,-0.8109614080219119,-0.10514935910008325,0.29542839884984184,0.3691471037580726,0.27057042803086506,-0.4868443987759549,0.2642076958212842,0.6675129097943431,-0.8675008125343825,1.8484675906895174,2.9916761389468736,-0.5228198165370642,-0.11524763426268596,-0.6295581859065236,0.37954911037505357,0
-1.980602577744668,-0.27872290688469903,0.48825766699881296,-0.49159551702922,0.2408582751602533,-0.1637353916432354,-0.6275607478175985,-0.3603567304313818,0.19244587121682405,-0.1430868437631645,-0.8831810110947573,1.2219911372863208,-1.0667715356119651,1.3530121976996115,-0.877355899242731,-0.5163149299050099,-0.5014296667780604,-0.5182574586646276,-0.024770491508520478,0.05626459938944958,0.20530466504682923,0.09309206400571128,-0.49684588116564027,-0.10561918497933145,-0.7593780230675321,0.09553058068626186,0.6281772002283024,0.09245197445059514,0.20363021533974646,-1.197700719412482,1
1.0892836288159253,-0.17772363408617972,0.14374691752002644,-0.2174388781575003,1.0030888352703398,0.14208063151376263,1.1347009155977317,0.6796165953585233,-0.17211822325610962,-0.5718848936619155,0.40301606815754804,0.41821142302164843,-0.4609860222321356,-0.4868108091261868,-0.6631935723918206,0.01598556289063565,-0.03256519198197543,0.0072306390627514365,0.3617641453974764,1.114697118459225,-0.38882170212042416,-0.2330868500318351,-0.6259717799159664,0.4111975921466263,-0.1707419886735114,-0.8822494210454286,0.014056264037876978,-0.4278710916081226,-1.535389552464465,1.3739785015782258,1
1.457312736601461,1.5542390408879927,-0.6124334249651728,0.20678677967154366,-0.48701043856016285,0.15667889952663805,0.6532429672418475,0.1960572116860541,-0.10094999269935782,1.0926135947159317,0.6857158568586986,-0.46390522301048676,0.7191766267106178,-0.536618297956588,0.769140435033356,0.32902327568292233,1.1608001478105745,0.11593391724908517,1.0425534109458825,-0.17256193048486834,-0.1920544517493712,-0.011017268608666518,0.41932375327611876,0.050693078238537186,0.17040093474681098,-0.4777588770597283,0.6636882827391842,-0.2297516954515708,-0.16257430397285996,0.5359609721592891,0
0.7560954536312419,0.6018026210116858,-0.23809061232196804,0.4340620858086267,-0.7595141193470386,0.30060117546917536,0.0002823836127827503,0.5185016013188475,-0.359930093355656,0.5304022110196875,0.39493870656380925,-1.0828263378538905,0.8845784154876121,0.18881220654743777,0.7789799142511661,-0.28159560595861755,0.427981678485805,0.308270946082265,-0.21653193524457032,-0.5187226840687794,-0.4255007946194294,0.07693550583742083,-0.9263650157027944,0.0185721380655254,-0.18260262398665802,0.7110491860797378,0.4854949873159849,-0.1598361838932281,0.15793685756692458,-0.49068713550181303,0
-0.15701316930686698,-0.157348454017977,-0.30178277638753953,1.630974529239708,-0.4943228623307789,0.6514541336684098,1.409903344343153,0.39047994203464126,0.014876126237902057,0.23864332464008614,0.39745797557579315,0.11933070737859723,0.9790955539733259,-0.9371308453805932,0.8051623971001932,0.5786867734758894,-0.226930681519578,0.8968321954851061,-0.49703712736941547,-0.23013523999302005,-0.19119832737012088,-0.09269657169674386,0.04498490715181092,-0.1701909722091708,-2.0622594834421744,-0.1746549213526702,1.010806529689777,-0.2333236667276271,0.08139987609642953,0.12144757632357035,0
1.158934468685728,0.16557862762816838,0.37709297548000953,-0.7920785749717199,0.48183372110869266,-0.21895843714462757,-1.1872733668266564,-0.1471993001799793,0.06351640295710141,-0.4227032588668302,-0.660210542482085,0.6197021738892621,-0.8039081009555589,-1.3449285245864648,-0.9352427858448183,2.420952676089155,-0.7775195348300521,-0.15669615275511034,-0.16943079115081414,1.457845848960333,0.2278358650800982,0.14445503878751423,0.05886438555332059,0.15115602742486378,-0.01228549614968547,-0.3572315222079061,1.1034318348957648,-0.0313561160317039,-0.2623069385646711,0.8362205573813193,1
-1.7031164974864323,0.980672953183913,-0.37235943445565445,1.0005535994324364,-0.45309029925162453,-0.001073308925231352,-0.028422751832808447,0.2919693606713554,-0.19032150991475252,1.7031925150092833,0.36233639877302337,-0.1815253774313373,-0.24762346482169553,1.8159622682857555,1.7098760551043841,0.5534596309489198,0.7712156054791638,0.5213125401740129,0.18381666259860108,-0.4259899729531473,-0.17892268545872808,-0.21346963040836403,-0.663630456465054,0.11167519535824688,0.6726797922944948,-0.11766101290267358,1.4173539596439577,-0.2831380960771996,-0.04822743387398683,-0.23092665436572354,0
1.5425334227238572,-0.038908023586114025,-0.054681984455148,-0.15747693721888298,-0.3865567111070523,-0.0916367945513261,0.46078709288408953,-0.1323812048098999,0.12090422645389502,0.10919857453584912,-0.38329484021778504,0.22864381351590712,-0.3648232075910596,-0.35625631250309137,-0.47954591137731084,-0.732484870663796,-0.2265862550412149,-0.5459450627835443,-0.0020528426483651264,-0.010328605392253729,0.1433602623297576,0.1807875996439188,0.6792857786788264,0.1388637794855931,0.03147408136377868,-1.1462580403015943,0.9108888310396726,0.23294028952313647,0.3313886201434905,0.7464806360269534,1
0.3711857011852425,-0.24880201210735245,0.599276653024614,-0.9017590477307348,1.4071152072608477,-0.19915485908927066,-0.4937746664373223,-0.7006497609586793,0.21598743378647556,-0.5354698236005585,-0.9740719251260787,1.5165479883332542,-1.3813134040128496,1.8142030107563722,-1.4841833014096764,-3.0688620812631546,-1.1717483666775081,-1.1051319625783644,-0.9481439294661642,-0.16964836212702541,0.39519524607469597,0.2521433972118815,0.07486730339069686,-0.0773441790153173,-0.9491679051180899,-1.1703309908858184,-0.027950956614765446,0.15454475460619843,-0.697357696987532,-0.9063504264025329,1
0.8315862595923713,-0.03971377760402615,-0.17852506092169332,0.9206984558034955,-0.8615937052755811,0.15917692150127868,0.705053238938127,0.41011040229834733,-0.1040233454025984,1.0843601078298049,0.38598310205777375,-2.0849127750874543,0.6086355613115839,0.8374486662418088,0.428828049175961,0.8573438074101289,0.7369625151383983,0.1629070755305407,0.7771538500109412,0.054054307834726804,-0.2873694877320432,-0.023991039372684618,0.5263506434089634,-0.1549361705929542,-1.6924140126765772,-1.5332337039392732,-1.0517135745735906,-0.518027999997581,-0.24981044760931662,0.5994608523161351,0
-0.9528821535205599,-0.9595081197629182,0.7856600703188554,-1.1032969543442885,1.2360784647330023,-1.078601994977438,-1.7721207506929657,-1.3291648887990406,0.735313269141463,-1.6789928835345111,-1.801653331666679,1.7982062274359807,-1.6872521101154134,0.5022492143519189,-1.8824720952648293,1.946672334893901,-1.9688111126794154,-2.090629908629344,-1.9818316174550676,2.4381139172058486,0.947665085592348,0.6086878189762538,-0.18793226499971677,0.008000578861462068,0.7275983047668901,-0.2138831931153571,1.0854789591446234,2.2228859566348382,0.7057363510903919,-0.5368722840708324,1
0.8911104435642291,1.300764813090766,-0.6731655332294508,-0.26480556463355326,-0.4419667724456961,0.3500559362241192,-0.6064690491672979,0.9191847383439719,-0.2889345185516499,0.6305893114640697,0.5426681070679237,-1.249214493442183,0.3425065933294155,-1.2869074742260722,1.4219152500897492,0.03971520099224301,0.008525319742460557,0.41475258636758244,0.06139863479104885,-0.10436692185143921,0.0993189335178867,0.06467836805448275,0.6311341109769729,-0.40579582230932626,0.07340701187434422,0.9201038725802116,0.8494039856611355,-0.3520199657812783,-0.16256729826924848,1.2930036288038222,0
0.6170628124367266,-0.27063181862683383,-0.06525255095281823,-0.19365436321778268,-0.1834656443428612,-0.08304179155382073,-0.15905925043758878,-0.2138436444257278,-0.11637362718180054,-0.04271297711345814,-0.3935250056612183,0.766342922501026,-0.6087536388568792,0.8707218124909384,-0.757003439318523,-0.5413998601678369,-0.983693019171738,-1.0858667804568736,-0.848743915116974,1.0449002996536454,0.21573601087437608,0.19833729727367072,0.8627024640648973,0.05007837583512541,-0.5869274966997678,-0.21815084962258105,0.17099952729518988,-0.1674055690638521,-0.22212837451192008,0.02523192065538571,1
0.03877919423832647,-0.31698829862417316,0.4894304618973261,-0.49398022130158165,0.6511055891781596,-0.24771495374674363,-0.10095053469614934,-0.48862048891679444,0.20311282733058977,-0.9181342316105386,-0.879749236214277,1.0049979574971473,-0.985006072325433,-0.07644213154558646,-1.1320639055103778,0.07943409762826399,-1.1560610396058963,-1.0616749631559406,-0.7317287940518603,2.014303736399948,0.6893029931042293,0.23611387881512935,-0.0035517630972474873,-0.3545059790765038,-1.3019874371869011,0.3648295457073851,0.03737152290389328,1.1160513635780973,0.9882762415583939,-1.197700719412482,1
-1.2986458991966485,-0.518051433431786,-0.42209525413956966,0.00014933763515907487,0.5111541400724207,-0.5899235973940372,0.7515119659229113,0.5043039820019664,0.06486470042604152,-0.5542780386998044,-0.42120314339677656,-0.07165783474388719,-0.5707219962457094,-0.869548763317051,-0.31357748366139804,-1.1014851429716375,-0.5858790136125752,-0.6532507876228733,-0.889120365739893,-1.2347586780895512,1.2745483695203499,0.2262702254897764,-0.25286885555868727,1.8133198559231591,0.3931550358770118,0.14698538980935622,-0.5927727049782123,0.04358179551913793,0.4609190177549607,1.7058510474336557,1
-1.055213629721198,0.21586604852373445,-0.5600542561196263,1.179542457993773,-0.6473147423720901,0.17531106714984812,1.435509719340835,0.25393795984930684,0.014026421896897191,-0.05229811576986859,0.7518065617869852,0.16063960732324353,1.3501768716704836,0.30692057027608677,0.5696625377410217,0.3782889172023344,-0.48208801489204983,0.7176629035038031,0.3496398895791296,-2.46984597846523,-0.6123673521252994,-0.06227833497896058,0.6594441138577168,0.27989814706325256,-1.7126376079117767,-1.0696425787945019,-0.5687987984249598,-0.08537436657734562,-0.20576169194391922,0.7529702683618636,0
0.940709060184208,0.9202691713888644,0.4600264174364308,-0.7585751144949224,1.0156517006804893,1.0219689502513158,-0.533849673747316,0.1455058376466201,-0.0852560347792281,-0.8722649574646899,-0.469986610494899,1.0660514142484494,-0.6255860576796717,-0.40752893364216086,-1.3184965540619942,-0.5659083776419676,0.735676418465026,0.46992128478850265,1.4600211164579775,-1.917167652720943,0.2176127502676668,-0.03985185411901236,-0.7006225397916155,-0.10342296532060445,-0.08490002566340392,0.5012243360696051,0.11966087760829429,0.35703834720500743,0.6090482086065744,-1.6230553716641472,1
1.1091236212748996,-0.5078627963794925,0.5002075975847043,-0.5072306531498858,0.9093991267653797,0.11763709475072778,-0.41511839064670575,-0.34959000787374517,0.2737527241560757,-1.024061436112631,-0.7873398664577345,0.8597410881246329,-0.8855812066789414,-1.2337375467501968,-1.2089127335471723,-2.1896325965491803,-0.39928338579504113,-0.6360821442030126,-0.2756379149758933,-1.611433413701876,0.06600484459649873,0.1722866901038635,-0.29812412159854434,-0.4648247446663564,-0.8184127132897452,0.7271464628669102,0.0801083607776032,0.38941629480161,0.22053134440437003,-1.197700719412482,1
1.1332120324033133,-1.014779153418999,0.09002796642049549,-0.7253208033470235,0.15228753209473395,0.046374852234476335,-1.580970759416738,-0.5975933517769952,0.46589850107209485,-0.5648270225627401,-1.0115305094030682,0.8531674312912852,-0.6796746469249182,-0.9319439924141892,-0.9455823099909897,-0.8598199123600173,-0.7782054364594545,-0.548780661586714,-0.367715186309718,0.6467196064705246,-0.8298088026845165,0.14217875263928967,-0.26146967907825525,-1.784029577334893,-0.31150717032538644,1.947186275784563,-0.5823981362405808,0.7288018166676464,-1.4475950771060828,-1.6230553716641472,1
0.7083001394165884,1.7702343069868784,-0.3489871365941686,-0.15124196855796876,-0.485326225089913,0.5808365924979086,-0.08849072716083171,0.6574250404677383,-0.24714869207254614,0.4855934248039955,0.6275536336909161,-1.2331020731892925,0.9497400310194851,0.7536120428863038,0.8508836726806728,-0.40268871172398496,0.1447087733278227,0.3331017788414412,-0.11534050902027711,-0.02389722145452137,-0.24377680062136395,-0.057268603303506575,0.33994217786228254,-0.07455426125660729,1.141895815332986,0.6508141600149715,1.317688089167602,-0.30588983352425103,-0.22557409577950693,-1.2746217292062307,0
1.294883103788643,1.5294160233523129,-0.5876201645225436,-0.07752719470589578,-0.467678023258963,1.1346245501498682,2.2869737572228077,0.12267889909530998,0.07683202189142342,0.9880009742346724,0.6605287690120576,-0.7209143678982873,0.7620892948945281,-0.015553733249358727,0.7074233854584301,0.8686467737453218,0.5099888670901948,0.2111089696042143,0.439299018641588,-0.943721378109553,-0.21360434516009807,0.0431000729283315,0.9199127314608474,-0.01288203818879016,1.4617034147900976,0.15647987032509034,-0.8018737547135021,-0.12338570092061057,-0.1442999233817163,0.3279830615597048,0
-1.6152053837633267,-0.8701396685387306,1.2879208745880364,-1.4410365411736354,1.6287571463766763,-1.8166743018239913,0.8039554604411159,-1.1685049905403844,1.160091563418054,-1.4096820822627965,-1.6580498563469848,1.9995514898155407,-1.7545031409496865,1.2515005266726826,-1.4821465295420315,0.2587946399088383,-1.7868165392368027,-1.8831691915294675,-1.8248029151747696,1.49356340836737,-0.7318033144245139,0.6324669207318118,0.6130307481795281,0.6613593752175297,-1.1066460036936387,-2.2570044055920255,0.3349490834919274,0.5296182561554423,-0.40232533460632286,1.7246902715024595,1
1.0989175788482688,-0.6532866454361178,-0.7397984638167804,-0.5797203314232279,0.5140168663217606,0.06695009503010399,-0.19851006073088898,-0.46665908275717943,0.19277874856677985,-0.37604532898108717,-0.44163593316701283,0.5262534307873404,-0.5078202742547948,1.5335163282666535,-0.5686132622992717,-0.5512814891903811,-0.8573263781138863,-1.052251802492388,-0.7457449262220174,1.2290819409778009,-0.410636229862893,0.1929444139605677,0.7323398086369342,0.9997638948520456,0.15519915874217513,-1.9246529489893403,-1.8270331115878364,1.1054222297104015,0.13604624931361975,1.025913326552433,1
0.20462418272355384,-1.5424730238046587,1.5334751694985058,-1.679286514653203,1.3436965550819147,-1.6228343365938647,-1.7754624826935155,-1.8569970308332469,0.32733049108341633,-1.218732731035224,-2.219060418906464,1.6368663386221325,-1.7870426282891199,-0.36326808774741315,-1.686028311706319,-1.5710239948519196,-1.836494139503891,-1.6740253313957174,-1.5897380722931045,1.4193912517382579,0.40238686653206557,-0.025996037270214194,1.2913238928254327,-0.6747454818267726,0.701682093720637,-2.0113104875946033,-1.1705821723673293,-0.6021904755145325,0.5384781057305954,0.846526764455107,1
-0.5484924670837302,-0.4901650068742973,0.9059564325258171,-0.7527896265018168,1.0168533350361417,0.9383069498790361,-0.9026651913191084,-0.30857946640687633,-0.43627621526887145,-1.460717456093984,-0.9695780704006256,1.2831428757036938,-1.0212555846815885,-2.8998717411521837,-1.4056300997164466,-0.812408158860631,-0.2583143834969999,-0.0006227975305374162,0.4649681682584082,-2.068432827416182,0.7507282336526111,-0.28396888992317504,0.13929012843987368,-1.1236255039633076,-0.8861250384008285,0.5126853032173434,0.7687025331029069,0.7313311440191063,1.2699337039422502,-1.197700719412482,1
0.9249336598361989,1.7519253894611393,-0.3796102769178773,-0.045223469876844,-0.5582333904526968,0.4994127597431365,0.2157138533282514,0.4765098354799998,-0.21349246639888267,0.7572416079825063,0.551545366240313,-1.3707173672121866,1.1194677056697309,1.5788641631626976,0.6953598394990558,0.7787399438900314,0.43122335443906223,0.17093761557183373,0.3381678084657147,-0.1978887373716306,-0.19060149458010986,-0.007247484309785916,0.6815036538453836,-0.10225833540717334,0.17157494840021342,0.5735429447031477,-0.22036615604989201,-0.2064709596707143,-0.1773075107890271,-1.197700719412482,0
0.9517042081311784,1.3266249816487408,-0.7392296864112682,0.023376365711336496,-0.49687550881188486,0.2625104748440985,0.6542275554917866,0.355563784985444,-0.12878236968207984,1.087076305446917,0.5554137203055362,-0.5032112770799513,0.9627750127064293,-0.39506951240352833,0.867799660051693,-0.07940700613043203,0.6433649526877875,0.1707121069730622,0.7604251549335643,0.08569314196569826,0.061030442904837286,-0.03715807993429682,0.02440528609183308,-0.08562310719770712,-0.2431587162244282,-0.19066937843873605,-0.795673709880792,-0.22622982164911565,-0.11794774266058751,1.145890035245592,0
-1.2518513634521689,0.8218670807182321,-0.38219101755796137,1.4150905557721494,-0.0667526465515631,-0.05017041790864983,0.3421561942608962,0.2514867185193534,-0.1290665060331724,0.6557353629527187,0.532016925006028,-0.33457432305867446,1.3068699725301622,0.9801943678566728,0.5479932315852186,1.7822572122992608,0.5519206314702285,0.32703038915716853,0.06711127073378323,-1.3578900086897914,-0.14378879511116124,-0.011401183149527955,0.5245292470013262,0.006234186648806298,1.2379707459385318,0.2482264644757822,-0.795012872592677,-0.10738117129014291,0.03268501096506023,0.3363020161089073,0
1.0423385370403557,-0.9831102198712235,-2.203991359096697,-0.6403433435299012,-0.2391775524092027,-1.3944447757406664,2.092908172758126,4.7111613632241935,-0.588733661418446,0.5442005821444187,1.0859109194522278,-0.9816072018637784,0.5136144793811486,1.6538225679980145,0.3339167975249811,0.9602107436631061,0.40061359697992055,0.25354559288230644,0.5930100875410881,-0.6093804873815872,-8.293351965039983,-0.9127268310765785,-0.23382831786777614,-2.9686555838946624,1.0997402865437802,-3.214927847871215,-0.11142651964716091,0.9977971891955612,-3.5565490905934505,2.078644536101077,0
-0.9533125172483704,-0.8857978098605144,0.6911534622744642,-1.0177292185440574,1.5783113799024393,-1.0135127493088287,-1.3661942804250247,-1.339532201296122,0.6572882193266554,-1.7618026554791608,-1.6146202582417009,1.6854789665096164,-1.6976089205248248,0.5475282578873965,-1.8086088338421635,1.104688615008196,-1.9704562483139811,-2.1971172342433647,-2.029924571071986,1.8914607590345307,0.9146597333376708,0.7133540687012884,0.705259163149153,-0.5545611264064626,1.0225625666720537,-1.1100221016534668,0.6332864032705482,2.9813637659567185,0.9798899473504172,0.8034706430833234,1
-1.025568914108509,-0.20073383728444658,0.03295404129404161,0.7735493835801874,-0.2523436517490273,0.31420144797911276,0.968304814806552,0.3576983340889257,0.1099311805820335,-0.1044270543657014,0.28202452765070735,-0.23657710543135052,1.5754633688598667,0.9936700001208617,1.194126088533668,2.294914959834351,-0.19252918529331178,0.9885337162637847,-0.6007733234233781,-1.3283681746902356,-0.41058201817224915,0.0612685256141485,0.9360541340366474,0.05350340423558169,-1.0227993355404346,-0.8868602765238077,-0.5316991963519784,-0.3154754507013761,-0.0518402996986995,0.06591135148789053,0
-0.5771135143282116,0.2156288102686179,0.28029129343973086,-0.503929432473999,0.5366631074169669,0.04397222913785423,-0.27172763313602444,-0.2702275864419741,0.016089241214651946,-0.3089546598861658,-0.8408236246032451,0.6789869522944678,-0.7742734724926066,0.33706639261579424,-1.2925071896558122,0.25751983864319694,-0.7207470809378912,-0.45318588248965574,-0.5330644910752794,-0.15762006224053954,0.4481150290440413,0.016453589991533204,-0.675731827036623,-0.2686425780038763,-1.444349561260994,1.4750882277949497,-0.4885474987466566,0.8551687858836305,0.9211061875365394,-1.197700719412482,1
0.8095950387750358,0.2569817020797049,-0.7528098348241921,1.0148091510335702,-2.011092098516466,0.04008278492574652,0.09215486871652939,0.32886766061814626,-0.19467155124722652,-0.45396597028675995,1.318586297974122,-0.28333733264807565,0.12776892324763242,-0.5414365547203117,0.4870698191126346,-0.9782813282244104,0.10753940368651692,0.5151802225208441,0.7610831487587162,0.1429291825913216,-0.27227078083814543,-0.0956193104378868,0.30541599631358896,0.09085329080367449,0.03126099614750838,-1.5449884069299262,-0.6970520430737228,-0.1322267510014276,-0.06997231155385175,0.4562220597229417,0
-1.088256908713103,-0.6956603634982961,0.7739126217938218,-0.537983802386383,1.0211755383466468,-0.7350830920260166,-0.19383128633224694,-0.8423299348354115,0.5370637548954408,-1.4154873120845726,-0.9416475887950964,0.7073345287136733,-1.1297137005803821,1.6647546082305629,-1.0122843015524332,0.8448062657948805,-1.392611793745975,-1.5203435303754467,-1.4152579212384533,1.5878816232169173,0.590813906030038,0.5010055392373621,0.7566566243151888,-0.1708657171851207,-0.007641014802880294,0.027763130536746623,0.8002394352859081,0.5412572815539269,0.9880600963757568,-0.6063196770228524,1
-0.767969752416007,-0.2757430563016847,-0.41804588626321176,0.3514474230432692,0.0838234299481077,-0.42732145938632005,1.2481992219900966,0.27501348659208835,-1.175225241794919,0.17950766928020473,0.049578663472093824,-1.0920481138160774,1.0781508663446828,-0.5716792486997465,1.270608304270881,0.09847170044524418,0.4307650733890885,0.5718190284858234,0.06083574251363968,-0.10186653526520523,1.0121584031930815,-1.1691455341427093,-0.1051966046971021,-1.8159808970210822,1.0684320844866662,0.3060034157378738,-0.8572037650140615,0.4700070544637758,0.2505079415078587,1.7880886859778453,0
-1.9589467141518528,-0.32926888456912856,0.861146152369488,-0.732640147866451,1.0541839709065428,0.7418150097451165,-1.3607397733218909,-0.02835656556332993,-0.026486853857136887,-1.0787677288160478,-1.0730910261320017,1.629426623924112,-1.388183389039835,-0.3186297920974326,-1.4707410881954428,-1.898074283195608,-0.4611644080293115,-0.32639937409955677,0.36438334339095296,-2.110239650697305,0.43619119713969634,0.1332214128779204,-0.38359230088868385,-0.6508769846859497,-0.5191963961165506,1.777807086904408,0.6318377842043023,0.8826927143600005,1.1388470911765467,-1.197700719412482,1
-1.0923529183769947,-0.5909785665379462,0.35600571842617235,-0.35256186079245344,-0.06307518701503755,-0.22217580347744792,-0.6112240135796554,-0.2848956771646807,-0.4939030812957162,0.3343570816617361,-0.40119576020146736,0.8175580761211599,-1.0255398660324724,-1.0389594975696648,-1.2215783525682764,1.018020106313268,-0.934985737251202,-1.0354672011168369,-0.9385665129499343,-0.11599665152109308,0.4318516850435865,0.540055775691667,-0.7694132075926186,-0.3196316105883452,0.20380001407545664,-0.23653158434518115,0.45329240192945086,-0.49180792665054585,-1.4716997374132812,0.6305304453098513,1
0.8707673351793174,-0.45396228246822057,0.47987118225057673,-0.8120422791627789,0.5695611370233683,-0.08092011875853188,-0.541548818202844,0.3860040169161284,-0.0833909385009482,-0.3774552061715543,-0.8179215630075461,0.6746907556823104,-0.8960127438185691,-1.052340185735252,-1.3965801106830336,0.6175686038392288,-0.4414715596368984,0.06846062254364027,0.40471475722495776,0.18790440667926364,-0.36947528908069477,-0.09994764792224062,-0.3939232429728168,0.10736765470975516,-1.2099927710924785,0.6567704097782602,-0.7794961246173617,0.27451749600867725,-0.7050970102280881,1.4202642530658551,1
0.8478275331825013,0.7265914831667716,0.0037549751754699795,-0.5423845273322114,0.48127750044474854,0.10502614430041775,0.040507784079515226,-0.18367711573367546,0.003128974058604105,0.20056974299956462,-0.5961860881274563,0.7734400644751535,-0.4466237822454289,-0.3383124975806473,-1.1279019213556314,-1.5157514695994652,-0.4472661225522102,-0.16767089330001134,0.3392948662149002,-0.14321927968971754,0.3213378556344659,0.12311251135728646,0.4652535837541795,-0.2575560884489276,0.6058582253841694,0.8154504975465784,-0.5712682338682605,0.5628300856664694,0.5962635842450764,0.6832666296496339,1
-1.1211546996015012,-0.09385562730962646,0.45762760383023404,-0.6210014382112434,0.993823439931501,-0.4133185511856826,-0.5855215353856025,-0.6614753715729906,0.1161049593892884,-1.1137086829700957,-1.0132988293428333,1.0549057950693779,-1.2090454155566441,1.1764189399400493,-1.4149952005718225,0.45165826867308834,-1.2474204840211907,-1.4594441116633803,-1.3026535611919423,0.117884086433238,0.8627055304698592,0.3326302680246023,0.028055413679698032,-0.3330423987800099,-0.4111218060404314,1.6797360995467217,0.5296852273006228,1.5689841662599453,1.4102590698821102,0.07805837524246087,1
-2.3538011561122363,0.030172344260211276,-0.05499269380872939,2.04504930000198,0.06563908015557979,0.2843204442948703,0.4611939343866997,0.5483746821296922,-0.09979320706044757,-0.20940198608737765,0.7461768232040525,-0.08861434849541963,0.5960881130498779,-0.509387235200405,0.838245219908523,-0.21068828692676347,1.2194056868459886,0.16603258669104498,0.5598881097305614,-0.6814841524758253,-0.1864734800086516,-0.11744200501324321,-0.4003806226347652,-0.0467759951503479,0.45617345507172335,-0.5891649047377062,-0.7038356946111392,-0.14105456140742598,0.0612182856874428,-0.9081183585512969,0
0.8669401264155344,1.6212334546854186,-0.22039330572446555,-0.1888201980008285,-0.03158483215675908,0.7189142699585408,-0.015122239136428326,0.6900002665832172,-0.23012516907432481,0.41734046039553413,0.40828082568865065,-0.8131639914550773,1.0570023901750707,1.0341740700797368,0.15358269910841005,-0.49181300368795267,0.2938957232259985,0.7499175681033978,0.22834636718781937,-0.5599726605872832,-0.18478549094319288,-0.09396266001541359,0.09553936444096708,-0.07242313534238383,1.0059522377604764,0.7644259005356,-1.181305680845966,-0.1897612555943924,-0.10099325797639813,0.27246829651362564,0
-0.09914850583444225,1.0119935698685865,-0.2881444451555024,0.5193091738300648,-0.3472279209908674,0.2008097107503826,0.03714644202915471,0.4232708939058811,-0.1814565167396381,0.5052194939216927,0.45565636853945596,-0.9054083039747342,0.5700594382316596,0.26731883819662405,0.4895691455643138,1.2934292194965888,0.8768825839037073,0.35431296682322966,0.21055743469572338,-0.21844351642511162,-0.15846906904980443,-0.207245614862419,-0.8046981976908322,0.021410758348495266,-0.37595063106436993,0.35370159799927425,0.24621107164421052,-0.21769883798841336,-0.016490008357797716,-1.200704124404151,0
0.13374271686639405,1.302157218359751,-0.4940171530004341,0.09065587382219664,0.4271103087557104,1.2243129750881516,2.641622232902942,0.09777686181991643,0.09887519695242912,1.044259555923525,1.0579050929682994,-0.3762981186044185,-0.3432855049919842,1.6014118669403152,1.5869094296046815,-0.895761114039662,1.2787664467952435,0.3331731719867039,0.45651267177972177,-2.1714669881752173,-0.1144409320557196,-0.03558358340723251,0.31316711140822334,0.0601786991755422,1.2617472438431827,-0.41098190099224247,0.10353560200531024,-0.20446849778331547,-0.11933655727165306,0.9173391278592815,0
-0.0032777838818640547,0.8824503099823073,-0.7540856975127493,0.8325838152766855,-1.019223433721586,-0.055657376860935075,0.6816626120356225,0.1286924378215599,-0.08777561730212978,0.0355310316730051,0.8919172198129255,0.24149364329208847,0.6738274052615184,0.09081434197146801,0.6073377692026757,0.8787734417668436,1.1452819622906052,0.5705225053204445,-0.3828204481573972,-0.34786671062240404,0.06712792307771688,0.08986388560057942,1.0514672221879253,-0.14893927121127004,-0.4362080092761385,0.36692034661453826,-0.06175855040003119,-0.15179117632804973,-0.03485042776160715,0.7644239042335398,0
1.1534380069632526,0.7262549076764218,0.39004458627752464,-0.6980813478028857,1.1192258101023327,0.319075453852438,-0.9514175942460207,-0.05014687493810995,-0.07535175255182658,-0.7582947837992009,-0.501912510851569,0.587509833470375,-0.9211103329726783,-1.8362814564280974,-1.1957680818547312,-0.6323104362129986,-0.3295723659359219,-0.2218660733265165,-0.19024418295798293,-1.618308166637305,0.137813073940102,0.05972574673981773,-0.37630011873110314,-0.1086411726992587,-0.3294719223273255,0.6503986992462137,0.41072231529640607,0.5577502751852297,0.6825752908146315,-1.146227335222386,1
0.8715998449723418,0.2619683472962099,-0.4298233256327923,0.3483010028234836,-1.8302456495826216,0.3818950691011465,-0.09800103217649074,0.6047728063356835,-0.178247333863479,-0.08515057648908435,0.6718501451115276,-1.4790408744539356,-0.22636393418262749,-2.0535555330256132,0.9485862388745402,0.010328931878984008,1.1258791717461918,0.4760106174296929,-0.3567667709050006,0.17465395592850677,-0.13415545410810145,-0.016013393444203237,0.1674158383734981,0.136863428238706,1.0423501640262542,-1.496337538319286,-1.1476100159257663,-0.009488403740109706,0.4237725709255931,0.3718465057680874,0
-1.5312572960472348,-1.7744150379280308,1.6417039605916335,-2.020200786782004,2.1876215981828704,-1.5278401642805703,-0.945010881873497,-1.8952717350445323,0.06062402625958176,-1.7999077463636923,-1.8142510422025837,2.0779458727222244,-1.6800492462222683,0.7885090593333828,-1.6619516435764528,-0.39382725095914345,-1.4507252430781399,-1.3262396018657325,-1.373718468704335,0.28456675059456504,0.7864375093395243,-1.0053881908534712,0.8620274635630788,1.1104477439869307,-1.6885135030343694,-0.2602645185077462,1.2526237706373198,2.7948593600380005,-2.619343641596144,-1.197700719412482,1
0.6033910129700791,1.7262878222051727,-0.4101532987572484,-0.052626412699724893,-0.5931191235795494,0.4694648448255853,0.23730657631365984,0.45669398884701595,-0.1929331962459388,0.6635180705914737,0.6405075287817712,-0.46992313652184137,1.2918411405370238,0.719167607680126,0.9274522141375424,0.025899363424457335,0.6006077910105317,0.10651436101447455,0.8127381163022968,0.14049209476343988,-0.2541927918128418,-0.0030349327906038243,0.6787709565685357,-0.17158852458921942,-1.69233735642294,0.54313260778353,-0.14921267301167404,-0.21467364137250833,-0.2239571751609385,-1.2316569034375708,0
-0.16653918118044328,-0.5318324354652263,0.26686098517415635,-0.47894874086274175,0.6653407780789464,-0.6105778256818465,-0.2637526947280684,-0.513490568077377,0.122412886514183,-0.5776920906877222,-0.7639631104451277,0.6182059168886226,-1.0426589083016693,0.04816752750756939,-0.9952403406537749,-0.29319109919907305,-1.3974263436843724,-1.351081443111381,-1.400322131456571,1.587344230470256,0.163531500273949,0.2837214611784467,0.3610707522571733,0.3449210336490408,0.517554090091286,-0.8302317507307131,-0.8325797695921232,0.5151582962871666,1.6637297946765974,0.9588979989016697,1
-0.5798167825468391,0.8264509054054817,-0.47461267143773855,1.2273742912336567,-0.07568816926078499,-0.02753093454004475,0.6010905593513214,0.21856236660531048,-0.09303274749342713,1.1325244005421873,0.4695330740886858,-0.9871165664585537,0.7203053325388195,-0.5239695705031664,0.5336132200607878,0.5165592587688624,0.3297023992207425,0.4358371692833305,0.03696013676936921,-0.7104697438413534,-0.23012608664173162,-0.09547308144502933,0.014636283169324577,-0.03216133648895278,0.10134885369192694,0.39412664673819786,-0.8532578231094042,-0.11062319325086512,0.011616457280667921,0.4353630685010699,0
0.3392561313819313,1.6367117521897085,-0.3666595454560995,0.0014033186070632146,-0.3469790801094519,0.35136614181867,0.1011202421016668,0.3640490927538616,-0.16528141326370097,1.7930267353685065,0.36558827518239584,0.28260122069800514,-0.30826289868804174,-0.07285193049123759,1.3895551054755553,-1.0426626692516034,0.7745695492821819,0.8536671908380485,0.7233071746032319,-0.15846020245760456,-0.38750679142596733,-0.2618126904612979,-0.9525858672075411,0.32122982478749335,1.1059643319564205,-0.6743312753850791,0.2083897002118411,-0.297877778786322,-0.16363641390863595,-0.6133950639432414,0
0.04470372688087916,-0.6491643192761122,0.33172442602184393,-0.6881410064348217,0.5792302473199664,-0.8116455986934349,0.37810360207760685,-0.45357130689278813,0.41008890450110697,-0.8997824726237066,-0.8155930878997456,0.7077014944305724,-0.8594576842572584,0.3174679515270681,-0.7038590548224977,-0.5866995313641064,-1.1429333426495745,-1.2465503420897965,-1.048679617066581,1.7633171860641812,-0.26593239173951144,0.27503172414280863,0.31983097625274093,0.13046389648217332,-0.9329185570463211,0.16702749337959388,-0.3365186628118629,0.6050732533175512,-0.6521620671784656,1.3552023685530397,1
0.9223833019100557,0.42658873837796424,0.14321689808399646,-0.5171641716037831,0.26661752290645285,2.719778708933723,-1.324914755047961,-0.23586311485410372,-0.6585040285351599,0.3000321680267714,-0.13188023303143015,0.3700125219003799,0.3500157457659794,-1.5199577901324026,-0.7726017719103139,-0.4652943770554854,1.8884757004694317,3.638270376454134,3.6728390696708706,-0.6964357241968027,0.20792569392881435,-0.6168699273787608,-0.3368563746879132,-2.8010365254090117,-1.378594262718681,-3.1942324464462843,-1.7744743987211202,0.23522730882619483,0.5952449701603103,-1.197700719412482,1
-0.3482900540646495,-0.14076872839576993,-0.7907682933446569,2.3917859574584286,-1.4072591443219884,-0.006277748515225353,0.4833511719197088,0.03830840647185723,-0.2884919448281288,-0.5656465773102984,1.4681782522035898,0.13434275931653888,0.1683346816223667,-0.3497946731499801,0.4802078477266616,1.034400059115228,0.0695447994286521,0.7554418538531014,0.6299385835183834,0.3369899398970566,-0.4940271917442579,0.11577460996674102,-0.23133789745634606,-0.13544215899273127,0.3437607165563801,-0.42128139582941887,-0.28191868655486013,-0.05624195402795115,-0.4438723014221087,0.47180739815224776,0
-0.33729770688897365,-0.06389477381002592,-0.41319665768135544,0.41040091272696044,-1.351111818943256,-0.2820864992022029,0.8368126653278825,1.8499789331534744,-0.24563050703119754,0.8629848536545064,0.002323106362071111,-0.9710114556089823,0.5593427000585156,-0.4494444159087059,0.746226449021251,0.9715357219095055,-0.0865651573274027,0.4963628080515853,0.08261475116291551,0.310344219249718,-0.12140159209632616,-0.07136895073624212,0.2922940559396934,0.028371891608525792,-0.4560690737241451,0.8123028320259108,-1.2272005876168048,-0.03383065651289702,-0.2996076069229997,1.5909582261551574,1
-0.16706310440864808,-0.45944408890763394,0.3034756402892793,0.15891863483143098,-0.18617714184327971,-0.22577299271960505,-0.04084617221684343,0.06731438440482537,0.3055500032137845,-0.09305790090679317,0.44219452187044406,-0.2285541852854574,1.6063281300376497,-0.20907178986330277,2.1563523384421392,0.19678795021252624,0.7214211851065919,0.5701272489420821,0.8064975872468139,0.19836309063787072,-0.7328554143866318,0.06146525610968796,0.3597350961272168,0.22081236345034044,1.0247266458193127,-0.22761452159364276,-0.8686302519386804,-1.0222081507229657,-0.5585090141235879,-0.5103344294209479,0
-1.9037813902831575,0.5844984584491598,-0.5892427680487504,1.33087156227835,0.011228010144991366,-0.045673254007118344,0.6377675328611251,0.24786222715880282,-0.14127457351002065,1.743315668360847,0.35633849344790575,-0.11185301154462453,-0.07145212771152701,3.088634719326494,1.3542981870555282,1.0483027290338727,0.7320748345497707,0.46864777774921773,0.48994363365469495,-1.5421788641795953,0.232520454165064,0.013130840812475742,0.5601718068769833,-0.2426355353284823,0.11830417771802744,0.2618885154778997,-0.6142673921638183,-0.16035880320950216,0.08480665113882056,1.2238905933073536,0
0.7181492202691928,-0.48986223561733755,0.24900011509398545,-0.43140229284508597,-0.10811852154511313,-0.09486156638439487,-0.24907486498920842,-0.0364268025127479,-0.08764446780524582,-0.3825035842436051,-0.6425779978193945,0.9192006715767554,-0.7015898363483714,0.7552487365890465,-1.0133400604008376,-0.24018844190125332,-0.8381671783055372,-0.8690232615117034,-0.43610749253188247,0.7341166672352388,0.036845264616570096,0.22204669267348617,1.0750956628128,-0.2688916277469099,-0.8475006221932526,0.16818812228915975,0.18132000774421206,-0.12025662079442173,0.062050686889992664,1.025363112856709,1
-0.2979050348209713,0.8930357507718782,-0.05247804938460555,0.018731868102449645,0.1404517605926915,0.4811311512099183,-0.18762187070397146,0.47508813028814884,-0.13967082131695663,0.47627092722300585,-0.02583943713782907,0.360007837271523,0.3139312930373603,-1.6183581674347254,-0.5499753060249906,-0.4414864335517125,1.5961251839222155,2.260264201614415,2.454910743064438,-0.5958189498647058,-0.18735658015769882,-0.223309268149316,-0.7703597563966135,-0.179079488998244,-0.2236804023939749,0.9966948253568564,-0.7883275639163528,-0.11819122350054845,0.16421106719806228,-1.197700719412482,1
-0.13332736236467946,0.8767358455913533,-0.008795121358503567,0.051685258685814875,0.1769479941034714,0.5450941661232087,-0.18428808222196663,0.5359698876869294,-0.16969207548738105,0.4331835916093979,-0.09317718997266541,0.07061905964789654,0.6200730105704907,0.30383522451677514,-0.6409079200096185,0.29125106326799854,0.9530739801325645,2.6196005083435843,1.0508269794584897,-1.302941667526031,-0.11271953074872634,-0.2154995386082623,-0.5901198696697081,-0.1282890980863931,0.005146160410233047,0.9654751552403269,-0.742715069602088,-0.08207932981817784,0.19394782129981994,-1.197700719412482,1
1.082102116892584,0.08723892881383445,-0.21101570896773714,0.6911551383316157,-1.0085248097494597,0.5619506300756507,0.24424681897384531,1.0777709883600546,-0.22694573166129176,0.3790396326339057,0.30937071408558076,-1.2715436680504946,0.2562716628974882,-0.8927018378111187,0.8128990088565737,0.22382983671138015,0.07154938830281497,0.3705064635259832,0.0610107757116222,0.3190021269860261,0.05204785693266454,-0.12476342488853517,-0.2425635452903057,-0.119684655534286,1.1662348240447549,0.10090355594898563,-0.09711952141994369,-0.3174785246565676,-0.2623321094410765,0.7867294517218993,0
-1.3390639321706934,-2.043994062406315,2.300629632074065,-2.0310455329901393,1.1474489048420267,-2.3561035979587484,-2.2567083936209094,-1.8375355689966966,3.545896618166341,-1.1262029329835292,-1.2662260108003422,1.2581452460368914,-1.1325244010403286,0.3370783119127283,-1.099020440473566,-0.04494870212644468,-1.2909972904932274,-1.4527661080065384,-1.4064142018530976,0.6750753811928185,1.2632730680733182,0.5222697420247318,-1.2146414091879443,-0.7432647389005855,0.20906822948923215,2.3283513716412854,-0.4988941667179495,1.8769076735077432,0.9184147166072842,0.8602705564075522,1
-0.13986918516245672,0.8928686975339574,-0.04628086497244725,0.008362318546075406,0.15944982049304102,0.5462288829544336,-0.09904356466676387,0.4904929676672261,-0.14474200175787463,0.6101297376589895,-0.08060485263309689,-0.16547750913374712,0.13314363183063802,-1.300737100416102,-0.5873715067512085,0.537053531672914,1.106887712650031,2.606873913798313,1.3602769275433688,-1.1782715776864021,-0.21252100663064993,-0.23112842801741848,-0.7508654801466228,-0.14515609636888022,-0.6462757774469833,0.9383720892832549,-0.6836757162034991,-0.09475126835672937,0.17940014658951628,-1.197700719412482,1
