Time,V1,V2,V3,V4,V5,V6,V7,V8,V9,V10,V11,V12,V13,V14,V15,V16,V17,V18,V19,V20,V21,V22,V23,V24,V25,V26,V27,V28,Amount,Class
1.153506309093552,1.5231745096375737,0.15473869853314767,-0.3945744180716547,0.7895221609219839,1.167673936650346,-0.3474300887717423,0.8059886479822351,-0.20518826346546906,-0.39818775509751286,0.332817971393992,0.36932192178169565,0.20919545886897745,-0.6828431351615721,-0.6297285130282814,-1.317913753086414,2.567067969308145,2.314893897084556,2.420511961461492,-1.9912749229169147,-0.2475042515469336,-0.1402313576537369,-0.3052145375336368,-0.12759040550211023,-0.7422647087713318,0.5032554433353954,0.29180458777087603,-0.20706772760733397,0.030157922108120058,-0.9170456060486184,1
-1.0497839227194838,1.113051482570557,-0.8755507958011571,0.9252260637715846,-1.4599762889856833,-0.23790180528734298,0.44034691153649697,0.009498037645374243,-0.10003700944154809,-0.3270948771610877,1.4478894468570012,0.0008638526613347521,0.16423617719368694,-0.7934416810796329,0.6277193520661577,0.5620921599770555,0.3297238080330203,0.5830036586522134,0.6510794569748699,-0.6431759858478282,-0.5330697262716728,-0.08705129449018412,0.2581889271507228,-0.0032614162622179605,-0.055510149586896304,0.20668691259791688,-0.19909308696244873,-0.1343818628920509,-0.04704156956887263,-0.4057554558514359,0
0.20803135665342343,0.025574731906481935,0.12042514893037681,2.026890195688611,0.7892129595466213,0.16548274771632573,1.210878863794308,0.20330133397383288,0.023286992800847613,0.16696282585164016,1.1114301980451653,-0.0012527393193011397,-0.10731313228523763,3.219867024373731,1.5579485583392705,-0.7855477003885342,0.8525228175634046,0.5701892707278342,1.3011089267038594,0.665035411893426,0.147755662744617,-0.08841649821917308,0.3074866300119906,-0.044190623939022344,-0.6941181982941607,-1.2994596280741977,0.4038776849012395,0.20343116323270724,0.3263922267483045,-1.6230553716641472,0
-1.2242844675185611,0.08047828922288737,-0.3537380217099442,1.8700725026100478,-0.5984412169099677,0.04361014281034611,0.4867345536137733,0.3474040390815547,-0.10923289874875272,-0.14910925036136824,0.7294666405877921,-1.0079113832195743,0.2888840056960862,0.012834244345203446,0.5812787332024274,1.2868427681840722,-0.16331350792371763,0.39939447939254147,1.444758991520812,-1.6899252180352422,-0.5554074897965037,-0.11390458167720297,0.14869581442504418,-0.08128505904880709,0.028868226149167023,-0.23016981592172076,-0.5634994486980986,-0.08636931740267152,0.018076515880482123,0.29810765730058075,0
-0.6634347022370336,1.0124754139360248,-0.26286874189449616,0.5752108882089568,-0.2216912685387729,0.28714540327691096,0.26108824669646724,0.45333214145261264,-0.18926989506166825,0.40936360238370934,0.5472314226943532,-1.1428872960610625,1.0780390697859574,1.5600389124283385,0.6254529530416281,1.0510871460471554,0.6761110610934621,0.17745343262713356,0.23831751121356237,-0.27523598297887375,-0.11853882000421496,-0.12817018899098395,-0.23132511777534906,-0.14466602125574574,-0.7833821485000942,1.00217194621883,-0.9287534298948047,-0.15920363583616323,-0.025480312455129692,-1.146227335222386,1
-1.1700148234723482,-0.28859799703848227,-0.45949460318272334,1.4156892144626183,-1.6140336526650125,0.062066055767577163,1.0277865343914523,0.39032931354682593,0.004719694666214923,1.6729884920441112,-0.12531702713095033,-2.3313582235954335,1.2248848704590272,0.724260601458192,0.322055187385265,-0.44360196628042625,0.107384886709773,0.4343219347387503,0.2992878021429236,0.36882523488830293,-0.1842987664315126,-0.09311645921076445,0.0992481827814635,-0.42624689679253575,-1.9766994508421987,1.156423032870986,-1.2838524553397435,-0.2228871722044538,-0.2179141618550588,1.0415023052710348,0
0.2043107808805627,-1.4626538951757322,1.3328111799703497,-1.4161895967443359,1.716159694426153,-1.6669570240207356,-0.9787315582782595,-1.6693164060175745,0.9281865640618487,-1.7816940823085796,-1.7586192469682151,1.3554653564578774,-1.7974505304717059,0.15507704480534484,-1.1378995364007363,-2.2227704922440052,-1.8472142128775733,-2.1272825047438375,-2.224251232900589,0.6629423684697033,-0.26834576195003224,0.2948675094144068,-0.3382069360430386,0.42291942262186,1.323922899261056,-0.6762846813301985,-0.928283977459191,-1.0567165354485035,-0.5285382509523427,0.4101295277229803,1
1.0727408050246416,-1.0069423326259637,-1.3639142806755187,-0.5969890027079365,0.2345712635193634,-0.00835181608667873,0.23775556104675546,-0.45249429086349885,0.3663863711302318,-0.4572723674677708,-0.7036048238878824,0.5880140003514264,-0.6210646902409153,-0.36967924089668286,-0.3797101996344118,0.42367285922964054,-1.015826443865172,-0.9059360574215245,-1.0310388218448667,0.333596728915789,0.0870331667062519,0.3777129321871067,1.035856109003456,-1.2049059020039894,-2.269735347075326,-0.4528515485988971,0.21560740272685658,0.904267680885768,-1.3023028548815698,1.157819909021118,1
-1.4287803020324015,-0.27770944986219753,-0.3591466952595985,0.7196202630878676,-1.3511593461696059,2.041113870484356,1.7678817444841826,0.2684693152867927,0.03983133270936112,1.046368802977155,0.3034928623138345,-0.18169387920990634,-0.34970619786554985,1.5171677379686639,1.8492741214848796,-0.041622663051238226,0.9797568817289303,0.29603896638447763,0.456555729322278,-0.5968691195207366,-0.12400073748935236,-0.2707655207225457,-1.0794726843442222,-0.3261061995509284,1.974368250287327,0.5117921115721134,-0.020181468860663576,0.022553366118736762,0.05102426829984821,-0.530759660896656,0
-0.9491125033794456,-1.6493112641957244,1.1614083330766913,-1.4973031635841774,1.028393103812669,-2.0307214901972643,-1.4329886550493267,-1.7914929241765325,2.191406948729853,-1.5764554705253877,-1.9955505612885214,1.1530952508495216,-1.4128650036536117,1.5704903695185661,-1.2684279498185462,0.7895294612053151,-1.9995272474969086,-2.0644597778314546,-2.060138006182515,3.2740598554878124,-1.179338327738437,0.9498923613118427,0.7757708161216748,-0.24104695618531433,1.5545047339404041,0.020224954408175216,-1.022366121211388,-1.4219462668965093,-1.366980282277574,-0.23478802861869955,1
0.6690199427285439,-0.9628129024513905,0.9460675118864026,-0.8209774477869516,1.1233167990943367,-0.15940424353122423,0.8031660359932724,-0.4598539456445138,-1.0057377334119724,-0.054643469252711664,0.7761000782399159,0.9826963779162535,-0.7813129095671404,-1.0773251367164496,-1.1498890037430312,1.1204574089172208,-0.3610658885172206,-0.28275208962094645,0.3609349544169904,0.4942259816456149,-1.28431995033163,1.7378443521820517,-1.2418454461632717,1.3549645500606158,0.23863829288252766,0.02404535723998035,0.916258948503575,0.11881184973759118,3.2351582597935704,0.8861578601751677,1
1.2845217361541619,0.8973985890762634,0.021678291069901042,-0.49483936998862843,0.32556651748138277,0.1341672245554129,-0.600792765228009,-0.009617994264517447,-0.09242457783582378,-0.1105791733072707,-0.3612347970650199,0.7824363040380967,-0.412511313583489,-0.5728868958016797,-0.783376390846224,0.14899046103794486,-0.18673596803362877,-0.25350400770588744,0.42929567034895705,-0.47305120942290696,0.17704249705561842,0.11524927117351284,0.33469319983743046,-0.1622047356259458,-0.495415645446315,0.4796202982373375,-0.9346361979044693,0.3804635030048582,0.4349238097245215,0.553364687597955,1
-1.0948396380311476,0.18303866676797756,-0.5451850084059323,0.36153988882148275,-3.2637091538792333,1.005630297619956,1.9330911918869047,0.27506099762096065,-0.06152159979968603,-0.30425766456637865,1.754390853765794,-0.7189701224206162,-0.0023374431499255987,0.3421211230036445,0.2833453364701305,0.06093199342690711,0.43726300129015283,0.24472467891749652,0.4230928048042269,-0.6423884623663808,-0.023388029060693823,-0.27060281184043405,-0.653030769187503,0.16130866805608124,1.9014038792385857,-1.7031861985266117,-2.027385387975074,-0.042495944023921366,-0.23473122050648634,-0.4979673530185024,0
-1.3362317300352216,-2.147449687382354,2.4467717063156615,-2.1156574052380557,1.165611447067665,-2.5073878527066804,-2.333346278721976,-1.918233472701304,3.9245455082792664,-1.102214786157048,-1.2369438387713059,1.1780379724399712,-1.0737148192314003,0.55893628090712,-1.005778666978211,-0.0696994277104595,-1.2355411126683193,-1.4094435718970948,-1.3935621144549648,0.5850132849367606,1.2853510637562535,0.5260716229958884,-1.3433873569817456,-0.8504437866399964,0.23453465105730967,2.6270025868667277,-0.4952808240300663,1.7686532548051648,0.8677082438851187,0.8602705564075522,1
-0.4246029476160389,0.9759308559013501,-0.3149271062373236,0.4569103434711263,-0.2561252392461326,0.3052644350340247,0.3817200816176723,0.4298511718750587,-0.1512297997386166,0.3529128503122712,0.6492186079825915,-0.28948074887800285,0.8811581695599459,-0.13972902617730873,0.9765036593630556,0.3000385006280878,0.7754280222084287,0.15198884054821943,0.7635783868815403,-0.027307515742144843,-0.19533649225037145,-0.07839780183878377,-0.001687673146227042,-0.23119246870774995,-0.9248938916039844,1.1595513864241709,-0.6514798435250033,-0.18706698981083894,-0.06292702515617231,-0.18811054237876487,0
0.20382105725864091,-1.575206791567335,1.3957165261813205,-1.8928292581742026,1.4119172023018973,-1.8637756245232895,-2.774324945504618,-1.6531948414137967,1.9853738055363137,-1.2449847559130307,-2.093024308938719,1.6730940062563728,-1.7889206325846583,0.5262299814928273,-1.6151523263481515,-0.8090120131965622,-1.747366641147904,-1.691832423778327,-1.6181443597963026,0.9459399989658565,-1.5917064040104203,0.9204144902708419,0.48408336591448275,-0.6737687391758727,0.8256385972683633,-0.25438239804662505,-0.03787644734227193,-1.9870510989849286,-1.4274783809496099,0.8781651505187684,1
1.2705461798622188,1.328331904295665,-0.7452154241673012,-0.07287437381612255,-0.23547838968140775,0.1989399877813487,0.03163000162877949,0.5970179694239592,-0.24387580619231192,-0.0770357098600095,1.030294932854429,-1.037672448025849,1.0067791979050817,0.9634017150816501,0.7677925237461802,-0.7440570234353292,-0.4328845230785283,0.47689701761081266,0.6643493357090126,-1.2635753389808537,-0.2432523252859346,-0.1396739664511735,-0.24597987780023378,-0.08734175483838452,2.310853145161802,0.32138945870933194,-1.3007794620655435,-0.22459905337705288,-0.07535239586511376,1.248036762689033,0
0.9498114463177952,1.5770674361958206,-0.21342423645005892,0.15114077548924817,0.5666381831279627,0.5794596323697928,0.6634438804572945,0.47599680621930973,-0.14757403305862007,-0.01610016812673945,1.3371932007241658,-1.7539511873721887,0.33212513178702996,-0.14606273711689619,0.789344957411249,-0.7492040920878588,1.0931407829928426,0.18392281780858363,-0.08960988336589208,-1.289301238970151,-0.36066479223068204,-0.20003787085922567,-0.7948752574066255,0.28423897990179164,0.30830376786730723,-0.397931416799753,-0.7704075762015467,-0.2352209852896034,-0.1492204496990702,-0.2999074195354674,0
-1.0556578207444307,-1.1695284707572098,-2.777553116694658,-0.3070103312423122,0.7690285794058049,1.2918813255588715,-1.5955746615959743,-0.6334710187526498,-0.1197805351312751,0.8918876523494493,0.2787959109210018,0.679303875035112,-0.3527890836174663,-0.07588826556940236,-0.6823747054357707,0.6767922458582617,-0.5955116991896192,-0.49909863366884727,-0.504434362722408,1.9124998526548913,-2.5654621162644715,-0.3630610368431103,-0.5393370233415585,-3.335263503884414,0.7813347432240428,-1.7018100070750215,1.0026594125832657,2.4607543357365316,-2.8522261092495222,-0.13346705627178376,1
0.7398266940744576,1.573833877295177,-0.7580779957091275,0.04446235440886873,-1.1332996387968826,0.23264832247636152,0.570941029847896,0.2812661197345506,-0.14579436105375831,0.13008610803033943,0.858144261291726,-0.43666030416897866,0.6667839423484784,0.776690254679026,0.612820959161474,0.8976513364882772,0.3880877835209553,0.8392775787760843,-1.011983105401186,-0.5709191826008341,-0.05805631501874715,-0.05971514808568778,0.10906496544176193,0.2612591368003029,-1.6684804087579246,-0.737372108789982,-0.7554220968122053,-0.18134166516998568,-0.17697331012991413,0.7541293315721803,0
0.37017547033999576,-0.42787245048276357,0.6727541697136464,-0.7364949792325922,0.8288684292726447,-0.3227988599581572,-0.3732475879190187,-0.5159489909555612,0.07914100165337334,-0.3035565491486024,-1.2946040669256864,1.7221304483543258,-1.403943341621845,1.8046227033379565,-1.5840850635263977,-0.7815763989583782,-1.4502734787518614,-0.8926847505320565,-0.5068061584136424,2.4235420950992173,1.0066797749124914,0.29721408956458745,0.8067282263922353,-0.5633435653937191,-0.9338337983350377,0.29254986933926713,0.3110798663821018,0.9853975445755706,0.6286352779359051,0.8780349989083099,1
-0.9961971658927566,-0.04028154076782071,-0.14218878971615675,1.2478969479640223,-0.1396709749215367,0.3682508571589165,0.7386887142627262,0.564127675062527,-0.09094996369344509,0.26369369333298615,0.6516893891426189,-0.20608017923026992,0.8002773364773931,-0.809997467339692,0.7960712669722696,-0.39838617000364623,0.014794376205498352,0.513552394687718,0.283456499438852,0.6458560973307325,-0.00177626630740239,-0.08707318487863207,0.1683852907558925,-0.1934391645057916,-0.554524352892672,-0.2580508352302386,-0.5126954670998457,0.13104521460379107,0.34053835088408785,0.3873879538173491,0
-0.28786577570879185,0.09123844111850783,-0.14861282534808476,1.5525994129635796,-0.355442539678031,0.38143952534847797,0.14440308626817355,0.759660358458499,-0.19771308315566397,0.2165966981777465,0.4687164808179177,-0.5186584570610524,0.5289045221541464,-0.2058358676421495,0.7011218823135009,1.089398318588349,0.17351152410228318,0.3791168729746192,-0.02463835028436894,-0.8287014612696194,-0.1113610783350972,-0.04718749300709761,0.364668611865738,-0.18977670265547464,0.7634624723498918,0.07691991168910263,-0.8688182514842483,-0.30748891488478297,-0.4512053298551507,-0.03734668615448289,0
0.7529094865986177,0.11048229076617624,-0.04723161878153152,0.25108648405906736,-0.8744430509965109,0.4135701376668032,0.04005343516998472,0.6161260589376719,-0.08446127667648935,0.232443176804706,0.4362781685122415,-0.4033724702060714,1.0268951472970598,0.00994815891021377,1.2236333215109212,-0.289416736648287,0.4245290121024394,0.22023826452497333,0.9098488630586665,0.14744150293593078,-0.20593896391649602,0.06977786765326839,1.1638282954643997,-0.16316195339282244,-0.6678287884277387,-1.1569691874765335,-0.4743554764171433,0.22781495856519862,0.4393091079325071,-1.0442090094085774,0
-0.8378050907920208,0.07418280923958719,-0.0346282905177964,1.309582443896827,-0.5651366275109297,0.27897599262050043,-0.07902027597480246,0.6801190232782657,-0.1722821818568846,0.17437405491350214,0.3647136200828981,-0.5822016314319972,0.808492860287401,0.9506385888481731,0.37369031215194165,0.8732421227220976,0.6516681357375074,0.40210421109908095,0.1374204933702334,-0.30146728849737886,0.063541842949204,-0.18148277023484197,-0.556262851155542,-0.06444323204310902,0.6711826409142966,-0.29696236356301015,0.1263347139344319,0.07867478123364245,0.13590454675345645,-1.2316569034375708,0
1.046753267618276,0.05323506709418967,-0.6726620964017688,-0.10933225081435753,-0.6899640833974701,1.092814662396107,-0.3533477319380956,0.3769208950299808,-0.3443418988208129,0.9640346939711881,0.6621125068776895,-0.4040709371238973,0.51857843817347,-2.0479310324330293,1.3302263338935634,-0.7899227430730724,0.008629092310097,0.3461453035426583,0.856744178246678,0.15259840181296783,-1.1821828025344563,0.39543932220426137,1.901620377630429,0.13724216237552303,1.5760133860373922,-1.3218146409412928,-0.44773376047622276,0.19965080554025896,-0.00221090565802813,-1.2991855448299783,1
0.7183482325665188,-0.43469808957019085,-0.3932235796782704,-0.33067960126639057,-0.8226934404677123,0.38609276537327,0.05983906105796982,1.0611537061893583,-0.6635279182180981,0.26590548975339817,0.6575920088231514,-0.4822090812264624,0.7429946840391758,-0.8748519131274234,1.498569464252031,-1.3608833368398012,0.4094610239601656,0.28920347099903293,0.3686659263149705,0.047431409827036704,-2.6463507672737423,0.6939743789364562,0.9003776628688992,1.481508734942077,-0.44815663966939706,-1.199371369172734,1.5032369980197482,1.2462159548719536,-0.3757931651836199,1.3085666577522932,0
0.20550553641821842,-1.46861386972521,1.4459495826617663,-1.7798945249180587,1.2632833586556693,-1.6777715487898042,-2.2644516713770937,-1.833298711583727,0.32837572976948604,-1.4361082612343143,-2.0693485884897678,1.5707189801034636,-1.7464827934889888,-0.09892807075160387,-1.283525668478286,-1.1327364527156165,-1.892218285517704,-1.8827763888183233,-1.9216707798166317,1.198153033490012,0.10738471321108822,0.03544641047854559,1.1427355331482936,0.18465173087049935,1.046305339735324,-0.35791248451447977,-1.1310357223292398,-1.564180588483504,-1.1632463480463298,-0.17077481142442633,1
-1.1883985920751468,0.9300188828764655,-0.6038411945877751,0.49293085051834623,-0.8880057465362824,0.08009914705752641,0.5589387078300838,0.2075000312459739,-0.09967067084018681,0.005182041777150072,0.6506064059914737,0.29110697112572004,0.6749171742761518,-0.18829007797633868,0.2125969698774667,-0.1534382330310053,0.9488658326006926,1.0991283024062406,-0.47765129775020615,-0.04529678543114532,0.002672029762149664,-0.069821386873347,0.040799192183347065,-0.030909996450208192,-0.6588312890451312,0.34571332700496726,-0.5848228695912557,-0.14784266543272614,-0.012794613118367444,0.5167659988677652,0
1.539124705607093,-0.35363328135336725,-0.05488169159740733,-0.5471823380265872,0.060628523354715205,-0.20316591442267476,-0.7088135764226455,0.15749364435837707,0.003811729052586746,-0.48699461974140673,-0.7762261903964962,0.33554667355383805,-0.8210444625802602,-1.1276542957325324,-0.8852014862944085,0.40193365929534164,-0.572670642092364,-0.4809729226960108,-0.35628629469463957,0.08650731449831639,0.9971355192106611,0.19009398330941438,-0.31262965641322954,0.581408055856679,-0.5447507052426651,0.7725271021036145,1.4860956180457232,0.1251778302734512,0.23494785397478848,1.4506231848885502,1
-0.5752588916400923,0.17567410639794293,0.13045361875426964,-0.22739894781962677,0.6999345626728353,-0.21806053702365252,0.015294427645979302,-0.3396821634999381,0.0768711643453052,-0.6288328946680526,-0.401974451473996,0.9540681105462419,-0.8298833170925164,-1.954291042436621,-0.7305040671488845,0.26510875054542865,-0.7089996058518298,-0.8518133434189813,-0.7112257651546636,-0.5927341790195149,0.22576213598418962,0.19557919078252176,0.18229653263015916,-0.16436839131420544,-0.002904906247706627,0.9377358332607285,0.41701129832885164,0.720205291100497,0.741096013868242,-0.5639182443015484,1
-0.7198319848711903,0.9588762759657097,-0.2871444571172298,0.629948059538897,-0.2956926163327352,0.12729319062622899,-0.13091387262297696,0.44667722044050173,-0.19569333316765997,0.43231695918137364,0.44658609261761806,-0.5336786072576226,0.9038096704247035,0.7086303547572907,0.4587972922624968,1.17075696363338,0.7360470307731983,0.40432809098538114,0.07679721806908571,-0.39322879911457614,-0.10920785445845002,-0.18799720616170715,-0.6980561369144095,0.06354842700378709,0.674671422369602,0.2584752150264162,0.17142533170180507,-0.216401036456857,0.0025632333905955366,0.023233414500115526,0
1.3137255670644927,1.5189734416018337,-0.7662770108623944,-0.22829824388351147,-0.7009355722557163,0.19446665081350245,-0.578248542273246,0.6938344853576331,-0.29066716237111534,-0.07700523116394199,1.062523610046362,-1.3540333661928274,0.24861326444222923,-0.6950172311026201,1.199472483838328,-0.31834778666418945,-0.40632507969959997,0.49894785927557356,0.8249114657334806,-0.8437269066804,-0.4012542698913391,-0.08636033825693916,0.10909894129338696,-0.25251168878853725,0.1745219953623485,0.5506630761154384,1.8524074319107746,-0.35414680272698584,-0.1882362610419478,1.1629781095108167,0
0.14863292629819536,-0.33822960807185115,0.062486390268360704,0.024605980716138738,-0.30785637756413675,0.14767789705146628,1.047360567240067,-0.3514001561404859,-0.6751617647793461,1.3446599814958164,-0.5197502139110572,0.36569654700856236,-0.7783045157253254,0.6768310558714404,-0.2976948215201718,-2.151987670838276,-0.45672998813574267,-0.39170909896867806,0.20383511976059138,0.24553068979536213,0.40162040016103184,-0.12196492903682703,0.7806963892271634,-0.29581050127408365,-0.6663581468519042,0.21443905853525877,-0.1828431509029034,0.21122665816921138,0.08243349095145272,0.4204157509038837,1
-0.9493147931924536,-1.5857010322546632,1.2380648758675976,-1.4369231159460771,1.6435293921351979,-1.8513302843018993,-1.132630954861066,-1.6530692367113942,1.9533274518897195,-2.211185398490777,-1.7678753319555458,1.253030099478286,-1.516788344092073,1.525067672812656,-1.2782244713094024,0.6713611343438908,-1.8601942357211496,-2.1364894707374917,-2.184552406428813,2.2963934442220646,-0.9736496109579695,0.7848191123246727,-0.48509296600151836,-0.2430802009718821,1.3508532116607437,0.25903897274257515,-0.02965798226064846,-1.1954467825214943,-1.4753880606167449,0.6234135747228694,1
-2.2116635668351186,-0.03826372192221111,-0.2503552587866846,2.3808827257806042,-1.3462971787755222,0.1639135416211691,0.5050733694899782,0.49502769864816704,-0.12818481527787673,0.7482117767005041,0.34761017155558815,-0.19770160747289545,1.2895550062605665,0.3846095321000708,0.31170884982986335,-1.083982418251757,0.7976317436615589,0.1776765850533383,0.4078167251900238,-0.2517626183965819,0.058031802566476505,-0.1278959689852647,0.02093075715546075,-0.27896178021123663,0.1055262511248989,-0.2399197712751868,1.5473835464108054,-0.08876029514195598,-0.2348146465368735,-1.039683536710673,0
1.50219716233609,1.7098462279616273,-0.674870280687631,0.07950644227172297,-0.9967231143520262,0.04507363567733854,0.2884754778602562,0.11000792012003065,-0.12283843419254009,0.37450520963034684,0.6768502494652061,0.06521956503607418,0.3865229438418356,-0.303698380205209,-0.004819409211867546,-0.2719290956118459,2.074949799569768,0.8873527387457238,0.3034092246178657,0.11102525015381583,-0.05384526787790341,0.017319847870769147,0.6773379960667086,0.09294558882395956,1.1725194588309953,-0.3889406826507842,-0.30790458408248406,-0.17231364655362788,-0.09801719233065263,0.10122012099498467,1
-0.45244038553054905,0.893359923262654,-0.028248980021644266,0.012931856141638897,0.1568781704044379,0.5813552386336638,-0.08656986152553348,0.5122562504589226,-0.1553479329483715,0.5242496682933134,-0.0869957484507714,-0.10091958729284219,0.32245455732291844,-0.4553056540331825,-0.6166516508205867,0.42394221075094524,1.0694799151039498,2.5716225607003578,1.2513651246120725,-1.183846783300189,-0.15583189409015533,-0.2272482635675187,-0.69307556473723,-0.1545390758758561,-0.6058211358883308,0.9906484098373626,-0.6904594762337327,-0.08850387893720021,0.18336246950981186,-1.197700719412482,1
0.46710859227539125,0.25614132611029744,-0.0843436566328119,0.3309421366450421,-0.8528456170162951,0.710083012296083,0.2883169520258086,0.6727621275028172,-0.14682753203040866,1.2099423126515358,0.2086496549834209,0.16545423678673432,-0.2593537475928512,1.0906382147911287,1.0566613882177138,-1.5019724951271027,0.8504238206368478,0.7023351088281249,0.8080745801831022,-0.24986505868788847,-0.11114436942822382,-0.25860553608083214,-0.8589551374549835,0.036757800444346865,0.297364312452687,-0.7530775406662357,0.13882002058037254,0.004600606623330125,0.06359663376308589,-0.33772023725580147,0
1.4124601555456813,1.3769108660316993,-0.504337808195443,-0.049821396202980366,-0.06940922844754596,0.37823430803984764,0.5060586445421655,0.37834922775340285,-0.1297484128558638,0.7903487380081706,0.5129553951773792,-0.26276578989837446,0.6073068761327899,-0.8781411489398689,0.33097877748900734,-0.24977608867277643,0.8805466521601242,0.4576390849597995,1.47798038694208,-0.5935548012490898,-0.08432378738640542,0.052031004426744645,0.8098538192183786,-0.21552571782332486,0.3522615244015168,0.3697037720604123,-0.7414277646372308,-0.1852376666982547,-0.08366497656624532,0.9745211022613068,0
-1.7405059332282913,-0.8088750327417564,1.614981015292817,-1.5822128102741342,1.9290051288182117,-0.777069877329545,-1.5484227548945424,-1.3175997960106216,1.0885874255069912,-1.632539868553258,-1.6488700178697406,2.303342822518853,-1.8534396396344175,0.3321145178535145,-1.9732298176582133,-0.45064095852718106,-1.7334791834787517,-1.4965615489706328,-1.4263486380828265,0.6564022656022083,1.140220715932571,0.6008201750891626,0.14207448435186704,0.49472646440629936,-1.9118771298109758,-0.7521825444613601,1.2244579505231088,1.9265042308031999,1.4788436913114762,-1.197700719412482,1
1.055264032844375,-0.8286546354354429,-1.5277188784465954,-0.5666705300662396,0.28175032612333495,-0.3064189208400358,0.7760130250323906,-0.3556919101884698,0.2790451676149806,-0.10369377129180016,-0.694438979633744,0.5887867778598915,-0.6170654350259585,-0.4115239885941762,-0.5310265263960952,-0.03689687505961443,-1.0041070689584173,-0.9232849067699703,-1.0424876414474429,0.2427497536083085,0.17770546749974162,0.3142533198470564,0.859576750360419,-0.7044440904000597,-2.3225458277122257,-0.3824881497148073,0.15057356839753958,1.3346370656982465,-1.7858202949757433,1.6220341218786296,1
-0.9070216878871978,-0.7703105743855626,0.0872565171944033,-0.8503196347854208,0.87752383170937,-0.905406784505566,0.4682919329869901,-0.34287127891333824,0.16740494148825755,-0.9066282871755766,-1.1216174668669634,1.4037266890569713,-1.3117251250661799,-1.4888009498239012,-1.3685700332709319,0.2741418523804686,-1.442707041074725,-1.4759338892571279,-1.3289091334861827,1.6301447323454357,-0.6654324467675777,0.1621539044136321,0.37128593037571783,1.2130602912946058,-0.9338909412695126,0.5225569442194267,-0.03656521349429233,3.0769578185904973,0.09767772684655189,1.657783537462517,1
0.7495059496897906,0.14266628322020364,-0.11267593986168951,0.8864135650422107,-0.9088965513800424,0.7228680491617583,-0.04601425977485609,1.1718365450447878,-0.4205999405241257,0.857413317789858,0.9667251288964192,-0.7500150666636463,0.5566019721469697,0.7168430557737443,0.31998464571584023,0.70726825324793,0.013338036268490628,0.17185785881915902,0.20200646148072834,-0.1868998289141185,0.03328665547098449,0.021302960506377127,1.2617629725127746,-0.37574738222338083,0.06795753464263132,-1.018060070664493,-0.762544280434873,-1.1453661590902646,-1.3393661018691323,-1.6230553716641472,0
-0.9469891950867171,-1.7204544127135253,1.5698739984397214,-1.6731436782631446,1.5611935838222633,-2.1145850504046266,-1.1974154800356516,-1.6771050102242027,2.3578590274753854,-2.1549123008829243,-1.9451248526311355,1.257845441867344,-1.5029280646719743,1.583005968715163,-1.4578409953974711,-0.08366122608564114,-1.6218053961625238,-2.0007493085210446,-1.9433759228878549,0.7144075661118892,-1.8749191369994593,0.8384168822136282,-0.13311687414772846,-0.4137716892397427,1.013653078675603,1.2077262830065425,0.11650277303057857,-1.4976249153555665,-2.1003689941332215,1.3008766148083075,1
1.2626819256655688,1.5241868776762553,-0.6779352006153541,-0.10649737852606131,-1.1694351674384655,0.4135148717666683,0.4498525792593714,0.45673027526588783,-0.17605128695451036,1.0018634015097445,0.44370890959435355,-0.46823223781292495,1.6460086647156913,0.7732399039143412,0.7690213872206547,-0.549786699458402,0.4361760010174383,0.20471716048453523,0.23382079976206596,0.7923183409667479,0.07589954903955264,-0.16797794344741038,-0.6658216945181907,0.027186388004145627,-0.5424013910931106,-0.31500543780627366,0.7901196501534337,-0.3049281002540773,-0.18125630258898962,0.9848586971425818,0
0.28207651914743403,1.6334795260924238,-0.38419923682567425,0.1738998325267496,-0.36460456802105295,0.23413620697261706,-0.029821985111094143,0.40896793176186064,-0.2091512002481641,1.553703856764447,0.5078461584077492,0.31933007186011514,0.07690645214951584,2.0293195664109454,2.00378045352529,-1.3819969941494539,0.43776954039924915,0.4816519443285429,0.1682320454096766,-0.06746766386480141,-0.3139582289895342,-0.22642218046433019,-0.6346440790663643,0.28536611639789233,0.025729456495072064,-0.609775813128807,0.25473760055839445,-0.2919117024655482,-0.21502407168321144,-0.6703138723757059,0
-1.6070155157276933,-1.530936627840042,0.6252550899665698,-1.3615013294773746,1.8136410121053326,-0.4624785653382045,-2.2981505195188316,-2.3609381180125935,-0.07919819394389468,-1.2735694373098596,-1.5853250832413546,1.9923987198934927,-1.6082665742071525,0.8958659119592594,-1.3057325545446554,0.7658167004800279,-1.7190939350990244,-1.8125159190377582,-2.0434437311948863,0.9689135906045531,-2.536709904745614,-0.5283691104050657,-1.2436055582740255,-10.002758110798458,1.068434605413599,-5.690464493888673,-0.03301762712662208,4.451393484931531,-1.5246879295425653,1.9058428560443892,1
-0.3635394764594234,0.11564741087981832,-0.06088628298716378,1.0173305281456828,-0.36385653629469955,0.3913581368382331,-0.15419474351125975,0.8451005265138452,-0.19607817518613316,0.07144214764041303,0.4238376725007624,-0.9574404960417775,0.32772062945028835,-0.6834758179391218,0.9778560256756417,0.568655590131235,0.2828260289041084,0.3360167347445767,0.20717042220631243,-0.31275724808007116,-0.21888417334795401,-0.06091372095358562,0.09904676492651991,-0.2785820746953763,0.7186907050688317,0.5284033460392804,-0.7480157293829481,-0.18148370556250232,-0.03492533521635293,-0.3728243785494097,0
-1.9964583859076266,0.9642521575132297,0.43099050584469806,-0.5163221889911273,0.84090733161085,2.0954594444781445,-0.30972077042970414,1.1120428757080256,-0.24819090202973287,-0.17539087534737718,-0.16286859870732256,0.3308536676244089,-0.7001103341192806,1.4530183956796978,-0.8028648310718305,-0.37981327936626097,3.0134459518248113,4.604380126699592,3.442555029739566,-2.7606404928730215,-0.08112211518615621,-0.2278024460113,-0.6223905481344608,-0.5880543984475115,-2.4799612072248687,2.4922219956759473,1.0878698934078166,-0.20330385217648872,0.23251555234763888,-1.197700719412482,1
-0.07689788439583739,0.9553353715761675,-0.5435632112600918,0.7598552048473503,-0.2530998568975507,-0.03799964024330945,0.27820128741982986,0.28264334452194595,-0.144951668576587,0.1317445952211569,0.9114162922518377,-0.9897956597031049,0.40560808746796223,-0.9821704548866639,0.7205983936910906,-0.17969232778010014,-0.41509653469171687,0.673947595889392,0.5634682741971707,-1.3208465782249343,-0.7623137623733541,-0.25341551420523295,-0.5996428495726546,0.018311915467752155,0.6476409805872377,0.647905575467885,-0.7350485424889637,-0.1353819150638967,-0.01819228615035404,0.18866688089255118,0
-0.40635244709251744,-0.22262579933629104,0.31050690077800247,0.19591490500812317,0.6893016278612712,0.03302670802150456,0.1337580736681476,-0.0752620100492936,-0.21494325439900766,-0.4062051259377775,-0.3206458687690047,0.1367603869690466,-0.7041271202310054,-1.0131292843900612,-0.8534692481942683,-0.3347464446719461,-0.5613687920161453,-0.34492085864306843,-0.30380266667959815,0.4172368581295727,0.23503988341902093,0.29405741392359985,-0.3393987997870761,-0.2287950812223874,0.2092398266564777,-0.20832782161409755,0.3484403328007219,0.5117660943989003,0.4148570156706765,-1.197700719412482,1
1.359864848900991,0.13941695965958778,-0.1083939264070119,-0.04636328432809345,-1.420236777543401,1.8705008927920994,2.000448428755637,0.6115700044291422,-0.0275173274406432,0.516750257219443,0.5219879086817176,-0.4341198186238683,0.4096958811822715,-0.3453988292376857,0.24418298325050009,0.3481734574310401,0.33618884888320527,0.5471937790585109,0.09519631842898617,-0.10917901064121725,0.03709023755432713,-0.16950415770686675,-0.46817721410880275,0.15304071885475123,1.1974999075888795,-1.9777817215661164,0.0671221119794473,-0.28029559303610657,0.15931477707601763,-0.7152823563084658,0
-2.3954749158821396,-0.5620004574789579,-1.735204270030112,1.1359008961618204,0.22128517487483873,0.816492086067657,-0.13561730427076088,0.5122057296532417,-0.16158317635906078,0.30311935623143926,0.26505909772294556,-0.8026577768063928,0.3072312517397433,0.6914749188828133,0.030146320981411023,2.425756079747081,0.8994058434286848,0.6307197056975605,1.8024067704081426,0.0030004534531624587,1.6474216698518536,0.14934600338837,0.3257086321779526,1.3784913542153956,-0.5429407129280692,0.34486733660603547,-0.32676820612613244,-0.4388629396664462,0.0051791744736307465,1.5758437758978139,1
-0.14575141164860483,-0.9231296054182886,0.5394232830170632,-0.7657693821566258,0.7434202626307456,-0.9308173221034906,-0.3001355083046981,-0.6244478116790891,0.47576898379691046,-0.7930750836926251,-0.9354493337329225,0.6640719770168334,-1.0106605826505755,0.3549605773836758,-1.028296934639206,0.520096687255343,-1.2081614016358009,-1.1935179479511446,-1.2210194707518482,1.3701670651341713,-0.24362595232807963,0.2492730835373683,-0.40186338369572944,-0.3403653384177769,0.34890653527138576,0.1516578367913536,-0.84645432762194,-0.40229006359906583,0.8973283202962617,1.2081291220252015,1
-0.6546728992876784,0.4000314951483744,-0.029272817343895398,-0.10267146026632963,0.16263604806552875,-0.09777726602215805,0.1461503941499765,-0.197813083807163,-0.00825889276420277,-0.13622976038864568,-0.306432073837769,0.5526345350637236,-0.43236790466825836,0.18223232441081663,-0.5583030447582017,0.6014007482816378,-0.37708722397384997,-0.6804874470686427,-0.09783648820247505,0.22476013106286302,0.26344819101957395,0.12584863230650692,0.2704400253991414,-0.30677140956080395,-1.0718802702260888,1.2975698030210796,-0.35745878086434246,0.4952065207654643,0.5304015150813406,-0.3419022623404551,1
-0.5311946523004023,-0.7649227345130883,0.4889817013610858,-0.32057298663297706,0.5218038556679607,-0.2904150104141514,-0.2280705782024228,-0.3261913077625823,-0.36704289179278105,-0.4539373359422905,-0.34707759625155366,0.571569870093478,-1.0091175532805383,-0.9335997679755281,-0.9907315780086231,0.021288034228447036,-0.8756756514882066,-1.118039812738601,-1.065035529558023,-0.671989218776025,-0.2288863233373167,0.6292577687404594,-0.8476070434218148,-0.32342891514730093,0.27218581518089635,-0.086334889242208,-1.1160339680476599,-1.441397276939619,-1.9092632781798173,0.49774905500999317,1
1.2534609446360807,-0.9070018526726668,0.5042055245647752,-0.7411899919600533,0.5716977739986516,-0.3099472806322882,-0.5401090238830376,-0.5015375613873759,-0.09912461493276994,-0.33661161843734466,-0.4881646809883429,0.8063561412607894,-0.920956545128375,0.3187784449323882,-1.1505051807520337,2.9040832666915084,-1.0229798649277764,-0.7108658924019752,-0.6502412027484539,1.893192436380086,-0.6534673374671113,0.5105748343739838,0.24528117874040356,0.08509364368880436,1.714701090256891,-1.278901855597643,0.9683968095027286,-1.7030080136818442,3.363548286896474,-1.6168039914639678,1
0.9686129328258658,1.7672674653055014,-0.4217981002241984,-0.228354462079182,-0.7605941715491538,0.6476237496126257,0.1348243658125528,0.5774323391884433,-0.18902234976123164,0.6149696629490136,0.667966908074032,-0.4887190002616113,0.40507358261438003,-1.6858481101004816,1.5354413292647182,-0.01998168539572652,0.33778596358882135,0.2298267125232458,0.5351916305391486,0.27907930310449536,-0.3949100724222407,-0.04128753438709603,0.265503696869987,-0.11346209540728285,-0.21913002359142447,0.6391400618292998,0.4830250645771359,-0.29704225080401575,-0.2558002082641918,-1.2780662401449763,0
-0.08423557286237694,0.15955725848987062,-0.08007861077432678,1.8900569514802845,0.45087478539530707,0.010923564018627048,1.2198525235580837,-0.025839876934898268,-0.5672559358435897,-0.15812120460689627,0.6863663106291962,0.04831697565614497,1.310398742008341,-0.08658033059540589,0.933168146523813,0.3850992853446131,0.4652961706690431,0.5189394682440648,0.4579062713225618,-0.0436853447842455,0.5701272892541602,-0.4787369642018814,1.0080639857348055,-0.1375226665429594,0.4625650904671549,1.045735809171466,0.9318851891737456,-0.05623284959955037,0.3932625129021598,-1.509189877692917,1
1.0316635707003718,1.5835032320979983,-0.4563384760310708,0.33396370417619203,-0.14987771404809083,0.138521237605308,0.47856267312180356,0.2313887650620406,-0.12413800794902463,0.9064538197472415,0.7479134770640031,-0.3577792415591445,1.1668927187828875,0.16346115286648893,0.7177236322429079,0.07695941989032425,1.0058591452500925,0.09841256358339175,1.057409217595737,-0.46547008169367693,-0.32188237641974793,0.0007545561380097462,0.6805061382594084,0.027489843726820007,-0.891301142286212,-0.17695526403762224,-1.2513517206339575,-0.13750259788773542,-0.15823933248233515,-1.197700719412482,0
-0.4313745316303075,0.7978905649253766,-0.37972503900531435,1.4254338670819409,0.35346122107346195,-0.026694005819022953,0.5476766517736616,0.25765799263928274,-0.11389912263812975,0.5371206936126369,0.7852897808535427,-1.2341337295935013,0.6010147577182409,-0.09877786367892455,0.4650175839057068,-0.31616751771871143,0.8765441639179793,0.29566440674389155,0.1816298415914639,-0.9626943706228821,-0.14334533265617477,-0.10628637167790363,-0.16681723715957525,-0.04232469282649572,0.6902493704550329,0.32796984039891947,-0.11868892472536004,-0.16172064620882207,0.025056884205732835,0.6252035540872075,0
1.4297552358401784,1.7175904446583288,-0.4500984987401743,-0.022756552649714316,-0.5282538629959953,0.30907754432021445,0.01763875753604663,0.4170113240380689,-0.18558702153200268,1.1631659827168717,0.5447518555595782,-1.4681909690076504,0.2405760800900665,-1.3901145683621012,1.112652999308564,1.2382759467334512,0.36941521185621917,0.2540106054601085,0.5594866477989507,-0.27732973875215816,-0.41155312430460067,-0.004514700233034281,0.5822263118389679,-0.038803488176367626,0.8710140029583179,0.43495484103998294,-0.9700611582283473,-0.2005914916571076,-0.17336045954246523,-1.197700719412482,0
1.3339290354481532,0.3036435699924556,-0.04075329283753834,0.6558128697579393,0.3857855560522332,0.8396233878397007,0.18703492505953517,0.9793382444508489,-0.2281684431341613,-0.2881694909297578,1.1232045289311507,-1.685190249688964,0.12288426968100406,-0.6319666724969202,0.7036511181328465,-1.3954303357957962,0.7060674937085746,0.1870294500457661,0.10408369396327603,-1.8089494096687206,-0.29385336523229605,0.0009464180999422958,0.6856853739680713,-0.3565416788569369,-0.07565352803702638,0.6955726309944775,0.4581478497648094,-0.46376454219055796,-0.7132124592451918,-0.3671171792686242,1
1.0904713051088843,-0.004718088851698658,-0.6196686492981783,0.31009413560521976,-2.24082652790591,0.713859252878212,0.156970970699702,0.5437030939214825,-0.16064403527300938,-0.17903914282310485,0.720042879281898,-0.8035278811858024,0.30991845522533057,0.6142946802808298,0.59613781684733,-1.0717989590608628,1.8804090046558137,0.15359481727480231,0.1495809212692847,0.126436565701197,0.35985429033851424,0.12473059053666663,1.2350408110894808,-0.1506488958123848,-2.091219602407266,-0.26754691818316534,-0.16625902117500502,0.2010701640474764,0.45975913152018166,0.8115022637912102,0
-0.7168433466538435,-1.2848108997800851,1.312880437355639,-1.352669188842383,0.7273574387821053,-1.245894263577248,-1.5904034338847677,-1.00129294127643,1.4612092978232618,-0.6150808411780556,-0.867011424682566,0.5542520094317365,-0.9416671127616602,-0.549692235619286,-0.9673790743135616,1.0214256458673046,-0.8527766828291353,-0.8181321540102122,-0.7815465112977886,0.24250014326072877,0.6407914515848603,0.241198474599784,-0.7122057718439962,-0.1702846284292191,-0.09999222384716516,0.6849489172599995,-0.5892591094556422,1.2541759971439768,0.4118134881890228,0.8602705564075522,1
0.5686837474999002,1.6295326294217778,-0.4620816135410949,0.06171902473464574,-0.48246612994230526,0.2652477555445712,0.16966282110341344,0.395278296974327,-0.15048261633653287,0.9190679363920948,0.6104342235361517,-0.18810509449886217,0.8620612592807594,-1.3972761030992786,1.1409599921384592,-0.36823693821088616,0.39312445487247344,0.2744706411151122,0.3032831428792736,0.15290874645659783,-0.39173065056383694,-0.16966718488024413,-0.5665429444502539,0.27949258872096305,1.386562893088202,-0.36710509553304865,-1.4518983831903194,-0.22251557035568514,-0.17686488107451434,-0.5648445155154198,0
0.20331170167431126,-0.9883509054884165,1.31503887024664,-1.404934137414085,1.5159434811282793,-1.3529285976353016,-1.9805684283582,-1.4716229770516454,1.0649231464096622,-1.2180216999574958,-1.7997541025514698,1.8767221007828583,-1.893723608159034,0.10894865207716514,-1.6937362366445943,1.0643147418238361,-1.9688045386478643,-1.9090471739499961,-1.7500619121431042,2.226086568033726,0.35519281005884284,0.769504289565546,0.36620559597220437,0.4208340381534262,0.6776009002637802,-0.5296953787352042,-0.4446075800947642,-0.39321430749219877,0.7658885015401211,0.49003779518755636,1
0.07152705445828166,0.04479300550266104,-0.8344056374706001,-0.1323020896293845,0.36009595492600494,0.5295219914778468,0.3730237073054965,1.0565491326252998,-0.17182325868147927,0.04047320490146443,0.5113825032958436,-0.053164587471250406,0.4085937701227889,-1.1023721747597324,0.43752164767770696,0.23054183506415216,0.0018844680614220216,1.1234398606385156,1.3694646250271574,1.389449407129156,1.01495402335435,0.08571105543038099,0.4117828763183336,1.2755771777189904,1.0063697683864314,-0.9619549556023786,-0.6807674918760891,-0.21484180661375188,0.1959538644748808,1.5108807558346224,1
-0.50961367827414,-1.2014010166049962,-2.5738077376113746,-0.6621115452185687,-0.1158142589277162,-0.5879603679192599,-0.29404578237015383,-0.08012805006381336,0.14075264405737883,-0.336027763245341,-0.3755535409234673,-0.46137154410404635,-0.6474530887115221,-0.1870783629058148,-0.40622026987388493,1.02003799194135,1.0499214189111838,-0.3898556599109793,-0.5382885690999111,-0.1371084012999212,-1.420827945788696,0.07005548506584049,-0.11327989794862733,-2.26446688843371,-0.7020668515339858,-0.5230005584823053,-0.7600883371368928,-0.1519412324073081,-1.9333218794594766,1.366941283834692,1
0.15707085123598852,0.2114230995258183,0.27141219186766385,-0.23374617350726515,-0.14754098001272067,1.87864645801873,-0.5638997905748703,1.3162913924534647,-0.31329405790747744,1.0730200826786445,-0.36530073587010653,0.31632270221490705,-0.5968699835483909,1.024778498008761,-0.7867157593719734,-1.1237285357781677,1.8883256568575886,3.673338358224027,3.099482461448955,-2.277805152300991,-0.09604918441149163,-0.2978485651836085,-0.7785783106642831,-0.3848149688918586,-0.05175013324150736,0.8616324659288709,-1.694186789825719,-0.6134234065777748,-0.7706307956145505,-1.197700719412482,1
-1.9899081747959604,0.5893782460909492,0.28665594093389946,-0.6450656055764789,0.7680952116577463,-0.3428703606055406,-1.123686498097123,-0.4199450196289512,0.05218632995709645,0.3603824409347304,-0.6761691872892226,1.0419149457164987,-1.1601142985982948,0.6549358256918276,-0.8985995981608279,1.4900864021252302,-0.7725398095379004,-0.3603280839965581,-0.2487663838752877,0.9324113631316925,0.3010857853146396,0.1105820665517086,-0.056552671453815054,0.6664465471684868,0.9145589071619916,-2.664278065967403,0.6233433349537568,0.4964719560704571,0.19638463071110282,-1.197700719412482,1
-1.5350049554788647,-1.7398126110074237,1.5554369883112882,-1.9952244699071144,2.1909395178220614,-1.474992654346339,-0.9054566568328541,-1.861563965150669,-0.03718442107123491,-1.8059971830804453,-1.8243531455195225,2.099441762516532,-1.692463722140868,0.7295600667914224,-1.6838196423544223,-0.3702641001919929,-1.4644250516202482,-1.3414246491747364,-1.3781941565824996,0.3097268780107792,0.787128274744931,-1.0079431744394218,0.8908143490954161,1.0550797584167995,-1.683410260674108,-0.3682435706939504,1.23906411170816,2.8167191960208235,-2.6107888550458123,-1.197700719412482,1
0.20113665142983903,-0.6026593216831356,0.7480322939790598,-1.004024737325298,0.7766882457539842,-0.8552954810245633,-2.159135514420266,-1.1402451541486978,0.3019858939001483,-0.7901652531647814,-1.8667476010679156,2.007341967486887,-1.9477526221150454,-0.6492385257129761,-1.8042291417787373,0.34280381906188323,-2.0624875096839475,-2.1060398810707928,-1.8950134271689467,1.4214842641237588,1.1843940465885523,0.6378443559476888,0.46816725768987816,-0.3215304960613213,0.8562215481894975,0.8538472083179144,-0.8952482508847549,2.7601296212400874,2.235976437183847,-1.197700719412482,1
-2.2909630815500486,-0.14347039057044642,0.09668862661988961,1.7323259625217635,0.226736257556989,0.6682873246084595,1.383350475525893,0.6443088038973962,-0.10990116634826187,0.08466686145774314,1.7161171985087933,-0.12870847571910207,0.65893302001694,0.7080159927406017,0.45757652323578946,2.989285574665029,-0.19625175229909675,0.7592276273711783,-0.6826628636755884,-0.8976413233766749,0.5368827488557839,-0.1850541340375149,0.0016396701150765503,0.027344962484861773,-1.6059270027013726,-0.9610746405076522,0.07190464417723039,0.3065407429895974,-0.19380946001079527,-0.27830239846608595,0
-1.2840868642250414,-2.5033409755873737,3.038435055038542,-2.418311134059399,1.2275460834933818,-3.0659015887315912,-2.6617500999350927,-2.231609292521695,5.482405971776557,-1.005667405731928,-1.1142020738955098,0.8305239539413561,-0.806289854777865,1.4361033359527,-0.5699562141297996,-0.1841847878882607,-0.9971424849839423,-1.2285336674350433,-1.3410612918613318,0.22043768722199783,1.3711479211784328,0.5429386639717118,-1.8319299702018832,-1.1874165529008267,0.3206512817204467,3.9088082314313617,-0.4658553834184443,1.3601908109156189,0.6749277752565949,0.8602705564075522,1
0.6868523919355414,1.6614290791630284,-0.7420394256242628,0.06574664118447705,-0.969884202408668,-0.0026682662036287127,0.22929225708959292,0.10443872203975098,-0.11614318445848507,0.47460069183872866,0.6902740776106343,-0.026912846536576683,0.12738985699607427,-1.3892714829893558,0.0569767201783655,-0.18891361826158695,2.210396475238698,0.8937862034632967,0.46260994276288114,0.16200271991280357,-0.060726498714662444,0.017157116086848202,0.5587368715699637,0.07606595900339788,1.2371511621827063,-0.4417878225267594,-0.31874797885276374,-0.18918104101345534,-0.09124485570977905,0.5397409805820033,0
-0.8311988766555957,-0.21314007681611974,0.12369792087303184,0.033306682824409135,-0.11238694547556226,0.12998291742680126,-0.3291664267225046,-0.027465563809149628,-0.00278303198885919,-0.3461044544583137,-0.45935202348881105,0.5936731490724622,-0.5919817048486052,-1.4137348357899302,-0.5792218260257633,-0.29052999477922015,-0.35927838437677634,-0.6264507440484955,-0.12945588473144673,-0.42085936736321755,0.14839724659951137,0.10436576659823964,-0.06694643581315124,-0.29762036134630654,-0.42906079685992415,0.4830793739552741,-1.072037822442161,0.45993740366045316,0.5399744462830136,-1.197700719412482,1
-0.6169466194567778,-0.15633662806870302,0.07239855186848167,0.896401508117196,-0.7757629007035838,0.38643497670713234,0.32170924469019463,0.6534914317370525,-0.1427747003109201,0.341864986912343,0.8265443657949717,-0.0060515649677893,1.35540654414681,1.2836680866137216,0.3084327062723226,0.15880996117410165,0.8720158088130229,0.23834748034492406,0.5465222628378055,0.09090054322151278,0.35298770816377806,-0.2178771033038215,-0.552979494958246,-0.15156432321179011,-0.6931768975894116,-0.09540220809219004,0.05651169342073457,-0.31578349121396604,-0.6619423733785053,-0.2406367996203055,0
-0.1964262888498423,-0.2702891842229829,0.1294992919406452,0.14533273009563177,0.19948142943885208,-0.3080914864386144,-0.047034377561758545,-0.1555072163322319,0.1178899977706576,-0.33760124329524627,-0.39849708688370034,0.6334283505771067,-0.5984450212297204,-1.787434226509335,-0.4370353226471289,0.907424074914967,-0.4695646361844692,-0.5700034873678832,0.04514092290745611,0.4915311505061996,0.2726070718818268,0.21665031534374213,0.6260531337098203,0.016286511758827196,0.6423029608122749,-0.777604312314062,-0.6206712554573274,0.5286970359626031,0.7586493083311295,0.7408484377829967,1
-1.0491058705023943,0.9534669095103973,-0.3202607098586432,0.48684136487347435,-0.4284087913399734,0.31443772350472393,0.5224835275185271,0.3655097918241677,-0.12024509553600198,0.3554824896637349,0.5031381502017116,0.023534630500370864,1.1360537538366258,0.21930335134833598,0.5840139604783084,0.7520075278895405,0.8341408522548338,0.34588286116227857,0.26636063926314685,-0.22833417108977966,-0.17223790758159405,-0.18113877200878872,-0.6460993997518498,0.01965609552983165,-1.203104688125491,0.22188077281223714,0.28947013721633646,-0.20484821219680993,-0.04687101694853985,-1.200704124404151,0
0.032969430769295656,-1.0462842356710236,0.6404618565931484,-1.1326449837453123,0.934092232335829,-0.9180310841345541,-0.7642245122783464,-0.7257095452703246,0.7018700252839841,-1.348015060217041,-1.23079360242562,1.41759097148338,-1.2144974892113265,0.28277257429541,-1.4579439145645292,-0.3918175685535863,-1.0603332677377546,-1.323953863614369,-1.0761518900264502,0.4653960209966507,0.03928845968767487,0.2508941298846496,-0.419733399888961,0.07916672676625067,-0.6188238638376932,0.5321841308197122,1.9808846071929964,1.9956897689461346,-0.8316883073038082,1.2683246653336822,1
-1.8319752232751991,0.7335220503861711,0.7031750472262195,-0.9157551727795643,1.4043989572907605,0.7012738155183716,-1.2646281096805059,0.05136879814573509,-0.06982956637829396,-0.5385550834304494,-0.5162213465712704,1.0164412233689961,-1.1006529109173766,1.7145861938785363,-1.2286231703729,-0.062030539268683405,-0.10718951579854907,1.0991499872585822,1.3698630975817176,-0.46137513046931944,0.40032725454860985,0.027270742983001233,-0.0017600076071725627,0.1575369835364631,-0.7470490463351726,-1.3724755557518094,0.9023215838451121,0.530567541439358,0.25542442451012226,-1.197700719412482,1
-0.5806876988840698,-1.248220000125065,0.3760318045369083,-0.9312958635322397,1.3190377844830703,-0.9315699094038595,0.2689763460267104,-1.1941428397570022,0.24798898254402685,-1.2921817020480557,-1.1338359810681036,1.0654392152421284,-1.1685855785051389,-1.2202603621818062,-1.055650146738548,-0.4375488120307607,-1.3518828244994336,-1.4014898336461106,-1.3840156536012092,1.7909889161165868,-0.5568121198551886,-0.12020092594060501,0.2499551430960593,0.009063728893102415,-0.7430247367058169,0.24792012467533947,0.6436411059785274,-0.22181856242376202,-0.376137244280042,-0.371550546952921,1
1.392741678501698,-0.5174578244756257,0.07365308695193111,-0.13068620067656156,0.2848199282607906,-0.1740177291244903,0.0022424511957661215,0.19477285067881206,-0.18940435986221615,0.262715528505649,-0.09547999706697657,0.28639827188234956,-0.43776389910114477,0.5279462010276622,-0.7806192709814537,1.029862628684333,-0.47562656421653493,-0.3539635071317005,-0.287192950090757,0.26492019111254184,-0.6148232234320273,-0.013070580599378231,0.20199541424597653,0.14700868977673293,0.24982495691764983,0.15857505448164486,-1.4258495881709634,-1.3004539265912938,0.8301714454729328,1.0587916468165393,1
-0.4669489388334994,0.501787195361459,-1.284046771354561,1.1754122896118995,-0.6319963387760936,-0.3495087416996846,0.6681615077557376,0.11418543223369802,-0.10184045421454879,0.5635788117497533,0.7151108098427683,-0.17898284088982136,0.9132029247930311,0.10260792716212255,0.2615805748495639,-1.3893475881080806,1.2169924683801576,0.576560996576763,-0.0899646693784383,0.5365669843564063,0.6363673567594959,0.07454194631095809,0.5429491462035213,-0.39479594017760405,0.7774283794071247,0.33107881294262964,-0.29071317153493326,-0.19009870757834912,0.10016357659432903,1.43727801306095,0
0.27292372903952516,1.537654018542184,-0.598716703831545,0.513765625974949,-0.4274494487955249,0.0037591480865898437,0.5350848993849306,0.1186811349794863,-0.12497424811584187,2.4132298379958432,0.47240565316525085,0.07245460236770068,-0.07155497634043957,1.8913534214056515,1.4978400431621544,-0.6673817379352236,1.1602448735338604,0.3163372043133755,1.0124573161531356,-0.26832037954976645,-0.216569745429065,-0.11536167768680605,0.024166646708302923,0.1792087251413896,-0.9143924045778787,-0.953416696970419,0.870346124503318,-0.2420906653110723,-0.17448839643231182,0.4233473305601302,0
0.8555530787551127,-0.4010698556244488,-0.4148004225963562,0.26261889829002677,-0.5896951793736928,-0.116361154414702,1.1525606041762877,0.21697674734981462,-0.5837261944917557,-0.20881000435796754,0.6158441711862288,-0.8002370974815849,0.48936047712868463,-0.9573086737242895,1.179298979106245,-0.5392354249221364,0.07971622997980697,0.3064528577848308,2.5425324449470246,-0.7105299083577066,-0.7105954633056247,-0.6886227004219768,0.15352967398429002,-0.23687194204858494,0.5694495242219602,-1.3131649474786795,-1.772456997233297,-0.14563846620036078,0.011849499074293673,1.3191100037073997,0
-1.0730309263495965,0.8084188085410047,-0.5132466317582604,1.1237652316370768,-0.0019098159390106282,0.05900673386136285,1.0110662783792645,0.2105377099892681,-0.042190852543132845,1.2485819428828495,0.4726255031038115,-0.44674375044396586,1.557506554649254,-0.9338351308636191,0.44336851313704007,-2.063331097950614,0.044621762835543366,0.5712056120873816,-0.07475183761737074,0.23554170807935154,-0.28592302484747434,-0.22934704282205376,-0.6487037679525194,-0.014929177690182297,-0.5866720635983039,0.555323141012424,-1.1451375634335224,-0.11091254263194562,-0.03323624482035588,0.27179191283794996,0
-1.553051517757744,-1.6683387483813374,1.3784198649830277,-1.9442142049631932,2.197780894209471,-1.36613529513354,-0.8289222078660571,-1.7934979622340783,-0.22036513139567615,-1.8182547155148794,-1.8445227252585568,2.1419899222108127,-1.7169570087002912,0.6118112681719392,-1.7268236256360137,-0.3231347191135124,-1.4916198172962236,-1.3715076723599802,-1.3868802225425978,0.3593980882369393,0.7950339488551482,-1.011999277097557,0.9481852116794472,0.9523291905420396,-1.673996878684893,-0.5780604441952321,1.211535490562779,2.855442977580956,-2.5915729684153965,-1.197700719412482,1
-0.5269150576963704,-0.43363570152727043,-1.82821937210208,-0.39419564049860945,0.463070986313528,-0.48078229336894335,0.3534602516233026,0.15523594096699034,-0.07650225504088265,0.03811541601885301,-0.5564274693665583,0.6227106874630892,-0.35269059633099786,0.10819428414918503,-0.7302153388799807,-0.9610285881742723,-0.47631892086660305,-0.4652221801381589,-0.17205402378003004,0.2419475303665827,2.434247670739959,0.34420386396805774,-0.6158157637794114,-1.2001421971255273,-0.1400913018505472,0.27439188101422934,1.0237196640783721,0.13626677871546272,1.0656778431080245,1.9559720008733659,1
0.5511330592431642,1.4250266763419668,-0.6890432102312313,0.23664002508902743,-0.47189850537808525,0.057327652049529165,0.3729051879311186,0.25782191002031807,-0.15059001367754896,1.1885141087947342,0.56079006003198,-1.138852767191599,0.695454190567546,0.3162873795417817,0.5902715572093089,1.0976794979437519,0.807114148562102,0.22988816365513032,0.32120494917052,-0.5829500736538196,0.001201850131887441,0.0012875142553398285,0.4178629601693896,0.06451551057241238,1.3265349309118133,-0.6436610519717346,1.176662249213709,-0.25394705533660905,-0.11085992693182904,0.9746247128810127,0
-0.9442611946101416,-1.8179563906662575,1.6051603828400998,-1.7845979247854833,1.7884950455914814,-2.142526963321345,-1.2295860321280394,-1.9082789684652475,1.7573798107916327,-2.3499970268848274,-1.9319452134951105,1.187679493806493,-1.4203692838853808,1.653605347242063,-1.2211242932344326,0.3555764921961032,-1.6956439383044828,-1.949630664137608,-2.1038993340481795,1.9615812177030592,-1.754321221959984,0.33196346697410745,-0.9544588653897974,-1.7979948637047207,1.3514163094817007,-2.0089204146390744,-1.0431854223101464,-1.7540944298630863,-1.9936752953977679,1.422145894853066,1
1.2968128901668885,-1.11584171750518,-4.032131775809528,-0.5722680587471233,0.6031391095284921,3.884874263502275,-3.6607719178445675,-0.7109884072631276,0.1786653558317994,0.11212263449103176,-0.49537562355005044,0.4653727405709413,-0.4734197968813224,-1.8386065403527876,-0.7557254431857574,-0.881874259592924,-0.20939799047961882,-0.044674959714650575,0.6352060510358815,-0.11249970689951037,2.2429209314842553,0.32713055502574456,-0.8385396312740739,-0.27974191016288097,-1.0900053625669546,0.09536602236787749,0.7861305974852901,0.6301953136493578,-2.313710083619347,0.3718465057680874,1
-0.5933594727091686,-0.1931828692887924,0.16772691331904505,0.1752059186504425,0.362865617519621,-0.2848924246640129,0.43871072421495505,0.05143442197066767,-0.2598685992027096,-0.13331231473804533,-0.3380849035549712,0.40647820210441243,-0.3744265089565027,0.7751407893224999,-0.704750030364146,0.005955327635632055,-0.8460322368607325,-0.4397991710483392,-0.7772779374829436,0.4893311410676257,0.1639388126908893,0.33786798441321686,0.18846269998819595,-0.019907085253395688,0.9900225495719672,-0.39630464468547366,-0.5563630554158931,0.44844833183232935,0.08558021056542539,1.098892425131174,1
0.9639431672302365,1.8001615594236788,-0.6309481889063547,-0.18415104000343202,-1.1546546840310064,0.33313316244982594,-0.21259101717930926,0.5007186416931817,-0.2546609575755113,-0.054964470068605074,1.0095897343376896,-1.0183970312474917,0.24530903797122244,0.29286012553176544,0.8147219634785278,-0.014449812786187588,0.7373368034409283,0.5185039782566022,-0.5015148917896189,0.28622835796192786,0.0034144110448528003,0.046098241527049014,0.7683931410983762,-0.12862403008085513,1.161966633972684,0.6535056680016278,0.09831234562731628,-0.2838473151732491,-0.20005079054134117,0.685981361943207,0
-0.6644874099910734,0.30548776995628324,0.017304768255360075,0.11941916188203877,0.723957042616554,-0.2225984509103605,0.36565516701840645,-0.2627752144317509,0.0403274140758669,-0.13213626477773052,-0.3067321608133001,0.6611836904154333,-0.2929244597506159,0.3455191143030737,-0.8480523508838907,-1.9319426881901565,-0.457333801626875,-0.4634922422028324,-0.3155481879071195,-0.19438518183194547,0.23736890049227602,0.08166753132103363,0.24677623971040716,-0.21632857740430025,0.7114102448713077,1.0784628199549782,0.44128435619944906,0.5320320488519721,0.5963462370895155,-1.2746217292062307,1
1.2767043812683845,0.10144573455252891,0.13563595931266068,0.6188531168035554,0.731946905311348,0.49635964871288807,0.8620076626465848,0.5056201946595112,-0.01874904181702126,-0.4469584576189448,1.3764915106125934,-2.0575716538429707,-0.015104970351219237,-1.0007076561232744,1.199017475944127,0.5157595682207154,0.42522305971131946,0.5165736844785143,0.32563967796695786,0.9226031241255668,0.03540707202477135,-0.1621987124043672,-0.5665366766246372,0.10854144286114646,0.4305824516923661,-1.3277429144903472,0.05719941129097891,0.1709333261028409,0.37139519166418133,-0.2857587496615858,0
1.223433860881716,-1.0430028828782518,-1.5237701187399963,-0.7139664247798577,-0.0342981404259598,0.03315354512207513,-0.18509204241493105,0.7170349896580535,-0.05465495966572111,-0.18924966684250283,-0.2416794188185998,-0.8261666042941128,-0.31828062319059597,0.27539618940016847,0.17584648212345366,-0.03306577774320274,-0.42498555232673463,-0.46316390802024465,-0.5039309759282076,0.5274491359895039,-2.261467311813823,-0.006968555350660775,0.9994413009032883,0.27769354817263364,0.3847428008578331,1.2319978929177124,0.0746803062141888,-0.24870152696018527,0.09993745327136526,1.240979773513231,1
1.0253660753988554,1.7515350155303733,-0.4457599015002532,-0.002864851522198844,-0.5075736793924573,0.3457202220576255,0.11075135893217579,0.4353135763645965,-0.19281502983952048,0.9531329986894401,0.6089402039369559,-1.9683187342285369,0.3735491922624349,-0.5325388004410534,0.8443679869817994,0.18696326504632885,0.5790502758470218,0.23924482975838063,0.038845035657357474,0.20276077754070346,-0.3334379471546275,-0.22340758396412252,-0.8240912946552487,0.16820996487209952,-1.6652834863176578,-0.3776908691402399,0.514294900471853,-0.27125949418181644,-0.21121701612144314,-1.0005491283496541,0
0.6325025352270132,1.5026490063851436,-0.4446744709082718,0.36853081339115956,0.013770199593703826,0.13300356971907748,0.3279522696215577,0.36361743261049756,-0.16686353135742432,1.1302977802902674,0.5373838988426799,-1.2670386133924667,1.8824685610636758,1.1058686985319626,0.40296536434162583,-1.2602658315725586,0.15761835990111076,0.3935661406592193,-0.2822254344610222,-0.12426148302074191,-0.24667700084573604,-0.2683382426378995,-0.9265408318311322,0.34486143023718785,-0.1383135006019434,-0.5390698588882405,-2.642600940790684,-0.12953016658126196,-0.1130648271661067,0.3838173243281697,0
1.4182841764570193,-0.7186825325445917,-1.5904999876907548,-0.6792522580890042,-0.3483827642113556,-2.3067264538581713,4.087646727856824,12.217992387827252,-0.6780366361031572,0.3731292430720766,-0.2716530720410127,-1.13099284043262,0.1270876453921939,0.3204800933724719,0.44736690797864004,0.1977532061213879,2.402456945682005,0.16060751597443199,-0.07166107438690299,-0.18490573063012739,-4.743349457009832,-0.7720105771123398,-0.7087490203127731,-1.103204256464054,0.6407996695355759,-2.1544027682798053,0.20793051321737832,4.497441536935946,-3.717150878413583,2.297075680576418,0
0.7484431368718529,-0.2259449253913291,-0.13828079504236515,0.9310739267170782,-1.5091339992890658,-0.05060110567229788,0.13969622436539314,0.300630463398884,0.04436384273829338,-0.3662142321048413,0.4581476765498044,-0.5215714430866593,0.43700850873474373,-1.1962943412125397,1.266929069067794,-0.8368782575020359,-0.04067864530091526,0.4436900362137469,1.7998432361150656,-0.6826039710094453,-0.9244413908698522,-0.17945193958720762,-0.5717552135628016,-0.240606418350478,0.04225966709866635,0.5902269468587897,1.2412518074015768,-0.5841381791085938,-0.25831023619473287,-0.23430371629533306,0
-0.14280945801045639,-0.34941907944081607,0.08854349778805429,0.49193611660417963,-0.9526807537067002,0.10089540294139047,0.14088630605713226,0.32347618151509594,0.10091905012941974,0.17998933591710048,0.17008277800053923,-1.8218754465034674,1.4316926213097814,1.565959208464848,0.8850021491054385,-0.5103603330867005,0.7888996391463428,0.35746661408539765,0.06306039623765526,-0.15494261780286664,-0.34452832593920013,-0.11742644262430169,-0.4235993916253448,-0.025820090545965877,-0.7171790740420704,-0.09368708637829647,0.6328034329585919,-0.47734339883915317,-0.25171872519386124,-1.197700719412482,0
-0.6225462339232062,0.29165402100097976,-1.738841120068511,0.5037675924026279,-1.011361619819316,-0.3955328239826483,0.13273567824449903,0.334053818530483,-0.22029873806696404,-0.39664993508073604,1.1202742504654937,-0.7617329214912394,0.2855494854544183,1.1699282230894783,0.45787859538007775,0.892511526717596,0.3831549491097054,0.5519917361615259,0.3346700635959013,-0.6501603723102953,0.8751667581191259,-0.04958899226538423,-0.7519983827178697,-0.42214214802261707,0.7516075652041109,-0.23562996998848798,-0.9906121222539891,-0.2712195904808686,0.24090912167027304,1.6863125666000047,0
1.262361808278324,-0.4239403738988177,-0.7676343373015541,0.4189072986385189,-0.3420135739598675,-0.7235953425679086,1.648871412139065,0.4584564091116741,-1.1911648022740557,0.4981038383452031,-0.14531520582054983,-1.1201205994443073,1.0232001432189635,-0.07449237356663041,1.0404854869061622,1.3601821699131695,1.245282251888043,0.32120679998066826,0.510262447068144,-0.7556600127200311,1.0587949928800429,-1.0976480303330627,0.17121433314607698,-2.3873343949340224,0.4954580411502596,0.5898646158229631,-0.4540890697422417,0.6858006046811603,0.01064784593946963,1.936959056073587,0
0.20344884018570566,-1.4082648790727976,1.3447670515394576,-1.7249143106442542,1.5522044187542992,-1.6767351967803619,-2.3421174873065485,-1.5490872599498637,1.5545361421716664,-1.3405013438234439,-2.023076597302741,1.821376680942202,-1.847368550354253,0.36652677655943916,-1.7033293385077106,0.5804692480073934,-1.896195589335038,-1.674704891537063,-1.590735633628835,2.4111072616692617,-0.9366667373098826,0.8388437881712477,0.555384431352292,-0.9543540663750432,0.8852183020539736,0.5193473613037881,1.0062286656479185,-1.3586300555488873,-1.0053416988341382,1.1416655371323405,1
-0.754489082701566,0.5533894071703126,-1.4150104816278262,0.8702486988774532,-1.2206008712171732,-0.3688602892795561,0.5187969126729892,0.09882379696672758,-0.11909413806710419,-0.3459164160603999,1.2990522788539687,0.12409151459837921,0.37871899385938507,-0.02619415758799053,0.559497475834307,0.6303013563554674,0.38795657735884,0.5787184497176657,0.5962349249164334,-0.8327836680309183,0.2746934472450213,-0.023977667375228783,-0.048483637446262766,-0.2120529056555035,0.35146847187838826,-0.27805712948212263,-0.5767388622375224,-0.19171800223104812,0.11020968320063602,1.45369660704658,0
1.5510576440095765,-0.29999114345299305,-0.26460883509598043,0.4444721468549518,-2.3881599198185968,-0.06112859530171636,0.2511515068055702,0.27208901870512203,0.022431381474343443,0.09762678313405075,0.5707825169525168,-0.5961916390350916,0.588588274746594,0.019742812285868827,0.642923958114178,-1.5347525857856665,2.6053557039841952,0.24826707768469405,-0.13619289796322098,-0.4114849560471674,-0.6820214599083418,-0.05317921001416208,0.0938602926257417,0.3563822402856293,-0.9341566094907087,-1.3197424701610827,-1.8764059449898676,-0.37341898572439897,0.011370655446717278,0.703878677220446,0
-0.1724941253847923,0.9860104881843574,-0.3558644416699618,0.3548600645790528,-0.47858352336201854,0.2934933498765027,0.19748224230815856,0.48464843511504124,-0.16063092572940119,0.33292840054387085,0.6270471001438616,-0.25875890802433077,0.6121510424030082,-0.9749551620399032,1.1748535362446577,0.23202171958329246,0.7834749090331105,0.21014549790005166,0.29855785509864025,0.328577130589562,-0.19057394900227412,-0.23145470917557204,-1.0763842597424627,-0.010216258623171754,-0.9421856314949055,0.4100040701685678,0.33900358386659873,-0.27344657754531165,-0.08391948586875776,0.2084554554207592,0
-1.0894983430453171,-0.18453782564490287,-0.16361871106284703,1.5974779894881477,-0.08118424022507223,0.22418558149628176,0.5504743086839083,0.442706228241298,-0.037091812409338114,0.21947966362392846,0.5363002601712766,-0.12254490268458189,0.4230659387622054,-2.3006048439374416,1.1107016601104152,-0.17574311500110748,-0.0008823855420362237,0.6698592094929624,0.29631084466995977,0.583299740373283,-0.26115478154919414,-0.08743127467859378,-0.005232534580422786,-0.36101917298304137,0.33624337537716187,0.33904823148031205,-0.4343010137537926,-0.46594739281556996,-0.6617010732981374,-0.09585789727115007,0
-0.5184589795626052,-1.1404210133262567,-3.7608084768490913,-0.1292235727189546,0.5251467977088713,2.6415865339552935,-2.7325045309471214,-0.8124935802960459,0.25062061130741675,0.13484868573139247,-0.490089950686532,0.49046216834660467,-0.23622234546453086,0.18139386565236987,-0.6834352848568024,-1.3752102377410464,-0.43533428361894516,-0.46257200604930776,-0.14612096643043457,-0.01932452055656972,2.2027260358216614,0.343572533640503,-0.5845871753529951,-0.3238066773026576,-0.17133291087454888,0.3294887980959392,0.8359297587056338,0.7836893433467277,-2.016586508613235,0.07703651571414392,1
1.2600532260775779,-0.8745122028090351,0.8010383686806357,-1.0494784943131998,1.4614441853634836,-0.18876121018348763,-0.8018167014969587,-0.4718020815269693,0.06770452828890385,-0.268041261156108,-0.11394149166613748,0.9330661484609563,-1.1948746862143202,-0.9935562610710613,-1.6141992152505493,1.3461192538841127,-0.8471313773802791,-0.6075964002927439,-0.31710610191665783,0.5732465349711516,-0.26406270679503285,0.11435009135490856,0.49193824765927957,0.4765515108256979,-1.0784377547776915,-0.42758989525141944,0.7434156790130111,-2.1573676254858634,0.785350440967544,-1.197700719412482,1
1.229441313114121,1.4854340998298479,-0.07062815732149533,-0.06327464844439816,0.8145311644157773,0.5443146303590632,0.24486860063737378,0.38803012886123306,-0.12869583027539241,0.331977633741001,0.42084041466225086,-0.9985027686564675,-0.03569549486583372,-1.4935158914206554,-0.5140342866879399,-1.285592711658553,1.9484986360070282,1.8265618828494101,1.493977349242698,-1.9651679563780962,-0.3775369241138051,-0.14510747502092414,-0.19523085953984343,-0.012501015606284631,-0.8275133683234873,-0.006757342112630728,0.28675928572353077,-0.14937830749609254,0.01492139503254254,-1.197700719412482,1
-0.9370476824539128,-1.099666273221533,1.122630388943624,-1.227702710206322,0.7126024877479316,-1.0799527347189493,-1.4121119390698955,-0.8541091917793369,1.1154897205248608,-0.6521329582753562,-0.9103280079294136,0.6570327590645649,-1.009919938216171,-0.752793763166957,-1.0633614713766768,1.0617679847785093,-0.9174885364346046,-0.8748196181608197,-0.7932056237441397,0.3337619912293536,0.6426425331871051,0.23655341249477813,-0.563639274151371,0.1388098017009105,-0.13957029665610732,0.5085023570346745,-0.5949023486985665,1.3034002951151524,0.4638556596165233,0.8602705564075522,1
-0.6430434366509571,0.9220114903389401,-0.5224371267683674,1.0126325886302625,-0.5948844522195108,-0.11350783908981615,0.01438656622328416,0.24100874878799824,-0.1494232358398256,0.988204087720107,0.47604521953267964,-0.8144058627628539,0.3978028323853445,-0.6754247067450239,0.703845253650526,1.8880655114372416,0.9290787930914675,0.28834514140523776,0.28056441654067305,-0.3357625052415819,-0.12203904512547688,-0.09244859589655065,-0.17995189082865903,0.021638476152576466,0.8138770871037622,-0.11761135868532746,1.7824265566848565,-0.25679568036987077,-0.023260427099125364,0.4723542151719953,0
0.5098703048291313,1.5651055417608353,-0.4343509600588643,0.15882936933014713,-0.3063437073417679,0.20905579642957986,0.2479638768202607,0.2614471992826892,-0.1656176245829374,2.269210568880207,0.25938847765743417,-0.389898198106121,-0.31595198094113097,1.5085754102377305,0.7502365383009503,-0.06199948666096175,1.0621012771872778,0.8232543151862269,0.5975629599845755,-0.5358967818242507,-0.18821419494362412,-0.26251105177558315,-0.9599545539388322,0.34795238061746203,0.7390507950545914,-0.9875655819973839,0.09366801167919818,-0.25120866917747997,-0.08803274403636567,0.5302305185216224,0
-1.0428538262581872,-0.27118844563441447,-0.466268546767303,0.9470377333337111,-0.44076806614864306,0.23387059674114763,-0.0006165967430136152,0.5963139523122402,-0.1478490004125671,0.3595848984903043,0.47742098842647024,-0.4978193028390286,0.8012990172738994,0.41988396546354995,0.6721736969487554,1.1670270611442772,0.3785228998697694,0.40330883056890154,-0.13145166373539882,-0.598034993121374,-0.7793822176542835,-0.12178605337495996,0.32330785642365983,0.9600647618881559,0.8230706160613022,-0.540762953818964,0.6212899774960919,-0.39431595128165847,-0.9367992635115668,0.7954969490571,0
1.3459478012888804,1.5081836841117298,-0.5982066222035995,0.2458499116726857,-0.5414003327543583,0.08264020181193855,0.24742672105961194,0.2945633698761004,-0.15909052170712237,1.3253479044254148,0.46715544087629,-1.0699613237609409,0.9698154659118328,0.33245156509796975,0.6086620184809027,0.7475320150081252,0.5693546083455675,0.26056349947803475,0.09994254616813678,-0.16129788954822535,-0.11006379657428372,-0.16183597643647313,-0.5737451064831941,0.3130502599348411,1.4278666281174475,-0.8301233125505326,-0.8206673987174733,-0.20637721715089694,-0.10148421558656794,0.7584484620530637,0
0.6138861969276601,1.619021175327029,-0.3721768313568573,-0.16010663787470308,-0.4349340090864445,0.524347272550704,-0.035596225269881925,0.5519875280445651,-0.23271934045968945,0.7539429694325265,0.3487413304595571,-1.27170854008363,0.8063308083187143,1.4070178238136715,0.19354151014548274,0.940162868491914,0.7599013032072192,0.4240618333188646,0.8384530254428771,-0.29350542080268793,-0.04162161270130737,-0.02238470623049712,0.4696333736033702,-0.23567013016066743,-1.6822586293254753,0.5557384613103175,-0.12298867769651141,-0.20074739571440792,-0.11643629982065691,0.7149730012180807,0
0.20399736243335878,-1.3596905397809982,1.1192054082799374,-1.4005594191195962,1.4646996496733862,-1.46973294138365,-1.8889335215032392,-1.4378801772168566,1.2956425595073302,-1.643975896108014,-1.7371953675952934,1.5498999563621823,-1.8310755352695454,0.2848082558216639,-1.1467370146888003,-0.18948168708018762,-2.1424659575093044,-2.0602809427002264,-2.1190968235681966,3.0477207273002507,-0.17015137525032178,0.8739571714159825,0.968329020391054,-0.5170297574997305,1.737071584857975,0.7936337182666149,0.21747022197798976,-0.4889523931979301,0.05769797184692633,-1.197700719412482,1
-0.7261251637419175,-0.8362060097939379,0.7097535504871584,-0.46952918885330863,-0.2680072280996916,-0.3765870700866191,0.046297273142891816,-0.16443896505993363,0.7545527504811425,-0.04252457257160398,0.7922417332042165,-0.5342754405156969,3.133951678198862,0.9713795899748126,3.2006040004242924,-0.0498563323660324,0.6917092586603459,0.8747583195768773,0.40617805746724706,-0.030808247367651025,-0.4274318832717793,0.0552227114472107,0.45265085653791987,0.5279472890834762,-0.5539119000333661,-0.46440456274623354,-0.825390241019783,-0.5377559697342638,-0.2535058366065865,-1.0005491283496541,0
-0.7748485939536893,-0.5186693381161771,-0.9631001361603612,1.0939318504014748,0.11320718972449986,0.20972462255208632,0.19852882575894418,0.68844034932228,-0.21879739921718808,0.8564672049286338,0.6659575465180523,-1.2943355721601,0.19134492641170492,-1.4487233004204318,0.5679881581106306,0.36259035445650273,0.1183627948663876,0.5264601770681725,0.3074825786688362,0.8273149567250652,-1.589090772099194,-0.2329274496413131,0.32968310933161177,0.7249052277914996,0.7989121392708033,0.28792311666701814,-0.35726004662886407,-0.13025804856516945,0.6755677475693752,1.1855179223676615,1
1.2234169322469866,-0.39920523993792717,0.22689546207237596,-0.3805876470062881,-0.534793102878859,0.1821060928293151,0.6133638457780661,-0.23883984330827532,-0.6514040302320632,0.15592845141588754,-0.5814920253296396,0.26563339547729387,-0.33641078162351756,-0.889291345680088,-0.5886204048588449,-0.7145365861668229,-0.48918031665666395,-0.3182023286902672,0.23969875939589455,0.887979202301609,0.39745570964744414,-0.1138164976175032,0.4364587405299804,-0.10425017544728815,-0.778822912766873,0.46576904126614105,-1.180774526911161,-0.04051637598021292,-0.013385124916946137,0.540681021059487,1
-1.939290275725871,-0.47289180583894563,1.0474069077521022,-0.9245271082086367,1.1991824628960077,0.21811626280727262,-1.4265977244774233,-0.2909041360856235,0.2656846029655961,-1.1045098212451203,-1.049429976873159,1.5663941717307255,-1.3444297909970218,-0.15571738673934413,-1.381951915515026,-1.5783635365106095,-0.44018930776446125,-0.19934478825534105,0.4817509738208013,-1.4493829445773314,0.2885938819404969,0.16855872919569823,-0.4172880001195264,-0.38318798899524076,-0.5346221198756451,1.6048187582485187,0.8262241544532533,0.266271379480947,0.5713917755583159,-1.197700719412482,1
-1.2623566426621349,0.865066149317869,0.3852528696683148,-0.46059180136550965,0.8351878556323938,1.6741240152788528,-0.5791298044431269,1.0920053138448755,-0.20903850612492897,-0.745580467004105,-0.02715040864878343,0.820909442565789,-0.03487985116144568,-1.2007640697757203,-0.9407498168991149,-0.34091038503900745,2.89343345763019,4.196622607089801,3.345505459653396,-2.718116555100395,-0.11982427143971273,-0.12627907750571946,-0.25602915108042107,-0.4803224166916819,-0.7970225511155169,2.119829151548064,0.9949259818327141,-0.183687002285817,0.2460268593318041,-1.3027832596598063,1
1.2915762567624096,0.0012079114315607475,0.23476432323077467,-0.39560045968038543,-0.4829401923626331,0.6869631101413133,-0.2366689296560022,0.3164285568526343,-0.036858056382918024,-0.40490861018379254,-0.37919235740989343,0.36715317507386436,-0.10095557661439168,0.520123776935898,-0.538456097717337,-1.2264633237102112,-0.08748469843023073,-0.035104989748292965,0.24908165690164788,0.08196347161899198,0.03065963476527568,0.0443958733871493,0.130597262593898,-0.35311082117170095,0.001238215095713918,0.4581619501195313,1.234335618252935,-0.010495568267717635,0.17141948354710262,-1.2746217292062307,1
-0.3235174695563355,-1.6006509044574764,2.3730199453423895,-1.1471220883054616,0.5005580316288258,-0.8572478577736173,3.007958932844901,-2.0920646462327386,-5.5806317466772475,0.2395181532099072,-0.6838063236776812,0.9765709983834983,-0.7002883394287626,-1.7612578098300826,-1.1867838529015795,-0.268340953348221,-1.1980519342633762,-0.70516801568907,-0.95741051932441,-0.18071907127057482,-4.324160422816438,7.914019732244883,-6.381406178372348,6.560340072846447,-1.0954615517695523,0.31799954254328255,-0.24781214686214187,1.4144567159072419,1.9767011822099552,-1.197700719412482,1
0.8703599026040438,-0.2343110826652213,0.33404162705920254,-0.7460955715479186,0.5593764981717757,0.6604769539866742,-1.3057729943277527,0.010592399920558585,-0.1074921282209681,-0.23844234422157176,-0.773068337033639,0.6824822768208629,-0.8873599512391025,-1.167182314463001,-1.419042623080165,0.3164204943788843,-0.4751299440859418,0.019055714764906168,0.3576312073065804,-0.08596130947821706,-0.059255255138837525,-0.03485688096247453,-0.3704099654067354,0.29738792571096895,-1.2811681700360604,0.05302830313531672,-1.101946960867786,-0.12803399440563024,-0.5394783780607243,-1.197700719412482,1
1.1906959645966149,-0.26526682630472503,0.16848295898479262,0.08011503146463128,-1.0732356852728826,0.21937470465312356,-0.02755404364110324,0.4802147972779613,0.01470530405929991,0.7604557626621964,0.7406585860913578,-1.9935044432953228,0.6390082892435406,0.07330210638471722,0.8955610409370521,-0.37516576788327594,0.6243197020938285,0.3049929451281971,0.0199590491353404,-0.16354717752375558,0.14275923634423307,-0.2189885250059858,-0.7303254181882398,0.0876018220258274,-1.2551508813572343,-0.30579268183356123,0.40837750353775537,0.2744792571249259,0.37226145364888286,-0.2862956147348376,0
-0.17803597360048407,0.04116339905637099,-0.0944137058828344,0.8325649717441079,-0.44875799896634244,0.478412138947932,-0.30355231591444676,0.8150958979848383,-0.18086896759088658,0.18778901423132474,0.20364764949019315,-0.7897484655941406,0.23948087996994719,-0.8925259080582909,0.34909485562788434,0.33674311458892253,0.7910770303805504,0.508768498736107,0.5239985702832946,-1.1658411617165976,-0.20277493133376248,-0.09293648725751068,-0.2211171653082342,-0.18214498600285356,0.4636905160184629,0.6332178517037246,-1.1423145400375672,-0.23312185057028828,-0.07974493142812597,0.30034084526600163,1
-0.23519474940308538,-0.739110247588141,-0.3335552612800082,-0.4582406136820434,0.6501891044467993,-0.27603441862768957,-0.7764387169456233,-0.377035718074184,0.23332231725897876,-0.5336158555474342,-0.6179119512906882,0.9692062692490508,-0.7612368243199252,-1.1932047776202646,-0.8190958701846204,1.1180337073258453,-0.6678259479584473,-0.6976878864034874,-0.24509290292016844,0.706973015940604,0.7955141369574291,0.1979888277038183,-0.20081363513710718,-0.4143613407482165,0.5388321396659654,-0.31372895308561494,-0.5611450872012669,1.384794752476039,-0.32780586919509275,1.2439322485347706,1
-0.8100421714854694,0.023740806979351322,-0.07346249491708146,0.833401459247752,-0.22026843148485759,0.565735917340611,0.41400820694775115,0.5786468397572695,-0.11351975166546284,0.05542525773014591,0.35900911797922813,0.11761905847673498,0.5019959851449562,-0.7217193049848739,0.2929280115276906,1.012389224049385,0.5546304087595388,0.7447798274382258,1.0105619275690088,-0.0053079547050588725,-0.1311664550089613,-0.06116683003932801,0.11520583282273032,-0.1912546714117623,-0.7808959257085778,0.2793845081765426,-0.4857549785696081,-0.2664956415029773,-0.04592162575996412,-1.197700719412482,1
-0.7533159961189412,-0.07436853525589578,-0.2971680556890887,1.3434001166082283,0.0015245447447134735,0.10422342670969065,0.8026976497110199,0.8776230817502354,-0.12793226768570382,-0.159685209404108,0.5367189135045927,0.12995310203247107,0.9365768138863461,0.19024129914052748,0.9689440281422513,1.4100785599836398,0.11211969776596846,0.47129011944233157,0.5896742401411275,0.6951038233822057,0.5353699317626579,0.05479696865630167,0.6178873033641562,0.2605442416448336,-0.004606255377443188,0.021823451027627092,-0.11382543408218516,-0.11968498544513523,0.19024264145753006,1.2633650871171975,0
-0.7961182807562553,-0.19792219299573457,-0.995526567519867,1.9094457111191714,-2.4430805108683837,-0.11998188333970569,1.322016450305677,0.5191002222151242,-0.14852658928109821,0.04297786184586486,0.5846344733968382,-2.7785181791723876,0.17991242385179054,0.7161582915640631,-0.08189458364717378,-2.5555670702421702,0.10622593286544431,0.5556971204448299,-0.04062109613938582,-0.8813933554780492,-0.49706436651826086,-0.2946506609764625,-0.5559810329474617,-0.28641441007550217,-2.044345639652314,0.9481073396379446,-0.8300206962743024,-0.22272228834815858,-0.5769093202520928,1.3408027910805027,0
-1.587437218279266,-1.7479362165342294,1.388506928702131,-1.8072913276654605,2.0727653201693665,-1.2022199686148967,-0.7776915348007079,-1.7401787393627237,-0.2922457040120138,-2.023462974078128,-1.9383548809406355,2.157358869402799,-1.7468819500056165,0.3729196083335444,-1.7420531516847662,-0.38674299990675454,-1.5007106251428517,-1.3867880594693547,-1.3960517612512513,0.24870687348266216,0.8835642791235366,-1.0438851058903358,0.5838203833376278,-0.3357061237023481,-1.601033142256506,1.5750120209750835,1.5359997517073458,3.012270463234072,-2.2255225773909837,-1.197700719412482,1
1.2995641608801016,-0.039949786682889794,0.807765178518432,-0.8369086558274214,1.3490876912309022,0.6143658135817902,-0.6235917281013806,-0.14614602215601674,0.07099271288179193,-1.423241805507326,-0.7743008032844079,1.29598991821582,-0.9166992341934016,0.6314511270684362,-1.5403371264203929,0.43095376067349106,-0.41265787798829245,-0.08631338341523612,0.8039800755384212,0.6075731023968637,0.687043226252158,0.11609266216870012,-0.3146723563995113,-0.28226870836344997,-1.7961562005556426,-0.2071484154634307,1.0635242507976448,0.7029443274280837,0.7396041515510907,-1.2711980788469621,1
0.9447617651789642,-0.015331376425964964,0.08203019530138764,0.11186101666376491,-0.6510924135796539,0.29354065809823054,-0.18277442450543477,0.4044257011154625,-0.42885686007840024,0.5148515601209704,0.24883894670615325,-1.1167602528414622,0.3150435868907266,-0.8935702963990999,0.4964698124881448,0.7724662732768282,0.5587760709287609,0.7051567888900948,0.9421158318729781,-0.3985756169021724,-0.763730758356056,0.5622677878384913,0.30174811026587134,0.07389516378195662,-0.16342794252239487,-0.6030435935679055,-0.34075053484946355,-0.26311647857099485,0.026875092876202926,-1.065046793664266,0
-0.9794152263628798,-0.4754295284361308,-0.987236594176447,1.5234006646089342,-0.37678201892979435,1.7942453522193889,-0.8578055869037436,0.21844793670697724,-0.0989229203688063,0.017923038649896687,0.43393349690204763,-0.16539494281788933,0.8255490435633422,-0.7107475086024324,1.146940969357034,-0.3545676010093476,0.6369131686045105,0.19203508493063165,0.4010864527214625,-0.287499800647965,0.38857632658538316,-0.11170285530804097,-0.9712387171153505,0.1850936792341027,-0.20527801489291478,0.8316515733990908,-1.7574597928961082,-0.2762430752443624,0.13686598702700367,-1.6230553716641472,0
0.9647304073626941,1.4938514815806831,-0.4403508450454737,-0.11042792251224517,-0.42146940406947675,0.4192784470420211,0.09068427960659695,0.5024983164475758,-0.205442392838776,0.9982348405774994,0.21869884908096301,-0.8556279531511218,1.2813232713778129,1.3581771957423237,-0.020610360259522193,-0.23715620496710185,0.48177013850546613,0.7898999779484265,0.31508194403806067,-0.07094187221979384,0.05334641395715983,-0.16230382243209582,-0.4683857508222648,0.0335557966312595,0.7357274666184206,-0.08397256997607763,-0.2739204637238724,-0.21303120914464094,-0.054596846308959744,0.8971676806476006,1
-0.08840363301217515,0.9855593509534839,-0.3260493523126432,0.7447836834056034,-0.32517581627874476,0.07397679936676428,-0.09906207820153703,0.4099289833876401,-0.18411395270621356,0.5280855841309202,0.5448103951713161,-0.7279628197522101,0.6298089758219673,-0.1224753622233956,0.8160233830119495,1.2219639418515478,0.6402565763253601,0.2974519398841241,0.010866078193348516,-0.3159067450248691,-0.21349243262377704,-0.18455676349496897,-0.6862299887825845,0.09343022305561811,0.6796549998313905,0.21930757373786858,0.182344972832242,-0.22571239032485044,-0.031158054546574002,-1.200704124404151,0
1.184795906266648,-0.43667291875559294,0.24860020107654676,1.1985558852165892,-2.047182299076537,1.7766966851228596,0.2758642805005639,3.0718513240416407,-0.9836691025906442,6.980232322673877,10.351706158589822,0.5842830941378327,0.13367045736201313,-0.08453925808913101,-0.6728856279377852,0.7646958491454723,-0.4402621856206967,-0.26811631156312565,0.12120263572978285,-0.26138532052478053,2.721730431254021,-0.5579767911348559,1.421202274132397,-0.5748672795128295,-0.7348572262093594,-0.6555142205610573,-1.7154684647945206,-1.2253884505755264,-5.581657058491925,-1.2316569034375708,0
0.8537245450536647,-0.42312562678382115,0.41077564215240336,-0.5964421501854179,0.2584189593034513,-0.19021774239091804,0.20034850296702544,-0.1113496678444333,0.28016401845220396,-0.181488835114939,-0.7591813528500245,0.5955816990029303,-0.4232546730410902,-0.25900281291542016,-1.0417847225458357,-1.9895861062286193,-0.3239091585594706,-0.11527244133934474,0.5012535381264176,-0.3736992790250346,-0.12002417666283717,0.16918084697056135,0.7330477002797245,-0.06568430615385293,0.600689348714106,-0.18461346172570992,-0.9244315910092806,0.46291436880498255,0.2932623263602771,1.1114539334232116,1
1.064818926159429,-0.21633693331628795,-0.684211321822629,0.8938139397550512,-2.0922303390449377,0.1285535344967195,0.5714346876108932,0.29893374260095856,-0.003292560247990073,-0.138064197946595,0.3991738473230625,-0.5347404455348476,0.3447893368705217,0.1066287580511707,0.6039495596081308,-0.7475158567007711,2.3750141555050823,0.25020806285979336,0.2673934106362174,-0.12674900807944625,0.2934523351830762,0.14006582624299058,0.9224641808570536,-0.0395930957573877,0.3698798410831231,0.16711129977818687,-0.37751280040690305,-0.2590552646263891,-0.12265325702051562,1.03854944754133,0
0.95827262834522,1.6339220928772407,-0.4165208989357398,0.06553720256861517,-0.46747303425935804,0.32445614616093077,0.1275592569860798,0.4702752419716933,-0.19298513688608315,0.7263140132543355,0.5716046769434917,-0.1955822018419967,2.168693618163682,0.9828346570231876,0.770990190895569,-0.8591301560884469,0.3176653695531638,0.22653719739842199,0.16231207879672574,0.2962292879074004,-0.23715527300356232,-0.16049441240331555,-0.35985152010648125,0.13028018965921326,-0.721675761898703,-0.09858672090343985,-1.2236062036173225,-0.20235956799217064,-0.18977835836033646,-0.12137739923662098,0
-0.9070966134639996,-0.7216739000064842,-0.10085942719370443,-0.624090423825394,0.8913000188074178,0.18596688460782482,-1.229752753410368,-0.9468481973343768,0.21690983373124526,-0.8170310199418442,-1.0257706457525857,1.4027286161596308,-1.2875168441642997,-1.676280936928722,-1.3693492349475487,0.20325029923415341,-1.5129821915115478,-1.469716862125715,-1.3579092388586942,1.6565331704659625,-0.03336943938720964,0.27720102766184435,0.09194599020142183,-0.864814866268967,-0.843417901294356,-0.5463626113354447,-0.24181027881400383,2.3985560634051595,1.0108975982115196,-1.197700719412482,1
-0.522617113306177,-0.4648312443285052,-0.18928711327160672,0.6287196568110764,-0.06651648572560079,0.2097570759378456,0.700933744414195,0.46951305095728096,-0.020405737776263495,0.29474452736065393,0.7587749069904459,-0.20107411011847143,1.3469697986400855,0.08810750202359177,0.8289042619145375,-0.39472110336891253,0.09211012132351272,0.5516318975056529,0.22039598738923322,0.7204345797703343,-0.7770063770831434,-0.13118769312776574,0.2959728143282413,0.2512081851117565,-0.4901950113420448,-0.029860456767056516,-0.601027176340137,-0.6327483955843696,-0.22566518197694996,0.7749763730113525,0
-0.1709837613684426,-0.2024498695055425,0.17527746071095401,1.3205312048594893,0.272944647150989,0.2642293455639692,0.9714924313877004,0.3894121146064153,0.04656166888997095,-0.2821195735244558,1.2650702266591651,0.16550567631695867,1.1216344224248154,0.3383242134545748,1.0173379308912773,1.1803429795392046,0.26633087144412637,0.5639793158879717,-0.018000580540994918,0.05528261421610108,0.25517515885251185,-0.1253842664965775,-0.18702173224947766,0.08509675522704577,-0.608829997131769,-0.7546365271087347,0.01062266072795024,0.36927768145157647,0.44006525496211096,-0.7067057399507172,0
1.034195004652467,1.5231010230519106,-0.5042598444796272,0.0818914626372086,-0.46652979925535726,0.38193810322683275,0.614686017262551,0.3706070237816926,-0.11573368276659692,0.8756151720906366,0.5430554429184533,-0.6240617065637717,0.7896149145388398,-0.6370239739113903,0.9279058369322776,1.0360943154316824,-0.03171104176749194,0.6542392778168972,-0.682534959881274,-1.107637166810561,-0.4354646530353776,-0.1603316977608677,-0.3727900099080168,0.37303245399565016,-1.601094122461267,-0.9099969966624318,0.5713205561391798,-0.21820023481082498,-0.20659976278143077,-0.0059561406770960515,0
0.7894717603966522,-0.06708329915592076,0.004999598081445013,-0.14877461181157234,-0.66368797590629,0.03700618573112387,-0.0820567527498567,-0.026956490582331946,-0.08072485257872714,-0.4557291611198743,-0.31979904403346043,0.0664382619806674,-0.47162873937530786,1.2430496957383976,-0.847519844450711,-0.09300078652621459,-0.6548396428318184,-0.29681968429249106,0.4240942920116862,-1.016037417089738,-0.18991022265654336,-0.10017952719504827,-0.6615585958113706,-0.07948912935304095,0.6738281204328169,-0.5211596652503131,0.9209551233758915,0.07714874273916354,0.45018434117805073,0.4353630685010699,1
0.21841702333150195,1.355413836163744,-0.3893549975272144,0.2911927395409214,0.6176844316176099,0.7112054919655613,1.8288103295030709,0.19197917365318523,0.004243082790925951,1.1568770447463521,1.0241707575801033,-0.16455003189868492,-0.19487223271124487,1.005048080752697,1.5443589568980414,-2.3889153463041364,0.34454063758241954,0.6930457142937325,-0.12058429793933509,-1.9546918681587166,-0.45986361183608865,-0.08296327002398018,0.4247773135316393,0.04583789112779005,-1.6383393567415567,-0.22032657536555647,0.3496225395361457,-0.18513464329803414,-0.20435225907879706,0.3546297536531494,1
0.20344884018570566,-1.4082648790727976,1.3447670515394576,-1.7249143106442542,1.5522044187542992,-1.6767351967803619,-2.3421174873065485,-1.5490872599498637,1.5545361421716664,-1.3405013438234439,-2.023076597302741,1.821376680942202,-1.847368550354253,0.36652677655943916,-1.7033293385077106,0.5804692480073934,-1.896195589335038,-1.674704891537063,-1.590735633628835,2.4111072616692617,-0.9366667373098826,0.8388437881712477,0.555384431352292,-0.9543540663750432,0.8852183020539736,0.5193473613037881,1.0062286656479185,-1.3586300555488873,-1.0053416988341382,1.1416655371323405,1
1.2330943954505333,1.5447884730808072,-0.5425113908024471,0.41545186282098645,-0.40549148779841865,0.019060264318131924,0.3322623928812433,0.21267621127832306,-0.13504685021386137,1.2195804983687752,0.5545277919830539,-0.08012609779571038,2.0924221092821225,0.7809420052920257,0.5611787189252776,-0.3105825947491653,0.5215498384269693,0.21739052753636176,0.6202113304251373,-0.26608812148886746,-0.2584985649224089,0.009316985588501945,0.8586003169694137,0.06764278352812991,0.09142314797244869,-0.288463250476803,-0.5245689101168176,-0.14530582139166573,-0.1559852190345174,-0.23478802861869955,0
-0.0506396854169785,-0.3925767712007058,-0.36664672851547214,2.6607901751831564,-0.14556088086166252,-0.033527274382492,0.7428081235479044,0.26463249943780864,0.04763522938975719,0.73738994458953,0.31887990284824086,-1.6609141530053522,0.2957128994728299,-1.8986832047638134,0.401591192785778,-1.726411919790099,0.586455756952258,0.5804018799586802,-0.17418068148593693,-1.3994589338624928,-0.7649047693042593,-0.12963096105041147,-0.10596387827995077,0.3251317097034236,0.761345800539727,0.2279316736192283,1.6092389811113332,-0.4660008130311571,-0.11980538584919102,0.5597991406042857,0
-0.0465830530470095,-0.10083602103460101,0.12478426408140168,0.14773363426382874,0.6338088469850254,-0.197614354377652,0.5610219774794686,-0.27064088110457946,0.1521133497866148,-0.5721089936169177,-0.027486515412738867,0.2657289378036146,-0.6000048487150194,-0.8465174767131051,-0.23449428069910908,0.8678558533081726,-0.43704189155749285,-0.7275188192255683,-0.1528824348891878,1.0553968782343157,0.25403644853051066,0.17881550458037365,0.4270214266895994,-0.06858736614548303,-0.9845345807108844,-0.8597787971138426,0.5055769430975199,0.37987704702813113,0.2946528192386899,-0.36837990309987517,1
-1.995085005758886,0.36271045555835923,0.614987985339021,-0.6940293276707669,1.1271754271884256,0.9125405932826516,-1.1133165937007727,0.19116953692473704,-0.1358449352909054,-0.7093292132157252,-0.6673511739369264,1.4365262922965811,-1.0882532203689415,0.41243877779237814,-1.2073412026036876,-1.306817627153307,0.1757421146580448,0.7063479484964984,1.5535596769242896,-1.8531143102102567,0.27039185346377703,-0.011175808554489491,-0.46863152542303854,-0.5301846992669907,-0.4178323695578118,2.4652637482667736,0.9483027842132304,0.3946207422155115,0.7736651246708672,-1.197700719412482,1
0.8611601166579722,0.9211705943650913,0.30168809196995117,-0.6576125308083541,0.9728314674854794,0.7162673393207489,-0.26428387436359807,0.08937109510493517,-0.05895566355465465,-0.7027395126457479,-0.27997320918375457,0.7752913509217373,-0.679154729731191,-1.8781234493207553,-1.0304287331878623,-1.166876388266635,0.1724150965462788,0.07867049574914363,0.6316071160303234,-1.4251769540512225,0.05832618472531352,0.008035429926253288,-0.40413263707752234,-0.11929016817972261,0.24662293125546927,0.6382223692196124,0.3257517503423648,0.3120505579210263,0.4869931964660454,-0.5760904988500709,1
1.0572347144254948,1.3153721578113646,-0.43462928811227586,-0.2511817575070502,-0.04760679512283835,0.6984590927163749,0.2932608847032717,0.7028501386002386,-0.19196560959369013,0.36832637768653376,0.4542074949117685,-0.15582980935549326,1.0475555708952295,-0.04341754045355229,0.29370377774836315,-0.9803433067836267,0.49916754575214917,0.6251516284426233,0.7900510797978557,-0.25012269903123224,0.08633457890587022,-0.05149812456743889,-0.012040034736644863,-0.23284756933752285,0.1812059657325074,0.6223436890296552,-1.2068260071656178,-0.23297579741642102,-0.07573703168776721,1.150116541569178,0
0.8690665982501473,0.622035854854233,0.25134780826851344,-0.635840781599387,0.6283564393705061,0.2152617120957234,-0.2850607225880313,-0.057510723635468185,0.03396502626525246,-0.29317537680222217,-0.3337813028327407,0.7078033789853401,-0.5039090271948372,-1.2673798421608728,-0.7943698224566638,0.2980155261576788,-0.5052113506923802,0.07729375255474386,0.5647564069618233,1.4799740528197474,0.17791802924491792,0.05075499789485228,-0.0196951242808119,0.1358013241919419,0.6737056174894104,-0.8053648875087638,-0.576908445097288,0.12915816195451443,-0.1613224178304455,-0.9581691977178104,1
-1.6352737453882042,0.027855380778510973,-0.05886028447323019,1.9436134325392236,0.05514358634938369,0.28883321482304125,0.41269975810377035,0.49092100367325703,-0.1300726541895884,0.8358132280677232,0.49934908419735435,-0.2835228349706447,-0.4164111335176034,0.9303590671699367,1.7014565050514003,-0.438979215977584,0.931837246830179,0.45206361332196093,0.250683835742615,-2.585274050829615,-0.4501816947846035,-0.02899850064341993,0.46400790682508136,-0.08525367631183764,0.5962621629726097,-0.637616293533166,-0.30774930228931363,-0.2941149537749711,0.012437370467453236,-0.6737278734802982,1
0.5232683864538215,-0.15993277782694484,-1.0534293129778647,0.2623776690535207,1.0362365290759195,0.5422020118803093,0.689118008137843,1.2232263706382918,-0.34957755145604497,0.3454055498507987,1.57624152623304,-0.23451418127178644,-0.3816704140774073,2.3427673546684624,1.4975211324570064,-0.3253278858255425,0.18473932580452096,0.7175464948779184,0.0743472507280818,0.3591103571628103,-0.12706776086594157,-0.24041959326052242,-0.2221176731899386,0.28646644939321686,2.3263092562620016,-1.0750192721747727,0.1399645517184701,-0.15813692915072028,-1.6271646003825135,1.6497129487634654,1
-0.49572779266320294,0.025442527852686993,-0.2100723080439705,0.2836097872633425,-1.2615538790547471,1.6219428075431797,1.968241329207294,0.6511335312184868,-0.055856736000246064,0.18758380859712162,0.591694716469858,-0.6549225337467769,0.3496229195456823,-0.09687756638127311,0.738339175601777,0.8290974999273933,0.5016806795851875,0.16699948883262147,0.3493031629733674,0.12154264320004868,-0.06266850616023174,-0.09732234215889968,-0.11227441272236716,-0.24638963913050457,2.209333520542446,-0.43109285957654914,0.4263892041994559,-0.47007312460843254,-0.258996002521179,0.540681021059487,0
1.4022751783538105,1.594343076793773,-0.676103890805247,-0.03930973521262813,-0.9273226403879072,0.968876363335131,2.259187449318081,0.05949882304947109,0.085913914294923,1.2378810603953836,0.5760212345416982,-0.6724976403392143,0.8154536894212827,0.021193215234750547,0.5986585545309601,0.8299738811605188,0.5833683094129649,0.25217824438096326,0.20217647799154562,-0.5520452088857983,-0.1982663668474129,-0.02865025381386923,0.4388362258501073,0.14986242521850313,1.5460474509052835,-0.4604307133044057,1.128728303045684,-0.19332948235656303,-0.1728104629625384,-0.16653425074929873,0
0.6611810410744887,-0.3073194016917305,-0.14606805628644073,0.5900326475157662,-0.7783920120217072,0.1973440390813386,0.2845400743732216,0.3544884739747025,0.060033764090386424,0.2950274177819955,-0.011049968687794351,-1.1768017732558682,0.4794428214445991,-0.08262036048573836,0.28941616622858274,0.5040027084480623,1.2948604557251226,0.7113383330491982,0.5021161449486788,-0.4982596279854903,-0.25484842507772665,-0.1792260225803805,-0.9913205041108609,-0.029277726195787925,0.9149769504679895,0.41749565484504053,0.42921489252309575,-0.5760568904863612,-0.6260250724399885,0.5882919239061384,0
-1.3097120763641337,0.9218303653669715,-0.2797547199494326,0.6374623218814637,-0.054286076642866034,0.20570556781866914,0.14800543345548933,0.49298410608989357,-0.17731432276280062,0.43321282744857337,0.5408300764806092,-0.571906605476715,1.1250768878898478,0.2645444235509324,0.7417272863879059,0.14217118809614795,0.05716336581678646,0.502321855051127,-0.24875151231872944,-0.7438660944583322,-0.2742927082098385,-0.08049249350978109,0.1850143348845741,-0.10914517528060483,0.8188724489122293,1.1185516475571564,-0.5624845054072938,-0.16265904972128917,-0.038483584903911856,-1.197700719412482,0
1.3422271529319616,0.9158269470095791,0.30513136655146134,-0.6120234686676743,0.9836524637884247,0.6456975323940801,-0.2506557151064484,0.07445476427599833,-0.07102785904609099,-0.6861148996371563,-0.2999575741349102,0.7380080688663511,-0.5529448590659062,-0.5229618705664034,-1.0870536624382545,-1.4002751354515675,0.21833687683635064,0.04114985765151875,0.5181232820210557,-1.2426937595471563,0.12466541408295775,-0.0421063931217775,-0.6295499573532577,-0.10940201446358606,-1.5761108868645632,0.4406950926323938,0.12526468627098228,0.34889471069679157,0.48658013670849587,-0.5667020278459207,1
0.8250475528478945,0.16930060796648846,-0.12531818995469832,0.09063846702768952,-0.10847726067915452,0.8589315287322888,0.26859265872924654,1.137605596154235,-0.21118064571170506,-0.002523180488577446,0.2532372847581951,-1.0528771503118264,0.5572854940891021,0.7430557182893551,0.1647184270907235,-0.22663871869868382,0.14597827849077605,0.860577333349028,0.5218294496964695,0.22585775132385255,0.2667247277537068,-0.038442655544295615,0.22935899373454446,0.0263984394642687,0.5695574761060668,0.2659637703319775,-0.9141139735410047,-0.12083182897735022,0.1656613179041986,1.0313457001220676,0
-2.452014429826674,0.8917856062133594,-0.8496098484478902,1.3834150235802871,-0.7559902552945117,-0.32022885442318877,0.3323133200892298,0.059003275053296486,-0.1255252064430533,0.5375394443330234,0.7965935204019777,-1.1574432618359336,0.46030830331352374,0.18211887683046232,0.3765552519390277,0.8664783024867142,0.01595669286722861,0.3894140289529075,1.6034783233840566,-1.076304846331494,-0.38875311605368745,-0.1444880961887941,-0.07398297068340652,-0.05502844468176809,0.8308887131711723,-0.1409630726333092,2.091711648745781,-0.20187204537043335,0.016930678120820924,0.8462464004164565,0
1.4874089415844294,-0.9402029013003407,-4.590866270759652,0.5082339010610638,1.3110593045491539,6.9064727753607995,-3.214193077955759,-0.6994861000974417,0.009314343864523619,-0.08614471478925909,2.246343134765726,-1.6497301359820007,0.5329735722071282,0.15094771335842933,1.2663226371421077,0.35914999538827364,0.10211147473522957,0.5266271433365813,0.33849803366261966,0.7600117453085492,1.9319157933006557,0.22539003612318217,-0.1572893393216603,2.4025248393646192,1.3333088487329974,-2.582827661073806,-0.27353836299796674,-0.11684351803352715,1.1704764860762524,-1.6230553716641472,1
-1.5162089332861974,-1.8083017678860807,1.7266554413495645,-2.044841868401052,2.1843588684703974,-1.5797470725188874,-0.985284996765058,-1.9287536626554445,0.1615186043516398,-1.7938381585028527,-1.8041337785583307,2.0563038696745726,-1.6675210937992422,0.8475035920423674,-1.639834697837198,-0.4173709544918082,-1.4369489903190065,-1.3109584824531018,-1.3691690609595946,0.25921129684232785,0.7875085303559377,-1.0025490970422217,0.8331963821225491,1.1680777805571296,-1.6938295580816696,-0.15013212243279375,1.2660701872362687,2.7716688584726468,-2.627330379752057,-1.197700719412482,1
-0.8214583592992218,-0.4013203469805816,0.11820861143266684,0.5274992628948199,0.40675369768138964,0.14731710788619695,0.3149599083808101,0.3750414377364412,0.08154377483267461,-0.5520800472603212,0.7049335154021077,-1.2113766900580478,1.1731492329524085,1.9514656423824697,1.2550900035009398,1.0262166914208406,0.6191824636400921,0.5327488489045028,0.04651534936947294,0.6826653799802759,-0.05891970872076009,-0.19114899537786886,-1.0350310185944467,-0.23020224756839985,-0.2156247729396918,0.23788702232266773,-0.17939994358308464,-0.4640323320500187,-0.6532449628988534,0.6395692331907213,0
-0.5259193618904188,0.7507132380663633,-0.7388340293076148,1.6154033661515004,-0.3354675975400424,-0.1924407899413676,0.9194636436803879,0.07422708716993942,-0.031872599030410065,1.6763848752147905,0.3895579144310299,-0.17671441521717138,1.889850558397389,-0.5079541092500821,0.2812206380366159,-1.7736890020655047,0.13591277465962648,0.635820594402092,-0.02383139485695991,0.14083711341746255,-0.1206562929029865,-0.09393817669461343,0.20332309441766858,-0.06374371142215152,0.6239501242800689,0.060400564749941016,2.0290057698520276,-0.1883000030985865,-0.036875273411619655,0.663066262351562,0
0.9882575418228705,-0.27531062115848615,-0.705358798637977,0.7914337231722401,-1.1456523504728304,1.2614528214118657,-0.8707055064765454,0.5055898914912816,-0.1778359501106165,0.4524469895444219,0.20881341795542796,-1.2663815007041477,0.6001451995185265,-0.0908958322407286,0.8460430172796871,-0.2824294286826164,0.5189085821445345,0.1554903186223686,0.26399628617379983,-1.6519356585611962,0.05070286310768214,0.09136636751326307,0.7772344763420191,-0.07536969018395642,-0.02328151347013349,0.32319362107900157,-0.7572456413785504,-0.14749902831341183,0.30361521729315655,0.21823542652691952,0
0.9311037040105561,-0.18886938608893228,-1.4166923480004194,-0.7889629130987773,0.5888231688697856,-0.023142697761644213,-0.6129969926768047,0.7886566979192975,-0.2577336233914152,-0.34751772579192497,-0.43878297323511256,0.20907121976989707,-0.37959627197487184,0.7775877208428109,-0.6065112028631329,-0.04949973565477341,-0.5237070697828712,-0.2674019740780008,-0.25654223638945867,-0.696130914835664,2.2258919143549245,0.40199150815468215,0.029513480362346012,-1.2103304222836042,-0.39105465529486866,0.7640663435674834,-0.6556077494928094,0.03460858723926921,0.8355090900972509,1.9406970487611173,1
-0.9729657641431075,-0.9908036405504096,0.005808950093934449,-0.2763829939182521,-0.8976579959423503,-0.3855487170571899,-0.2902632086111857,0.11324011904259842,0.5302099591509535,0.14990843229698916,0.4618183847395194,-0.5249055630325862,1.6367666872874678,-0.4523181503797389,2.665310860280696,-0.3198801570971414,1.7718977830463378,0.5303824450696367,0.2597955335595888,-0.21995893925314836,-0.40408129665288633,-0.25434416837962665,-1.2984521872773964,-0.039682084188739496,0.05419400581999951,0.187332784248322,1.022598177251856,0.14829897175530218,-1.0898640748408137,0.28167018338998656,0
-0.08817657455511552,0.924773413380015,-0.6095728224986058,0.8851919121021433,-1.1159302249844927,-0.051192065698313,0.5227729245784467,0.15735316636312502,-0.06707831936063545,1.874361079756135,0.24555765435501176,-0.11650539384171651,0.8705721580989575,-1.7542081429053795,0.866228202697288,1.1731405691190153,0.24216763713625764,0.37302709789134847,0.6856875924890239,0.26260266048999653,-0.34031055616665096,-0.07796722732638242,0.14925403989424216,-0.07084518634278994,-0.6096330577610606,0.5083830976092554,-1.4833096603914466,-0.09481736745465179,-0.037826729427794005,-1.197700719412482,0
0.20331170167431126,-0.9883509054884165,1.31503887024664,-1.404934137414085,1.5159434811282793,-1.3529285976353016,-1.9805684283582,-1.4716229770516454,1.0649231464096622,-1.2180216999574958,-1.7997541025514698,1.8767221007828583,-1.893723608159034,0.10894865207716514,-1.6937362366445943,1.0643147418238361,-1.9688045386478643,-1.9090471739499961,-1.7500619121431042,2.226086568033726,0.35519281005884284,0.769504289565546,0.36620559597220437,0.4208340381534262,0.6776009002637802,-0.5296953787352042,-0.4446075800947642,-0.39321430749219877,0.7658885015401211,0.49003779518755636,1
0.6651745187963901,1.6257631915349955,-0.9169111767855516,0.174604818947033,-1.2091280161700848,-0.013443637473171451,0.5275918625707756,0.11308018763738846,-0.1388090180040087,0.40192198688081643,1.011601206445018,-0.5290730939472985,0.5003971778289998,0.6173548090085335,0.4672718422797631,-0.09416176603929159,2.1334954936853507,0.22560907552704462,0.21238867191345573,0.49711536561032493,0.13093888658366704,0.07131998924033355,0.901032758497963,-0.12550796203905207,-1.6978735073736433,-0.27447898499353207,-0.0790078692868582,-0.19960848858767696,-0.16322009364949178,0.9033040747141439,0
0.7064881460837795,1.7030386509227171,-0.4328038093252595,-0.12929194903414898,-0.4885469383761053,0.42554402091030297,-0.05343760192114545,0.5448922625909773,-0.18939174022068875,0.5790108454781742,0.7465341624275368,-0.27070409754602753,0.46065152192546316,-2.097103750581166,1.4237230892621313,-0.7886385830658972,0.24927803294383466,0.34399590163082194,0.2736177625615616,0.11499159196640232,-0.430769256130211,-0.04226160544445531,0.28853917662073414,-0.016666619871720294,1.6174873451963196,0.36536539223400244,1.26528943386403,-0.3273634978795318,-0.25093987351404434,-1.2746217292062307,0
1.432282106957474,1.7032333549913035,-0.4258976736975272,-0.12808149466292554,-0.4897100783322505,0.4355804878308537,-0.04961986954394717,0.5518699716907778,-0.19257767287715874,0.5525964097082,0.7425449062733578,-0.2490707549379297,0.5416520769444462,-1.8390510721092683,1.3786818674072026,-0.8160819391546618,0.24311051493042612,0.3394441055728271,0.252718874743685,0.11356641465527621,-0.41250230561555434,-0.041114064856824076,0.308235775370999,-0.019663079734651527,1.6347840525788584,0.38053573990680806,1.2636263320576049,-0.3256193357456922,-0.24977240248602328,-1.2746217292062307,0
0.8930533883087078,0.4478396051064567,-0.8680364443756655,-0.061289743329670854,0.863744568667714,0.15132688500649244,0.18231174156326455,0.8425009887333563,-0.2172919448071531,-0.07292539961945123,0.6027291202255213,-0.541581090100629,0.5307244974373023,0.7489859543767228,-0.12350839880063097,-0.5000660936121426,1.8804382033521778,0.8742157427981555,0.6836579224364909,-2.337160940732156,1.0165093806155685,0.022916751062063766,-0.5769682461290288,-0.3589089247545989,0.47477286053778,-0.8159373292725042,-0.5482756466583203,-0.3107477277074052,0.22833898561998375,1.701663396454478,1
0.638342958480776,-0.30542637837984665,-0.5155651231265101,0.6039297263091616,-0.745779027244345,0.9652980797869578,-0.603588484481343,0.4806926532727593,-0.15912186918577576,0.8390837009207431,0.14671472119804427,-1.1023330725750335,0.2350000799904453,-1.3768018069205217,0.13256721113662556,-0.28263321769134453,0.4049327802014694,0.8595140331428606,0.4248139537038688,-0.2377826309708316,-0.17900252156712135,-0.179475123683475,-0.48841822996064355,-0.24642769471899606,-0.2775479301340687,0.026354604182431695,-0.15655781812764244,0.12416843918180447,0.502487870602496,0.5307108627946273,0
-1.347086691893406,-1.9711938929325379,2.2020258229738854,-1.9724606825987578,1.1352654946249545,-2.2526826357924445,-2.2055415071916027,-1.7827071426419512,3.2958071837428826,-1.1421008177561442,-1.285574992805963,1.3103632987593983,-1.170274214902349,0.18953430180368475,-1.1585518108399189,-0.028339972999877998,-1.3269934032633577,-1.4812788495305822,-1.4149646595707794,0.7346614952476842,1.2479991893174345,0.5196608184989332,-1.1282557867581045,-0.671032926144092,0.1922452823760246,2.131694333469465,-0.501266829595208,1.9502090404126458,0.9520808237889437,0.8602705564075522,1
-0.6812042547109769,0.012741470666249534,-0.14093223946372485,0.1439047223119805,-1.589347476851257,1.3130974320308972,1.8771578939341362,0.41813956033410843,0.10857536789485189,0.005787634405617099,0.31309160951819837,-0.7831060746381,0.46919037094737326,-0.004589930338095202,1.09976300691315,0.7669601245452852,0.6668741832623215,0.25897389640132057,0.3096340977478606,0.25689391900867936,-0.08439061613821355,-0.07229726489208128,-0.2020476127399213,-0.09060183252205921,2.2689784720674986,-0.5114201762571561,1.7034843649680804,-0.27598055024600143,0.07390881110253665,0.06091196656050513,0
-0.5139663739913702,0.9353416008785976,-0.33693157843259147,0.5054368589214533,-0.11678950752146586,0.3518430472552139,0.6284377703040268,0.43735756521127206,-0.14745615124208977,0.6135414143399869,0.5057772747478106,-1.393539788439711,0.9828415685730485,0.647059654751662,0.5790912818658099,-0.13893680899269417,0.1745579015619076,0.39033490408372057,-0.12993725213792143,-0.27149494950634434,-0.18215653363940432,-0.13894934195826517,-0.18886875461748645,-0.2008804752192803,-1.230821474936184,1.2101385977701098,-0.5892552457305091,-0.15169978564279593,-0.04413354563250622,0.16631745832488454,0
-0.41508235303155566,0.09287729091044192,-0.13190940448734184,0.3583797615309879,-1.2202470922787718,1.4466084588216495,1.9802046431900093,0.43850375714163015,0.05760643582498157,0.1824114825773127,0.39545355374035224,-0.5474897845749532,0.3853922211459452,-0.03303361909074698,0.5088057235624391,1.2373084219443948,0.9396466390375204,0.27434050230697,0.5007807220057379,0.0024740210907305397,0.12282114812404467,-0.20534288545736182,-0.8600385990716173,-0.08360552680795566,1.9535434712362667,-0.10646130770648041,0.16503075200036849,0.0736463146560569,0.11780436904972225,-1.002651535868572,0
-1.4934958939585365,-1.9059586321721484,1.9746268086730445,-2.1168681919225336,2.17483100819268,-1.7304765768088277,-1.1096875998981757,-2.0278176304153823,0.47845703902684705,-1.7757145463252841,-1.7736709823897336,1.990503126950148,-1.6292376415486716,1.0247359373254186,-1.5719408834879942,-0.48779351885152317,-1.395111851026908,-1.2645312085873501,-1.3551564326347147,0.18207624749642534,0.7990793613809348,-0.9926842753991539,0.7465649810476269,1.352400879645047,-1.7107805113464654,0.1937503180396491,1.3058533761101347,2.695898647676666,-2.6485937259824834,-1.197700719412482,1
-0.6045021634761494,-1.1124381771820495,0.2793497172164399,-0.9196528344081396,0.9406195419081101,-0.48896963672507887,-0.5756439262007074,-1.088937475220949,-0.05383774924736361,-1.061226935250258,-1.2016460098160007,1.2914942763103006,-1.2172142442532072,-1.580641489122964,-1.2439524248700036,0.11827471913885944,-1.3999911439464274,-1.3775371865814645,-1.2773252416686214,1.547992412871838,-0.019754577870800375,-0.1515661168246154,0.42042745732413606,-0.5014976741847847,-0.8842630041626856,-0.5548680652152485,-0.3673584280147528,1.3095046018244623,0.7211797425182382,-1.2510809211110454,1
-0.19061157612833102,0.1633169764869853,0.298972207859961,-0.10764642269144273,-0.07597168224252902,0.6908723939301741,-0.6215389514964785,0.9489477217003858,-0.291596188535811,0.9628062561397742,0.9293046946070214,-0.0008534182567206327,0.4047184492404017,0.6941204614098152,-0.5526862941064762,1.2577137039159914,0.7839578612482099,1.5807172761411663,1.32227533461552,-0.6990328167982548,0.7546674974441303,-0.2298292440999686,-0.17239722903612023,0.011125733881937543,0.042252147244719575,-0.43036291897155426,-0.9867053390482133,0.320443988648744,-0.3162666949405251,-1.058012967022568,0
-0.3803936284916718,-0.06480358356042518,-0.3365248685993601,3.500758706009781,0.4295515383863248,0.058661934507514425,1.6912615538127183,0.16956231863614293,0.006990397254222603,0.7844247836600236,0.8668220150791279,-0.8926659717984157,0.3133572953481156,-1.7478284186973483,0.24344645619258007,-1.213984373214049,0.1641013233698991,0.5995372330157892,0.8470723982979048,0.9098436197563021,-0.02664243605265672,-0.050944500565531736,0.6788877051857184,-0.41764533268472975,-1.0780790064065695,-0.0020481403266916416,1.0677455973714103,-0.285726781325586,-0.3635794878534989,0.449029914514199,0
-0.3849729852820007,-0.541719759405071,0.054421325898712604,-0.31032047682474434,0.49259197276890604,-1.019726382323616,1.5231447613293447,0.25247854482245913,-0.8051759658440775,-0.05970038150360292,-0.5507798216569713,0.04217158435980143,-0.5469199062224576,-0.8794734310032011,-0.6159862335155386,0.05825781349843585,-0.5498449863709396,-0.4253849200599239,-0.4815974207429007,0.6666925258728019,-0.5427084869031004,-0.2779583310397281,-0.15088595188519202,-2.981387465331344,1.109557623041594,-1.4222613904288204,-0.4563805596690739,1.777566898028176,-0.699539318999358,1.946161324398181,1
0.21327535805571055,-2.3299586301497284,3.002890854771087,-2.377598402089592,1.680917661516081,-2.617821287112057,-0.2321296229387838,-3.066087246510663,-2.0460566477403788,-2.572914592527421,-2.7527878709571665,0.9798137438672745,-1.3987706861811637,-0.6261645543156514,-0.45594161643694986,-2.1437561863059678,-1.2888359899130843,-1.373625735400205,-1.536269234732141,-0.7038574161892696,2.158508007129231,-3.7707475503108414,3.1738480242037728,0.8506993919110714,0.4627988034379655,-1.1441249247881422,-2.2747294178325057,-4.303636979798872,-2.473741469209844,-1.197700719412482,1
-1.942474928806605,-0.7964879825540823,0.09985044601937218,-0.327054687119485,0.7474045685920044,-0.27552010048800635,-0.09165171482032772,-0.5291054560366242,-0.04614175611195802,0.7597681927931709,-0.7742337184123288,1.072136581067718,-1.4202946351539698,0.1421516849553247,-1.2246866023686116,-0.8189347092142477,-1.3952477835373776,-1.1105404644006869,-1.2144979042212039,1.0609722911689308,-0.12778144610265274,0.08613148748856087,0.07545084470842707,0.06971587805571702,-0.4139304064149123,-0.304574724897818,-0.9540635582874132,-1.0600960604127019,1.864442302762426,-1.16852101823722,1
-0.9492389330851001,-1.6345348477775679,1.2924755293568122,-1.4601694896505701,1.6428509436590117,-1.8444798740008428,-1.2860318595996445,-1.7093698999838935,2.067402243104208,-2.250039003714634,-1.7779238967395279,1.1948162798400652,-1.5115888861845914,1.5806831481576085,-1.2420518543811474,0.6270974571705814,-1.863538323747397,-2.1237157948246157,-2.119256836796707,2.2258694372675163,-1.0118382977068057,0.9277573646826803,0.38017704527796403,-0.47036743256716623,1.4841298992964527,0.3460510646206679,0.547003573802252,-1.351768433142255,-1.3252215723580585,-1.2746217292062307,1
-0.9060228354909527,-0.16220174417276687,-0.1446961726911088,0.093988538826423,-0.2095955654533193,-0.3779428435077584,0.40063226722368345,-0.009248710392083177,-0.049259233831141655,-0.012666019977354523,-0.2778767383693383,0.5402511069800133,-0.27643167351197173,0.9252900051911468,-0.4721306998407961,-0.5626592055052434,-0.5532783135363195,-0.7550294351703627,-0.5166308179484734,0.6000899365989376,0.07029335741968437,0.1423126935436559,0.6861570055222123,0.12547214093724574,0.12349579945583172,-0.4801110581646409,1.3427666841321708,0.2728567496282063,0.09670552808918575,1.176485990584217,1
-0.2671439093843154,0.30079167304266535,-0.03700276179370335,0.8702257273904395,0.3882626290958119,0.25655785190916963,1.0789354278857848,0.08328084724022093,-0.6059880107361715,-0.15377214178561247,0.7124251407601917,-1.4715434744650022,0.1608315902075179,-1.0775631134737784,1.3002679405551543,2.002752720513549,0.591443804865825,0.4539146770203093,0.24729599288416612,0.03913989684978979,0.4965538399811038,-0.5945992308534438,0.11247965256301679,-0.042279501888231576,-1.358791233190374,0.5434974709710461,0.5591356606745244,-0.05055569173252153,0.4635312998937625,-1.2746217292062307,1
0.7469116869358016,1.9058411430890467,-0.8890023312874837,0.10666682225498113,-1.5426737815273337,-0.05561984291821226,0.14036589266642685,0.14075406667302737,-0.2033508302396376,-0.22138620172797496,1.4109841334627249,-1.2038059590459262,0.3866687571290231,1.4255498796370418,0.3698996288627498,-0.320209263312143,0.12676228333429657,0.5543761637178268,0.16005847613227892,-0.29433675546187915,-0.40895444496617506,-0.14659193105986926,-0.013384492430562847,0.1717080910497724,1.3492352981068831,-0.25457055579692556,-0.43448858816417724,-0.1853911304552298,-0.1484802071888503,0.29810765730058075,0
0.9263755480165015,1.665061125641239,-0.3218014874209591,-0.1261566924797057,-0.11042601454514607,0.585357646189333,0.008000931000784117,0.6712291628814074,-0.2239414327525927,0.4925774543030047,0.7042106760439759,-1.323331786561875,0.5565144736723656,-0.47155689048873556,1.0742181421514767,-0.3263320303419773,0.09546282219706881,0.3492280726080078,0.011195523464427792,-0.41889605618681464,-0.3527784041508731,-0.03596733340143508,0.4131430019403979,-0.09569793001644832,1.2202191701853233,0.9063633260494351,-0.9200881346186344,-0.23085083741891632,-0.18779348416130978,0.10000307045547802,0
-0.2524755975777989,1.1963859550218277,-0.7716018606207855,0.5403458420276064,-1.5698088313876775,-0.0740415449739767,0.344569309183736,0.13272646258099075,-0.16463478895635814,-0.5105106041225004,1.4469109067312556,-0.25092624032296273,0.45848596812348763,1.0776763130241378,0.5072636232485522,-0.17115323559915963,0.43682797234185167,0.3918299399746735,0.7649673711855918,0.05528529230317103,-0.33309683422082437,-0.16341395464734132,-0.23408665396768455,-0.1191348482644533,-0.8872331351648872,0.6798703673889918,-0.3909399580769658,-0.1649672022187843,-0.057684945613116226,0.10243407006464625,0
0.1462593999429384,0.0982059067380709,-0.10771071099182222,0.3185105175912639,-1.2476724195050526,1.2517486912558935,1.0278871744234621,0.7293375942602516,-0.11874695753590153,1.3415227056955898,0.21565433620188434,0.39221833175821563,-0.14199973149145093,1.4863635529529167,0.8993823944612095,-1.2238461069561624,0.2711993833347178,0.9212760311620166,-0.16099955040221636,-1.741743603623262,-0.22786716715783573,-0.2019626968505573,-0.28143028996691805,0.14016108657363746,-1.4715389846011258,-2.071734067566512,-0.2058581564033669,-0.018808044230993463,0.10096690844365427,-1.0005491283496541,0
-0.2559518728595245,-0.07999549202858885,-0.1617407473780512,0.5698491250256214,-1.4516348556825265,0.1366028713066558,-0.6089831692414243,0.5485271059019596,-0.12664609960545034,-0.35871090032859726,0.42063110621706945,-0.5648694206528827,0.26710178367013215,0.33832670292583017,0.31107273691433107,-0.3326598504754803,1.3911888805805332,0.8510365027538941,-0.279799072977054,-0.46714330673496335,0.06931269121607814,0.04050581140918801,0.6862784775630156,-0.15883901179306767,1.3474125040361002,0.0044827483934427054,-0.6134602477267791,0.0535172480191504,0.21061861379476615,0.2818358159924275,0
1.3456141777786712,0.11997085690654515,-0.09289660516884309,0.10854552600385783,-0.7454547830710865,0.473767755969683,0.14256873912329104,0.5176107130784718,-0.06204490907956179,0.4440813650792209,0.15461582450603795,-0.38288152847886325,0.7495352869046601,-0.5700153816860759,0.14791188776477987,-1.4385179383910818,0.8174510886625072,0.7599950453497902,1.0229498548764249,-0.20212651235467524,-0.3903975093483045,-0.03261742432655468,0.34048635578660186,-0.16686687128780137,-1.0955396809643203,-0.7624237347879418,0.9856339966656912,-0.39148904108388216,-0.09716059425796164,-0.20836746174747042,0
1.4610166731898373,1.5281177346434942,-0.3881089901669776,-0.06111142730525183,-0.33674037297489273,0.29857178411261787,-0.3818427962122516,0.5592538968271453,-0.24427089191821177,0.7276574574134186,0.362574669187864,-0.6399706429500213,1.015483411934579,1.039176503704824,0.26112233964450127,0.8634208399121968,0.5294323555594317,0.5325233941574347,0.5478924527030946,-0.6174713448966341,-0.06520445547047839,0.00632039785455549,0.6344189274827743,-0.12953894588677137,-0.00040315069777982834,0.307684053520253,-0.2635515120296401,-0.20439258882495925,-0.09622689055330723,0.7878017079276234,0
-0.8944073851052441,-0.20536646290420782,-0.17251857655979305,0.09260158330265471,-0.49126205135103307,-0.13598543359043852,-0.1971172993098692,-0.19437368698957028,-0.10423863282287459,-0.31075472946377597,0.14236576528206807,0.707201852655616,-0.6959156624934312,-0.7237025301840262,-0.6719732639135936,0.5446482500628795,-0.2903825756300557,-0.5750364191284657,-0.669730160650052,1.3110567581730723,0.6412538989570004,0.08908182651159707,0.3563223719296695,-0.14924254569095058,-0.2560568831656045,-1.0418755158476483,-0.7823943369955353,0.3164140819559847,0.21401071274759623,0.2084554554207592,1
-0.6612599851663018,-0.15132058364737475,-0.061560272107835504,1.5871394937759626,-0.375474620761665,0.15056280921003842,0.13460799507574886,0.5296998646975634,-0.11700249062875048,0.30108931977115083,0.4778404450110689,-0.8499805641040565,0.8976137212132363,1.0848099600981933,0.5752051331147258,1.0086340853344318,0.585984821696798,0.2499266289726572,0.4605774975794957,-0.574697526965443,0.01816188799187549,-0.010603404053851932,0.6125237060641617,-0.2438197586185915,0.7778591729347525,-0.13509334026620057,-0.8705464284179627,-0.19410080285702858,-0.2767631133586106,0.28167018338998656,0
0.1575052600433365,1.5796384884283714,0.08248617993272214,-0.5210830517637679,0.24690636977722444,1.2048738341247656,-0.4463261882484917,0.6370373540593596,-0.18727750819040676,1.324491039718468,-0.24889846853844272,0.7444775635783645,-0.5853902845371306,-0.9209184075664327,-0.5908329538106638,-0.9632245863302015,2.0895105394965845,4.018821141914367,4.138963334910731,-1.272269499334294,-0.31857181237045556,-0.26383740008621787,-0.8353618417978521,-0.08041552554930505,-0.07111136173323734,0.47950851122071375,-1.2979518691793976,-0.16669094580281787,0.0990039438400347,-1.197700719412482,1
-0.9114950980660148,-0.15522912350139598,-0.7045253985184711,1.7659951416798974,-0.03410385572230582,0.6590766101290378,1.0160720398174028,0.12226857184925788,0.00024408426427600702,0.7406060932394185,0.49974144812542226,-0.8181173378583704,0.9474593544725428,-0.13230364690299995,0.44303084427800127,-0.7541090506428751,0.16120262263206128,0.4187319630232992,0.8809969247921474,0.7876569401194782,0.26536910952640375,0.04057714934053634,0.8522954338505893,-0.08224478373609553,-1.7593899187860587,-0.4300718789727286,-0.008014255127370192,0.034419772752214736,0.30381587463183257,0.4696134972608677,0
-0.7006829268604235,0.9032538071843784,-0.5221283992384926,1.6850892156480877,-0.32376641795737954,-0.21218770403146822,0.2719833584565751,0.15495903587953133,-0.1298205445557254,1.4136583681013721,0.3772222384152061,-0.7449124258968264,1.7390322833815517,0.9417082152666492,0.23539226069847888,-0.6326345363736373,0.2726529904054637,0.5024879885966554,-0.04989337707263542,-0.14538153907582355,-0.14352337264529647,-0.09078928276724246,0.2801167758492448,0.002597090242708429,2.1959386173903934,0.22610310664307273,1.5902925139704838,-0.1774918000296493,-0.011705809620041686,-1.5521094027241924,0
-1.5424575322737124,-0.0714123647870998,-0.29767940530113035,2.1670146196277256,-0.38658238398272066,0.2783247449737869,0.46536828204631264,0.5649528769408677,-0.17172962396489097,0.9678595374813086,0.3872782720984206,0.25942087818846515,-0.32580538573714485,1.021270520664135,1.8116038737963538,0.06520518348883268,0.5908767378532925,0.45592718097263735,1.175371869616474,0.3799491140698092,0.2442485987403927,-0.10149857065050367,-0.04067222050031123,-0.13011284311777224,-0.13260425026748424,0.1379453641413649,0.8077358316170149,-0.3862883600415115,-0.3800500801140989,0.8113501888282053,0
0.07186779809504935,0.2173988459073429,-0.28984527420956147,0.25157796940881877,-1.4109473260280787,1.2310538305013576,2.2535611636363067,0.1688551526856464,0.10841141312358211,0.904831545144184,0.29384718096379064,-0.46979641313982207,0.4035266762024668,0.0649498293140988,0.08753371293701612,1.7403697841507921,1.5309031859975837,0.3352892491618859,1.1058143400829321,-1.365839830567212,-0.18791929599190313,0.03500694435249758,0.6802962385746525,0.13227362652256297,1.211192794228437,-1.8853817169369944,0.24833875478759784,-0.27441174778520705,0.23181744763363887,-0.7042806158296949,0
-0.6848712182621374,-1.2526472649300846,-1.3751992768611938,-0.4322582602514177,-0.596807357279706,-0.29816425064349344,-0.8231672009527523,0.040801186818707806,-0.3271543807867704,0.8901866784435559,-0.04018841729224524,-1.0197387872300203,3.3077166146462393,1.190096340995236,2.0494902792367546,0.09595085933074365,0.6843342950732827,0.7408025550187635,0.04756880790081817,-0.17561714779262744,-2.5954092310463097,-0.8615160417699433,0.9435658212885575,1.2809514911553517,2.477162019037439,0.7384032675234782,-1.6005461517355009,2.902093721830049,-4.755759264752788,-0.03734668615448289,0
-0.27996944762400044,0.3622740972253891,0.08426934607043675,-0.003327206451329236,0.6762325193055295,-0.10874770161235366,0.02456766013393513,-0.14101862618792355,-0.045972065670525634,-0.32934775117146137,-0.26332590893910124,0.16135064665291318,-0.3754671668342387,1.2639185154222718,-0.7308932076079383,-0.968784891505143,-0.5345355858038194,-0.535791448781778,-0.6788644016251616,-0.3344456101869366,0.270908013667561,0.03791063859674519,-0.13864752224789023,-0.18328939628966165,0.5132390332248333,1.2420019873386683,0.2244950137368802,0.4827453560276849,0.5732210913075297,-0.6899591503068163,1
-0.8683760026545998,0.9062524253394441,-0.3971731396204834,0.584111372948504,-0.3808294884428657,0.13914003759071408,0.17753899391396014,0.41076882321921315,-0.15449646616100493,0.38941039628901725,0.6147808441947478,-0.057495932662279474,0.9323675480937432,-0.4511901651733584,0.9924015631581494,0.33240972353550546,0.7964162290128686,0.2179690209169705,0.3916146834650616,0.014561000722729825,-0.12041394254825412,-0.14365247182472174,-0.542717161710683,-0.041694304492999046,-0.05199565530270896,0.36503332692470264,0.33849652939893066,-0.24630346081956975,-0.05071032535735691,0.5214952333155264,0
-0.13966071889680837,0.8501648109496343,-0.06351743262993179,0.03432667897403595,0.14054956518767492,0.5173993537614168,0.014246165856503975,0.4512283769052173,-0.11409724206772114,0.46156759904107286,-0.037308667424152404,0.4887070789879951,0.3964371483953545,-1.6281282799830261,-0.5445435590646229,-0.21412803445130407,1.2421619475193957,2.4951348078276756,1.8433263015948202,-0.9828600895401559,-0.2231607510404848,-0.2075775695780264,-0.6463152079438969,-0.1321494655441059,-0.4266412288551469,0.8263541989956908,-0.7487776635297091,-0.10001775997031065,0.16144088861819572,-1.197700719412482,1
-0.9423175789747112,-0.14581403460650805,-0.006499489346435394,0.4055680657798708,0.306193330071661,-0.10308839187784508,0.4793526963488883,-0.12100180885056762,0.004228707223947696,-0.11413425282076259,-0.33424838431271153,0.7407644889507607,-0.29372958017999334,0.21189610774169784,-0.6644757385373596,-0.7081249495190949,-0.809716425856316,-0.49869392629884746,-0.5423657263484973,0.8675674894300295,0.49516041378578657,0.10982018186559668,0.492039843722026,-0.1583112026703197,0.2205593509753665,-0.0486458015934225,-0.39517931243383003,0.3774259367040835,0.07451013879450748,0.4287936995143003,1
0.3410566328085216,1.5788293922176846,-0.4564805405220761,-0.023068190407008093,-0.3165525317243836,0.28971930808726404,-0.14843008584611447,0.5009050626688013,-0.20534843679312223,1.9311687638675876,0.48013532939518516,0.11565348037055372,-0.31568945709051327,-0.866580494849551,2.8464590344773804,-1.4140872032697211,0.10620672940363668,0.6446349995660084,0.4890411095111237,-0.04813318998825098,-0.47811580029873213,-0.10894822748466505,0.040489468491002704,-0.027722435161138412,-0.15313705471186673,0.29995603561816797,-0.5105921861818203,-0.28250931605837815,-0.2333291357109076,0.45836892173153165,0
-1.0010996332499782,-0.8241265495268368,0.5225731708857465,0.23135760705652642,-0.8405486569768124,-0.13951482145982452,0.20778032918179354,0.3255572881633994,0.08014786257971797,2.512186691226455,2.860839428611759,-1.0794012563817108,0.5170385349518005,-1.2585563849135617,0.48584735300647,0.13668477983356356,0.10608222888802381,0.6270917997595921,-0.22335285692875728,-0.4833285508204791,0.8642795065880728,-0.2873703173151977,-0.501178803516894,0.20374602989629356,0.027582684015519426,0.8791735082806675,0.6070736430940654,1.1045544152243685,2.103597636145743,0.09436425255452759,0
1.2554847117260417,-0.7561408793566483,0.4737396360438386,-0.7170905777642611,1.2209101393940567,0.3814594834024326,-0.6701548580706594,-0.11946657155009995,-0.2936028645481056,-0.45380220973037555,-0.38523748150124293,1.0162184968963182,-1.2790791634437213,-1.463799379464373,-1.7070779144097314,0.4775366970088075,-0.8236027077499508,-0.7522798417563284,-0.403276755057505,-0.4007332349392017,-0.35223323346612767,0.08430490990019295,0.32465992422177165,-0.15855258304107744,-1.0657395841933919,0.9520766052756917,0.5483260011580072,-2.13215826177278,1.0596560994004647,-1.197700719412482,1
1.1429638167968192,-0.21935527224357823,-0.1362152682653682,1.2685522894180623,0.21265698899258179,1.2827799822482968,0.6682150470226776,0.8090789761397488,-0.1101488811173424,-0.4269027410496478,0.6831861158059718,-2.2667919358929702,0.1277772104473516,-0.3584750542352495,0.7040202437289207,-1.4540116075523972,1.160402173237113,0.13996840083764894,0.00028286339342887347,-1.6619442297958327,-0.0252509557024801,-0.16324673894346037,-0.8745698549984984,-0.1895562831201002,-0.14173557969584674,1.3192127351342102,-0.47513732165164047,-0.2671590861664793,0.06269710646036095,0.525592861060068,0
-1.0374973631660327,-0.7061516529901656,-2.378162473758599,0.33692157933099254,-0.8142472296276374,1.7766075436004514,-1.2726073863420537,-0.18240919151560298,0.07181550663686088,1.8476719481023842,-0.034279164155008854,-1.5596190499406404,0.3046554829334888,-1.8623519793266805,0.4595217367548915,1.3738130205248231,0.4956539298643482,0.7679603002818495,0.931171606281496,-0.5366664362282856,0.9127077161723186,0.05337859479453438,-0.44456022267366196,-0.1934890993985425,-1.4631372183381375,0.0879052769986196,-1.7962652816538984,0.10167393994866092,-1.496882322227408,-0.03734668615448289,0
-1.384474131040104,0.9890052309415687,-0.6448567595749408,0.2765051693809625,-1.3392295652556687,0.7658892811510889,2.1481682916246623,0.06679776448908827,0.07186599371722698,1.0584436963841317,0.444810819152526,-0.7230616640460377,0.66665861359201,0.15294143193622634,0.523553549221922,1.052064170443783,0.9016944641744503,0.21843441905921399,0.4566774318953728,0.1425042068745678,0.02027759742011641,-0.08091017980739522,-0.03137357483148533,-0.09633025044683433,2.386169230711798,0.385211539099238,2.557955932891189,-0.2527437864476084,-0.054370363956053956,0.1852184451132363,0
1.1880440208374856,0.9852109105521967,0.3604491805784828,-0.6711006713197667,0.9768077812778483,0.8592674023993978,-0.3607613002048427,0.15364600781590707,-0.12159588131156325,-0.7336331945513451,-0.32913684118654263,0.2947713322291288,-0.5972432814280154,0.5958829570161128,-1.1179232094352378,-0.8074307484640837,0.10551353379561765,0.06403833760910516,0.216052106782218,-1.5262539143512968,0.20292685290809506,-0.01108306130294661,-0.39939640162983014,-0.17375962589037303,-0.0625112990962093,0.9343472916676316,0.3758887219337573,0.33257459023957514,0.5125302359876612,-1.0442090094085774,1
-0.9350578474022625,-2.0635654429068855,1.8426776680422063,-1.8615264100175297,1.1497250929135339,-2.3039542705998906,-0.8520750741525017,-2.3040366045967855,0.10737931314729862,-2.4050693376593055,-2.3758048287437665,1.0423037840016447,-1.3046852903962636,1.0375321654701022,-1.0833663192807688,-0.36740369058705113,-1.5063696216715268,-1.89081683547121,-1.9568292619837655,0.631100261825837,0.2778487098306112,-0.8538353995566432,0.5174292699773697,-0.47883114875139726,1.0615773211213473,-0.1777635868155183,0.21499720025565966,-2.7361670453080564,-2.0426792759085264,-1.197700719412482,1
-0.5832327322897085,-0.06032768724616304,-0.023604195462265064,2.0506949225724456,0.36863019893288523,0.2948024976358428,0.8638483405362765,0.4920778266667465,-0.10727563383503695,-0.14497905999805205,0.967098432811464,-0.3266490422312383,0.7266633167176049,-0.13820828706841937,0.6037527794024319,-0.7680785375580874,0.23008590446795277,0.4606748698888841,0.5995613987369408,1.0066825195212836,0.01790284882793311,-0.07030228384528818,0.12595755134424605,-0.36090943293899286,0.05460313969666714,0.39908310482156967,0.6615874844862765,-0.3776266207999812,0.11191506614606846,-0.6063196770228524,0
1.4881801190596156,-0.1208135942037183,0.2705168438112631,-0.3368758593582705,0.12806234247583526,0.4199793288496771,-0.6418813033362238,0.3835742696683074,-0.08848712644816029,-0.36427887667778236,-0.17878775163477137,-0.1183617123841463,-0.30712841544893626,0.06308366489340143,-0.3887062130010365,0.4699201594949034,-0.34738672435912593,-0.00981277242710969,0.01860932203408861,0.19064019633732854,0.09072346034324759,0.08308575674380567,0.5765972943144638,0.07474623994270503,-0.4787439081600326,-0.9841425061254201,-1.0935443915687526,0.6025126951717139,0.8620119280701343,0.43417567217605324,1
-0.5725128109722427,-0.2036446606646567,0.29564357912344985,-0.2803714488756955,0.2315531452788355,-0.15560008628374258,-0.06727627056905039,-0.2840736185388956,0.11088128808108912,-0.5626799725141239,-0.6533931041435029,0.3802517821733472,-0.7121598018038278,0.6682386435093148,-0.8164977889859575,0.6247202194701187,-0.9708109276551818,-0.7411334290205633,-0.9489126775272646,1.0438004887612837,0.4221427522347583,0.14628384319482082,0.020904958580061438,-0.23135072956779867,-0.9156020210246997,0.25523648593140563,1.4294137078193339,0.5374494878221502,0.44849761645344777,-1.6168039914639678,1
0.032969430769295656,-1.0462842356710236,0.6404618565931484,-1.1326449837453123,0.934092232335829,-0.9180310841345541,-0.7642245122783464,-0.7257095452703246,0.7018700252839841,-1.348015060217041,-1.23079360242562,1.41759097148338,-1.2144974892113265,0.28277257429541,-1.4579439145645292,-0.3918175685535863,-1.0603332677377546,-1.323953863614369,-1.0761518900264502,0.4653960209966507,0.03928845968767487,0.2508941298846496,-0.419733399888961,0.07916672676625067,-0.6188238638376932,0.5321841308197122,1.9808846071929964,1.9956897689461346,-0.8316883073038082,1.2683246653336822,1
-0.45219563928290435,-0.8800688786905733,0.3065340847708253,-0.6524468081860657,0.8756184006661594,-0.5871291913459195,-0.15639417815906326,-0.7080768822667124,0.2424962844129204,0.06286041633033246,-0.6450998457991056,0.7556245986906223,-1.11439515129598,-1.0905162800432044,-1.2925502774610782,0.28325887657543597,-1.384760214196196,-1.1087912174413206,-1.2451034169337702,1.6896270750935987,-0.3751261866446059,0.18511574310601628,0.3588084730002738,0.48872915455435717,-0.3090165895730213,-1.1067980181106158,-0.8203972531390707,-1.4068225613702272,1.3798649239812542,-1.16852101823722,1
-0.5449227359354681,0.036540634639063735,-0.014422746882022624,1.2245725558347866,-0.2623771290916508,0.3975212132365157,-0.009258268345043516,0.7456924892258715,-0.1959471831650315,0.2952181871449784,0.25591026015963825,-0.230870848429404,0.24220218325064768,-0.8573325257897929,0.04545981594961891,1.4469337694560696,0.47055862438961676,0.9490948426037006,0.5395939178350633,-1.179635811884958,-0.15533420577163698,-0.0435070999451358,0.3941411024997757,-0.26783296971693893,0.8510617114163682,-0.050806923279162225,-0.7490241496164736,-0.3789372109782872,-0.3118716887524175,-0.555655334755108,1
-1.9722162217081851,-0.32276644669396215,0.5213165025611889,-0.44353994514279105,0.31600799022489345,-0.2991650640785373,-1.1648054496697968,-0.3464740886305811,0.16832400331662503,0.04984060901468584,-0.8775662946082555,0.9666907754963016,-1.1683028370387392,0.37347803009891584,-0.8749417470524563,0.24896326814011377,-0.6030315397789859,-0.42945803151122797,-0.3161043406745884,-0.4429233349902423,0.24869663752929172,0.07630228031308721,-0.5214165230103348,0.004351313706232146,0.8900103434379636,-0.028268557356461575,0.5967637584826283,0.409585980865056,0.43492693516208725,-1.197700719412482,1
-0.1401193558141353,0.8938890523726227,-0.008977318644497011,0.01787910399413167,0.15410528653450348,0.6198491247689507,-0.0731586833113825,0.5361828488871808,-0.1666922157712371,0.43640053099049525,-0.09384929161823871,-0.03422282392931466,0.5895900501723137,0.46509319317816433,-0.6475549773645292,0.30426568409319277,1.0298186125100426,2.533845978756207,1.1374658471417325,-1.1898538852332632,-0.09558853559989147,-0.2230725358565012,-0.6305527256174157,-0.16461749076980328,-0.561941971848259,1.0472055600646881,-0.6977701467515092,-0.0817593448536986,0.18763120511169007,-1.197700719412482,1
-1.2686234471245712,1.147037806394708,-0.5898040187208015,0.4361642919665219,-1.1898189826565864,0.11838255832730187,0.4577835633478509,0.21856184500368642,-0.1467988615899938,-0.028080627558704167,0.9645336999123183,-0.395977882979353,0.3612813700033353,0.2649122453055537,0.6225890946684256,0.09671011174090441,1.8923402987023936,0.279367322843937,0.025130723749611505,0.7524421709664756,0.02124183624881469,-0.04663378319609211,0.13524434081269657,-0.22635294304984932,-1.5391162252520487,0.9450976568341148,-0.3252233605202604,-0.19483754900725328,-0.08273905149943349,-0.23430371629533306,0
1.2155921482682754,1.4674996835368164,-0.1639431036146431,0.09537307104972105,0.6435836666910377,0.5828723271523357,0.9195236207650679,0.25564066031060545,-0.07401060435429085,0.10163254662161958,0.7484854094183705,-0.23137138394668919,0.5492044832760437,0.4755095422821348,-0.2698803683663706,-0.960044624844041,2.8548955944599816,0.6595424144095039,2.0227671831401017,-1.6691239705768541,-0.1734060269590341,-0.07258330528818176,0.10591723488916419,0.029062057175780646,-0.3063095380659915,-0.3210006652541901,0.009926203916494326,-0.15086296647281655,-0.020830358897213862,0.03454322255946564,1
-0.4580064275577433,-0.281905841110034,0.3313795567104236,-0.30473718505856,0.43408518782468497,-0.41412520185008456,0.16635660991395065,-0.1406323707160583,0.13439438698233128,-0.461440815954799,-0.4575580799718382,-0.021198276452161147,-0.7566598918344274,-0.7129186190953781,-0.5649606163191233,2.1714298413837287,-0.6368726598540944,-0.5911923228565752,-0.2787270420483888,1.2582559786500414,0.12256132762230391,0.14977858758875,0.10800331153662845,-0.1169692962344747,-0.8878658026194236,-0.19041319656742053,-0.12775480233892417,0.15999316866665508,0.2086902533705554,1.1215152070611265,1
-0.8919447187292301,-0.022486806182316237,-0.4503361367891611,1.269643562544711,-1.0214251614303782,-0.029295732793369864,0.7526267692746866,0.08329400948547735,-0.6197644007601967,0.8220299344638348,0.0441434287178388,-1.8059920313712003,0.680546863103545,-0.3157601921387561,0.6162429812996452,-0.27415692645669426,1.1233803463469245,0.25786795580838456,0.22373923695274192,-0.69909909958104,0.7049477252095259,-0.6036574444132801,-0.201839845085054,-0.3157714577110813,-0.7157291667603012,1.3024028126441773,1.7891587184297415,-0.2556646145089655,0.37568098535171296,1.1200581344288305,0
-0.9521228229011734,-1.1669095878302909,0.9604537599016003,-1.0096839578124495,1.5070985224058053,-1.3495360003597086,-0.9386373378972268,-1.442305534759511,1.0861895326341817,-1.9565016197750666,-1.6337519858957346,1.4794340609283747,-1.6417096710912322,0.8956411559686108,-1.5567127339779165,1.118469524060999,-1.97467263147922,-2.2473780328185162,-2.1210109297328756,2.1856845235485696,0.4960026504811844,0.7875352031384782,0.7623066673218875,-0.007636219306910175,1.2727010555322273,0.47900667707877514,0.8612212861432109,1.1713420255184201,0.3556212345099146,-1.060347622623849,1
-1.501019362145251,-1.8740455919189392,1.8930302319680576,-2.0931648662458087,2.177969424737921,-1.6810087205550563,-1.0676847316134943,-1.995027648275193,0.37074034634449066,-1.7817443680994312,-1.7838454545327025,2.0125827974440447,-1.6421171555937037,0.9656191764968978,-1.5948348594263753,-0.46436133935534657,-1.409146798098307,-1.2801052447870769,-1.3598816216610168,0.20795805182666763,0.7940131096235092,-0.9961676271949783,0.7754544925783187,1.289232233322982,-1.7049857121587215,0.07693433899839135,1.2926747851229794,2.722040670185022,-2.641896685259063,-1.197700719412482,1
1.5716093372928006,1.9068136184390412,-0.5490211446947598,-0.19309769818678893,-1.0478989457008576,0.28721730204918705,-0.6262101211252006,0.569436599343502,-0.28612697733590065,-0.0665876465041954,1.0400416889243163,-0.9998131874124953,0.20938631414594344,-0.22224350674433627,0.9046415408275597,-0.5135914950693113,0.431552798471683,0.6394240237270933,-0.5487352536838676,0.30404054327870744,-0.18425313406204463,0.0857348293420712,1.274739842800901,-0.22915867934778167,0.13325431571764024,1.1299335429845307,0.5933450055802932,-0.28629590619099193,-0.2544761478958315,-0.23430371629533306,0
-1.1820393655951618,-0.32589787679926424,-0.8534487872468521,1.8644659714257563,-0.40789132433797576,0.014634729535022765,0.8216011888809548,1.0858043279925536,-0.15397023615685546,0.356912349837483,0.2639393597448015,-0.24098706537883532,1.063364796922989,0.45714096445426944,0.4261483518351849,-0.7850455116083923,0.9760582113570253,0.09356893965868694,1.0712697781246256,-0.9438994635533232,0.9052103698830972,0.09589406565179291,0.5708001929947244,0.7492175794197085,-0.07894319752387198,0.5990008582685517,-1.0049292498918763,-0.4147178956391574,-0.22156286822564572,1.5339690984748122,0
-0.035719022467638965,-0.3691004951725539,0.1862324899238409,0.4872992708381814,-0.6224826035282378,0.117785260029975,0.796531481073978,0.1908151716367474,0.2674276828386953,0.1805467230004706,0.2948125225874526,-0.2451365367992282,1.1128902536900076,-0.11414043380218986,0.9748688496129783,2.2980904970374723,0.11596907521866298,1.2050659031208832,-0.6271232700807484,-1.8814234117615842,-0.217655102641866,-0.10893868293453343,-0.24557141049489614,0.28052291558381487,-1.1984976417181492,-0.6190710832409926,0.3855852829920204,-0.034490814489842314,-0.028833383388683912,-0.9620665540978698,0
-1.0103085735375925,0.07019409418372306,-0.3620276361558518,0.7700353068194532,-2.097933339010276,0.6347534750006457,0.49077924453441757,0.7613849913041707,-0.1847086989901748,0.8134651142235628,0.1482316414278374,-0.2688494130603629,1.3466611829675268,0.3970449516524853,0.6533122160927983,0.07388022197517816,-0.0509830940621145,0.3287569908586194,0.34128307246149125,0.9480865988320688,0.09027815388195039,-0.06641061866836265,0.36368021266091993,-0.3511632114195968,-1.722544539016191,0.19664772890087076,0.13273032077282657,-0.25453676571833833,-0.30924427029005125,0.42939484945452633,0
-1.9957714691683923,0.2200876411892401,0.6881302645915341,-0.8079362505389184,1.189496160851931,0.801855437081259,-1.0253395221253314,-0.023305023172784586,-0.08299549737911063,-0.8664674567563758,-0.852406256932516,1.5019740198148785,-1.2418049375431135,0.7167368424627061,-1.3687522741344926,-1.3189540094926073,-0.2375957442654462,-0.01278509670649608,0.8639978399152417,-1.3946585597547598,0.4457991692900572,0.0466656758619004,-0.5207973465438263,-0.5981328450160099,-1.277523780329103,2.714930903142046,1.0398762972546887,0.6720823514779856,0.9785280408441853,-1.197700719412482,1
0.9998634138661778,0.05517282030654297,0.025642367255890787,1.0711861437786117,0.2524668269680551,0.8340803031893403,0.6742932909411605,0.8455248257833711,-0.14131802396515755,-0.2830822346842579,0.7571117855102324,-1.9533178103552513,0.46902949832735824,0.5154121490239921,0.49461574293244964,-2.1071500628007995,0.8873462638396605,0.16409316882718053,0.0304153079219664,-2.0106361667709627,-0.31930991477628007,-0.023241363237313937,0.455608079197238,-0.2530816075094611,1.3481734437104347,-0.24591971925342557,-0.2403910480599247,-0.049438490371966445,0.3151825395245001,-0.6737278734802982,0
-1.6956832989208683,0.8804867324195624,-0.3510877737053949,0.7308311132736215,-0.01561268940744563,0.17031474834585536,0.36597934433328305,0.37966653243493587,-0.15720802694286853,1.8248423217434195,0.36561729355180717,-0.4105649999773336,-0.31025251135963955,0.45548523435254823,1.9094387121154714,-0.6939063914917678,0.07512773765571927,0.8320929764336854,-0.02787399281732751,-0.659659581182156,-0.33947979575511805,-0.17897973629898606,-0.3262426688613974,-0.09236373788084377,-0.015274607848545192,0.8810367966847721,-0.8199968443463599,-0.19009211011290555,-0.04390328304097977,0.34374982246279556,0
-1.3353653703531303,-2.180554102107331,2.4950324764108287,-2.1430526545751674,1.1716376644819364,-2.556857541401261,-2.358876661705821,-1.944742012347777,4.051657023255471,-1.0941812732630654,-1.2271130707616964,1.150833324688994,-1.0534861897131207,0.6330186550688646,-0.9735456134651295,-0.07790921562485706,-1.2166451366491065,-1.394850064520874,-1.389269449383055,0.5547991146619372,1.2925285396699895,0.5273147173600724,-1.3860928886378745,-0.8858506289205754,0.24307850301450565,2.7275078429597484,-0.49406466915470887,1.7329910183214603,0.850769163674833,0.8602705564075522,1
0.25088490040489336,-0.6438051375535288,0.9700973641201002,-0.42926156015656985,1.2566834606015693,-0.3465838501871583,1.6187578853348572,-1.0847590761199668,-2.1454307771613643,-0.7708237742694414,-0.7893972998287819,0.4689935356302894,-0.9205465630108394,1.775761899121462,-0.5273240070065945,-0.19202008041791474,-0.2971057040948223,-0.29773858073966636,0.11490419241391017,-0.10305942295673184,2.82865924841299,-2.4153772665269657,2.2458371673602726,0.9121935274137882,-0.9453217157065378,-0.9853547419250254,0.7885590382572528,-0.16937506335655683,0.269719968776936,0.35221831729277925,1
0.8561743217332757,1.684510288897764,-0.4413530823806571,-0.22115465401724058,-0.7237169614429018,0.6184678945143804,0.057893174872574775,0.6322689833792416,-0.20960494051037168,0.5141235702696462,0.6494362600965395,-0.3576053773823427,0.7274680402372895,-0.797306892501755,1.3866161676950428,-0.18354531884869435,0.3243171854538799,0.21638475299869053,0.48324365955304943,0.27399083125789037,-0.24119731106545408,-0.0262075690684956,0.318244444518135,-0.14637263785823132,0.21390889264508994,0.6573984194244443,0.4386704631081895,-0.301864244330381,-0.23256507122528916,0.48368720534572807,0
-1.0582981419451472,0.08185815898562007,-1.5662287100077585,0.640067534746681,-0.26366956554689946,-0.1886547284393251,1.0375686364493641,0.40554875309275173,-0.07724570011763959,1.0457982129939807,0.3328449639642199,0.03436878242775329,1.5433680679383113,-0.4957910077188322,0.6140543429789924,-0.4298206111211468,0.24301890379005814,0.5874066310170576,-0.1556574164675907,-0.4424034182517612,1.0306048495420688,0.023194219805807815,-0.45417809348833854,-0.4622080768223602,-0.37481894063869203,-0.5686962586815204,1.642446259023375,-0.33374880576055027,0.18193702202143938,1.7042472367670145,0
1.1441092977869056,-0.1453606460117273,-0.1302708666569176,0.38660403608797633,-0.6265252366610594,0.7335693722387326,0.005116236821092993,0.7509444951932077,-0.06360154872995709,0.04384441292955342,0.297613603808911,-0.7278000735495598,0.4229961573017124,-2.014044396463871,1.5100016739166129,-1.6326061330267614,0.39298302647782424,0.2699834685881925,0.48996487708440756,-0.5980584514307083,-0.46647174813599995,-0.01120894830258944,0.22946005131439848,-0.39144113464428726,-0.7847686945329251,0.6681672352704182,-1.35029192791705,-0.2234396886510091,-0.09346696129462176,-0.3969859934609503,0
0.9589028974381815,-0.12396168977881977,0.20408279010038172,-0.6435443500407733,1.2233996036328012,-0.7472510256636176,1.4766593062103974,0.7589089221315413,-0.6107331529018423,-0.8878071404097724,-0.30194409668219563,-0.04576491718715157,-0.505096822887321,0.5921924614124017,-0.6791611712500826,-0.36727615459633717,-0.29988825990208184,-0.14002070349566817,-0.15557549430682252,0.5052573815139143,0.9123928270363129,-0.4050757549533278,0.6457534450495984,1.3088932875804518,-0.6409762234209887,-2.4413659835462704,0.1854942194179437,0.9676829354227549,0.26564430671103706,1.7989574521935616,1
0.3736438867241338,-0.8453796043476036,0.9247177688249644,-1.0736696592857982,1.5945339967341419,-0.6051928637970749,-0.5955495627983691,-0.8825367222152385,0.6641849481344907,-1.1035700243649442,-0.9836204956575262,1.582238743378197,-1.368775308548565,2.6877595173072315,-1.304363846552829,-0.3047683173325918,-1.0307012356602627,-0.9877425994078952,-0.6127357744771739,0.9367714353042423,0.003910469463762576,0.33151459627111063,0.16279436549153017,0.2376204125701209,-0.954711783766553,-0.35740100107108574,0.7898635351339687,-0.5739011260164767,-1.7152816658937469,-1.6230553716641472,1
1.4977403663488242,-0.30514724593799686,-0.31847871124775456,0.04004623337618484,-3.5156596125486566,0.978326473428235,2.04889227158497,0.1629999345163542,0.27460946899369354,0.35721778725400793,0.2828290485342277,-1.4774111445697358,0.9314741165489004,-0.28526388275574344,0.6687466760539179,-1.985932377142093,-0.34641307720330144,0.5628340013128097,0.36676842099663326,-1.1418097717377522,-0.7822513682960258,-0.34841788967097004,-1.1682514717566495,0.15824492249994948,1.3835255554748465,0.06489746586389676,0.5778409906454854,-0.09938014363251894,0.08599191265770356,-0.9699458574305613,0
-0.1314538446664984,0.8237901671535491,-0.3935419220019928,0.7212654225951514,-0.06475912846009349,0.1475959436380717,0.47496946157266734,0.38972812857049893,-0.11587442396314465,0.5271747237618613,0.5870325642579186,0.022896509438261166,1.297304852942997,-0.8446501626889245,0.8670773890050947,-0.7481296822628278,0.1550425014892996,0.45606518669580937,0.02252868850215098,-0.35440242325739274,-0.2533127485862609,-0.09634187057868761,-0.031091282133958505,-0.09864769056643653,0.408545222912062,0.829760948551049,-0.7689626281478827,-0.16641248841456036,-0.04300914740922812,0.43286594598696476,0
1.0248280352085155,1.270955294166478,-0.6299269446909131,-0.33958198883921853,-0.3883176785851693,0.5809393732389954,-0.062966830125857,0.7763850745329846,-0.2309164222319217,0.5620469454591134,0.411016283867109,-1.3236696891008857,0.07561913852075529,-1.2962735518873467,0.5114562373168348,0.7998599167573807,0.6543409651584071,0.6153537099942885,0.4809502330173768,-0.3071201465143425,0.22831058305826124,-0.044472228814470056,-0.29023582391844177,-0.2655045304583262,-0.12031061572263746,0.1861500419771227,1.1537460650292553,-0.35746636367517676,-0.07974530878767808,1.3250116164097416,0
-0.3235174695563355,-1.6006509044574764,2.3730199453423895,-1.1471220883054616,0.5005580316288258,-0.8572478577736173,3.007958932844901,-2.0920646462327386,-5.5806317466772475,0.2395181532099072,-0.6838063236776812,0.9765709983834983,-0.7002883394287626,-1.7612578098300826,-1.1867838529015795,-0.268340953348221,-1.1980519342633762,-0.70516801568907,-0.95741051932441,-0.18071907127057482,-4.324160422816438,7.914019732244883,-6.381406178372348,6.560340072846447,-1.0954615517695523,0.31799954254328255,-0.24781214686214187,1.4144567159072419,1.9767011822099552,-1.197700719412482,1
-0.13884778101986214,-0.04252360495740505,-0.21369758423656957,2.472947852892217,-0.3445007932288919,0.2131366995682953,0.9339477758454295,0.41530546854050976,-0.09757157818759077,0.6220629299075382,0.5299298876688434,-1.30063580384293,0.1978693238406561,-0.15774292936963724,0.4588506174469807,2.731136787523562,0.6016850544809438,0.25229672401729336,0.823792372585033,-0.19848898320973987,0.22893661756753333,-0.014102011732448086,0.6933086957760154,-0.3463398330863927,-1.2793848392151344,0.33212987120148224,-0.12101954559081053,0.035326829404504066,-0.21313194321142498,0.4352444682767428,0
-0.4582737726884276,0.9793370770821187,-0.6360456300828654,0.6923546145479457,-1.4564114961760264,-0.026869126453495984,0.283962291048496,0.22931951205265141,-0.14983763050096463,1.9658059817249869,0.15797047898876362,-1.4340494095351137,0.9507632105015261,0.46118359645894785,0.487229322702524,1.6124694952569212,0.3720860003552325,0.2822100266623766,0.5355111722470491,0.6170586955229813,-0.03739038249540581,-0.10731833055032015,-0.05093544880590177,-0.19775078330059573,-0.9581134279301642,0.69089230002455,0.0442971113220025,-0.15444097542956398,-0.018206538146021904,0.5253985815250907,0
0.2029394525391746,-0.6762584871765109,1.0676719698145543,-1.1735028862171135,1.9196916838226945,-0.9957979852939014,-1.4912340248209761,-1.3004837183395064,0.6238987836340084,-1.515707265858895,-1.5829022987596313,1.9116397237366003,-1.9711124865202234,-0.1793984480384193,-1.7726765184892674,0.11266581294819682,-1.949211166862882,-2.021018052157914,-1.8545383246724252,1.5714649622616736,0.9501180457360695,0.6851144112818991,0.4230688975176089,0.3226679144675512,0.72259615075967,-1.2542020216078997,0.7664791831556542,1.6288728769089955,1.6164830155245324,-1.6168039914639678,1
0.9117856363548514,0.0653051770944552,-0.052693705754243314,-0.3019254861882973,-0.7311601606762128,0.3786879294973723,0.14739913382632003,2.4429482442873387,-0.33330469295525195,0.05392003250889605,-0.11609694097743385,-0.8495344240653905,0.2291097585949829,0.2158076789114289,-0.13886434173285994,-0.044832412540602724,0.5191270824076908,1.1640527001037086,1.1422634724535234,-0.5501297185217794,-0.11494165610991602,-0.04657476861858022,0.4385461307924713,-0.3881514231957909,-1.4545454180082944,2.339328636270739,-0.3094799686139508,-0.1943502916188989,-0.42761369212189837,1.5368057246501226,1
-0.2246474443535541,-0.1626883506681131,-0.48754561088488657,2.1474126435683063,-0.13340373196074937,0.40310906244891614,1.0828775406437676,0.23283636171311883,-0.27049679245023955,1.1616949091108875,0.7173902183279001,-0.13845058862553222,0.6891295261031909,-1.7392293282253717,0.4205303790062734,-0.6078836115484988,-0.11026874685148412,0.6191015402812636,0.1840226727156087,0.09881974776953258,-0.6101441326314564,0.21934169634984024,0.7637039768716218,-0.33402336833919116,-0.4797901550692711,-0.9589609121473955,-0.40313846721196706,-0.16550655092110073,-0.7630274713786804,0.49140205728313546,1
0.7428923157583546,-0.36934121012891274,-3.8651883950142363,-0.4785963565049676,-0.08040028127602916,-0.31766238133758906,0.41002121694680443,1.738168643988379,-0.29346264037795405,1.5272290440998852,0.06469256743765037,-1.5772510876501236,0.44058024203030394,-1.4059899661915334,1.3382246475287274,0.3868004592667207,0.10778664920097647,0.4447633638897799,0.5093248416511158,-0.17590228238413097,2.9483368780764727,0.3502096831488774,-0.8670564379386193,-1.4248760612833364,1.3160262191693575,-0.7311392506537163,-2.0922463069897406,-0.5696860192499695,0.5842900062666122,2.115560588328685,1
-1.9320550795913753,-0.635576082327965,-0.3128438155961645,-0.5430754256662407,0.8683520231635045,-1.2147484680947602,2.1338564568043266,3.398794454508116,-0.5210700276909536,0.05043247534234128,-0.05287626590759239,1.045433428895623,-1.0271331992693442,1.4429687460596685,-0.42130953084006373,0.30712999634783944,-0.3467813394241996,-0.5597223050831227,-0.30412093427794246,1.0079463354571774,-3.7094445216084226,-0.4863203664514206,0.12577978535720272,-1.6398663013321364,0.29539371891942623,-0.6725144964203046,0.5786953775350231,2.541265855970087,-1.7461007266103572,2.055666816371831,1
-0.3235174695563355,-1.6006509044574764,2.3730199453423895,-1.1471220883054616,0.5005580316288258,-0.8572478577736173,3.007958932844901,-2.0920646462327386,-5.5806317466772475,0.2395181532099072,-0.6838063236776812,0.9765709983834983,-0.7002883394287626,-1.7612578098300826,-1.1867838529015795,-0.268340953348221,-1.1980519342633762,-0.70516801568907,-0.95741051932441,-0.18071907127057482,-4.324160422816438,7.914019732244883,-6.381406178372348,6.560340072846447,-1.0954615517695523,0.31799954254328255,-0.24781214686214187,1.4144567159072419,1.9767011822099552,-1.197700719412482,1
-0.843834638684648,-0.2634416542275905,0.25724116397260477,0.0005589324272223271,0.15585068685450454,-0.06018516036524529,-0.10746334136130097,-0.09833334844194801,-0.2039779283534644,-0.29102895490181746,-0.2327072071551816,0.7265324119083076,-0.5138307056135882,-0.829339549400492,-0.5484511620078827,0.513919297050389,-0.5750370502518186,-0.5749736461586471,-0.20098124658369484,0.6550413105569195,0.07599670583211493,0.37182519312363865,0.03864998624318841,-0.053256107936855174,0.25531184281096647,-0.24189231692531393,-0.8265616467557308,-0.2126914296241036,-0.4770837282992541,-1.197700719412482,1
-0.9508829525437544,-1.432901374362201,1.1444283571001326,-1.4901607825594123,1.3569616319303797,-1.6473671347655845,-1.904538637652199,-1.606173441577242,1.6407317936014718,-1.7955053660699933,-1.8745864952964963,1.5775389928900359,-1.5695031191164157,1.2110206595903825,-1.67501239442934,1.7722479697413893,-1.8356105129693627,-1.9866900747186456,-1.949881731966398,2.313381815921128,-0.1761302789715774,0.6923047312273439,-0.45276104377975723,-0.24666191109276633,0.8744589756505066,-0.24936688441952315,0.8657624561675688,-0.12841475877447087,-0.915400533330182,0.49619658161370533,1
0.03883968058290441,-0.4104503857933973,0.4876679447587292,-0.6712736581149796,0.5923362030363479,-0.5320565700577082,0.09250646015763508,-0.39044952777412806,0.26545427600256605,-0.8364336131732285,-0.9024016120904355,0.9629273199261125,-0.9599737349599652,-0.016141788901721323,-1.1127817968419802,-0.36965170286789273,-1.0733653284699973,-1.0806717912147634,-0.7467585824306322,1.4630401455146835,0.6338147172803786,0.23938385228234849,-0.016557006892892218,-0.013120635533902336,-1.324471671023231,0.1790276489389658,-0.3071149790159115,1.1509374131640244,0.7118140878387207,1.247272572711733,1
0.011107973053740628,-0.35354300469162236,0.1344344522028369,-0.8597809674439165,0.9780173201541917,-0.46502659008679564,-0.7691169204530771,-0.5945552892884016,0.11990847093644444,-1.258486710194979,-1.2023386325220764,1.5901726610509326,-1.289256766106736,-0.17033197695945146,-1.5805102219050555,-0.11230540505185065,-1.2117741747168826,-1.3976808559812275,-1.1173904162704562,0.4263636947870006,1.6992403903510784,0.39524393674280295,-0.6919362248116075,-0.6775793134371997,-0.6847321065154818,1.0840909582481413,2.0412688709874676,1.4264723494896727,1.7000436547985696,1.5627470520284055,1
-1.0528108668745582,0.6752854918792727,-0.35837223359856824,0.4317957917905733,0.30444156753345036,0.31533895652499533,0.2973964487982464,0.6658789597530194,-0.18605094568003017,-0.08307184617916451,0.85697798930581,-0.7400250817351716,0.5237901571602807,-0.04944954136755046,0.9880273932166218,0.5021692853125099,0.4678732322655374,0.35629010418906093,-0.1866761014715516,-1.371880769420387,0.07082307927075202,-0.04245262067777012,-0.09125112883670954,-0.24251446255027886,0.14617719001565588,0.8583783157075214,0.14580549910771828,-0.2519341505263999,0.010412100201747891,1.1345184829262078,0
-1.3740097178073125,1.0293934342163629,-0.26312271604774673,0.4743602554018632,-0.3790767446683192,0.2881961901259411,0.14738848014995615,0.4489048922814528,-0.1919099788251266,0.4089985455087071,0.4427025439261499,-0.9506977509549444,0.9652485067956458,1.4855504450979216,0.38591533737452305,1.1533779912727307,0.9017418841408145,0.3036609347950253,0.18083192003611367,-0.13374649703299193,-0.07429515104221285,-0.20943341468890783,-0.7695634918767997,-0.026196466911453255,-0.8428624117633776,0.485891532371744,0.2769322919370903,-0.2099557437128922,-0.017704962870908652,-1.2316569034375708,0
-1.814831547773723,-0.8111408601968915,0.4368850430761773,-0.6919083002829994,1.1021866236457263,-0.3472988085468578,-0.41321524297753115,-0.515425728022859,0.0533373945639207,-0.18560724002336676,-0.5164218372207698,1.1533390124154492,-1.445839760195028,0.5630403150044385,-1.0390511039068115,0.8019524010718079,-1.2839789173814615,-1.1239815968575495,-1.2075910487518462,0.8981502532847279,-0.2953903354495045,0.14560061588250842,0.16893499595033426,0.5705584683163449,-0.44901857777275644,-1.0545849268378535,-0.08729354468026825,-1.2995252113547562,1.4428930734162582,0.30430211128395795,1
-0.6208794313749596,-0.013961043732340124,-0.1262649712733531,1.1843344172058825,-0.2378046357496646,0.3214961202072965,0.24827940105120508,0.5933025260650618,-0.1491386066846999,0.31849645250589326,0.5763452480409129,-0.9274199732670375,0.11669408480137655,-1.6383789813818854,1.0258138366202494,1.735220947742152,0.15307674359759232,0.4735303490490886,0.19691755482542933,-0.1438550762069049,-0.2932675855151492,-0.017809255271059928,0.35540815306076506,-0.1433782449341283,0.05629777559871456,-0.7020705152510157,-0.7249625384271406,-0.2860175407275513,0.3190087414288085,-0.06572441934424784,0
-1.8529428012997073,-0.3941359498196289,1.0849018056146633,-1.2453573772062922,1.6995291307423537,-0.23255218926642676,-1.2437771895544725,-0.970680717777563,0.31573368178112365,-1.6907363756093372,-1.7850606793727934,2.4428284405455623,-1.9305642276463413,-0.3677256354903661,-2.1051812652316295,-0.9578246965665165,-1.738624390687334,-1.645938025090603,-1.5349318987785618,-0.5668641536794174,1.186653981776058,0.4860844783636031,-0.2793469668144789,-0.5943842902464671,-1.8575491595198454,2.9022769469524246,1.3126099778297642,2.766490228540995,2.372695487247271,-1.197700719412482,1
0.247852144713752,-0.35887039035193,0.5535045077140306,0.04866917800730378,1.1079591756204767,-0.06102147382851428,0.95444929951169,-0.5306175960888063,-1.026562257983619,-0.6522310006398379,-0.2535589398405702,0.30576979329023546,-0.9643371393737351,2.339832845927145,-0.10814061071499782,-0.59732352740869,-0.7978640100184726,-0.6898831423723559,-0.7122005761593307,0.937916516828374,1.545496563813036,-0.8622721479311196,0.9506972167941543,-0.07445514375649577,-0.4101876940552326,-1.3128386009276105,0.4147427344644286,0.41195773402042574,0.6775698289558555,0.0765247654503253,1
0.9274831522759164,-0.04870603841408201,-0.11092084450332466,0.4343165759099745,-0.4894515010897012,0.776441723378114,0.19453197283963922,0.6801385969748069,-0.21864513675383485,0.6804225532344698,0.4217615422329161,-0.9878934641698897,0.2674129203856256,-0.33181681572321337,-0.05745978379379945,-0.019021420108466008,0.19823295136742985,1.0095702852479729,0.5708657855382857,0.46856805953110964,0.0009079864149059453,-0.10114548569845906,0.28798443179231414,-0.3885012981802761,1.0879074249749272,-0.4368655921262524,1.3290810707849299,-0.3282434972088447,0.06552119087138078,-0.23478802861869955,0
-0.45537838896702676,-0.1814231023890641,-0.1828315388133489,1.0293322404327765,-0.6784944833814295,0.38019233544063163,-0.3690958604655267,0.48173783928997255,-0.0828498882059749,0.11300718192696235,0.1782400443534855,-0.8233023507653588,0.8067180636230513,0.565942175126422,0.5633958829087258,0.317804440962119,0.9629094273337181,0.3750143314025177,0.16712978260778802,-0.9046500267267322,-0.12487279264268823,-0.11132387831722403,-0.5280653452377918,0.012235264475724724,0.6407317550474217,-0.8503165601390447,-0.3040728098008534,-0.20820875333642805,-0.06193079628289227,-1.1169617002833774,0
-0.83442707250196,-0.13447366539264016,-0.1069065753747516,1.9571054801325374,-0.6519170982082809,0.21009397553629242,0.31793903378590044,0.7873598777299883,-0.23969110180688136,0.633247531171994,0.8108816280354951,-0.36874875137237856,0.6806021762954292,0.546207907097829,0.3533726102012768,1.3872057831069007,0.2582586204271584,0.3161756811857767,-0.07389993746860905,-0.7644372000306423,0.1648584210675161,-0.09516103424186287,0.41878858404863556,-0.10744216763730767,0.8406698422436863,-0.4443585180100925,0.49178005270673353,-0.29998888369062726,-0.4604393840610533,0.5166669419977818,0
0.08516074074314173,-0.22561378159755718,-0.560781122447016,0.2213343118546338,0.3466523268067311,-0.061317155914886526,1.8187323237705917,3.668800285943556,-0.5186238260555599,-0.06020196431995869,1.7193685430785448,-0.28177340542498913,0.1627723853949903,-0.13336371133206976,0.22749517808382214,-1.4698075075720511,1.3367703128427393,-0.07047863929664239,0.18827730546509977,-1.039770019376521,-1.728444892412295,-0.44139358600484513,-0.09344676795246089,0.5207999038772535,0.38720929098759155,0.1396503144755595,-0.7421445486864626,-0.6326990971947009,-2.757213795734757,1.7559596666617,1
1.4955603007186187,-0.17946996723299755,-0.42047462289812093,2.209063973775322,-0.3150903792634063,0.2518245547202413,1.0957421541292378,0.34501873210611733,-0.0654689474053843,0.8644916206862758,0.6439487885628241,-0.8845767772446965,0.12002773140577862,-1.553272530443203,0.5454252294254945,1.0505292270369253,0.9603081798662525,0.13540282576650536,1.9942522818380772,0.46630257230582445,0.15588213462288933,-0.030325655820505098,0.5053655280050158,-0.3953876947285023,-1.923172279523632,0.6125707708468486,-0.546683986941064,-0.11549826176990363,-0.08507140690251813,0.8603157889948905,0
-1.2877685946928492,-2.3907299354578635,2.8536453372531785,-2.32118738192867,1.2038065292519875,-2.8830236471946735,-2.5590958599954003,-2.1321634781011354,4.95878331807191,-1.0384956379667265,-1.1549600081408407,0.9509365894905945,-0.9022968775265875,1.13788960068482,-0.7292447938561393,-0.15208937752148646,-1.081793602881511,-1.2901443455623953,-1.3584851563235516,0.345643039282959,1.3438743701141576,0.5381446959653662,-1.6643843875742108,-1.0506205008113687,0.28588723394468657,3.48890891455996,-0.47079240836779784,1.4963677618136448,0.7425101996564106,0.8602705564075522,1
1.1880440208374856,0.9852109105521967,0.3604491805784828,-0.6711006713197667,0.9768077812778483,0.8592674023993978,-0.3607613002048427,0.15364600781590707,-0.12159588131156325,-0.7336331945513451,-0.32913684118654263,0.2947713322291288,-0.5972432814280154,0.5958829570161128,-1.1179232094352378,-0.8074307484640837,0.10551353379561765,0.06403833760910516,0.216052106782218,-1.5262539143512968,0.20292685290809506,-0.01108306130294661,-0.39939640162983014,-0.17375962589037303,-0.0625112990962093,0.9343472916676316,0.3758887219337573,0.33257459023957514,0.5125302359876612,-1.0442090094085774,1
1.1211683807315482,-0.018263014381116275,-0.022049426273446863,0.8598943527050962,-0.7484049194169967,0.5858324604937905,-0.15067970689927893,0.8696933140650909,-0.19908470015317092,0.11660221726559239,0.11508861609309841,-0.7713490509358945,0.38892792187066993,0.1250912679074321,0.28969354163288336,1.0578329817028875,0.37017964253014235,0.6428998945578445,0.724129635489493,-0.21305476637550833,-0.051995192118258954,-0.00892696905032242,0.54063707269532,-0.5738532135332577,-0.13937828044173248,1.543384786101506,0.2020648056511058,-0.15176860312168056,0.08695887127965783,-0.40643633002793766,0
0.23664099304375402,-1.8046775293860695,2.1657412703217696,-1.8493981402891588,1.9547179505031107,-1.994617868535335,-0.2169617464152267,-2.479040190778323,-1.1715339247001528,-2.181852893575768,-2.1723752991305063,1.2495229925454596,-1.6487328556669023,-0.4172459373481891,-0.9768662826002835,-2.137892637713325,-1.5518099558032918,-1.819976506592988,-1.9317094361778664,-0.08628068052923181,1.6501495287921746,-2.0683462450046624,0.9572771259749627,1.397751869390102,0.654236874687441,-2.906387307686297,-1.8528725009704998,-2.2982197608145585,-0.9579323730682315,-1.0351949879893718,1
0.6580612451118952,0.17819088830745272,-0.1494063219654058,0.49215007516913395,-0.7904607750907738,0.5877790489465352,-0.2059081700259131,0.9035785245707455,-0.2651008080475033,0.507254042145514,0.5728955541778756,-0.9656285054957743,0.7729652654831515,0.8052512330253082,0.6397259246466742,0.4717067288351703,0.12092845393620624,0.2492405056794638,0.24363847058288954,-0.23687610077026905,-0.036094242197664154,0.035476034975039206,1.262318036317385,-0.054600624152099,0.05715955030300302,-1.197475314905115,-0.5677155866001319,0.06641124825320224,0.09964438679603647,-0.7152823563084658,0
1.045905141287439,0.4468269525984872,-0.062040911781130526,-0.6930182845707227,0.1970524400899274,0.05719272259635081,0.3692839716098751,-0.35043387269099274,0.09606831349393742,-0.08118019403834181,-0.7469805976919666,0.99889145672828,-0.7630567624592851,-0.9245969990149163,-1.0482907084238535,0.7136109194671374,-0.9016092619429852,-0.6552906807209035,-0.6848136326773703,-0.3658653912568051,0.447384781187019,0.2609535612940256,0.7384807281517952,-0.2854554198155276,-2.8534925652731564,0.410091628580906,0.331536193335217,0.824513099498447,0.7080825336527606,0.9443457987710806,1
0.747722495582145,1.8838268782509517,-0.9343882662909145,0.17972628632392604,-1.5182793417534193,-0.16713247343374646,0.032068703571375846,0.084708123930779,-0.1638374176087724,-0.1935294342330618,1.5757028341640618,-0.22458119080456773,0.24267087155065734,-0.7792530992061432,0.6530843368586896,-0.7743833690571363,0.19126738329658408,0.5642898045721301,0.5276937977133218,-0.17006405707543856,-0.6505926537597485,-0.13381437751251038,0.045868854745351295,0.20520828917433995,-0.08494198145961641,-0.4794972314032045,-0.3916290541062833,-0.18945939748334817,-0.19895653094644375,-1.2190703450891334,0
0.6081167661480319,1.6742978286499248,-0.904445787904909,0.6556632121535556,-0.9689685992811485,-0.28181149060056876,0.23554661937299096,-0.012580572056081077,-0.12961917232182724,0.9180453785708134,0.895350415815512,-1.1843733985523444,0.2452486031342452,0.06310467210758294,0.30085828938006093,0.7115333089329695,1.8837598141270373,0.3908316931427098,-0.063481306913416,-0.08668440583814353,-0.06928725903064376,0.0713339193682395,1.0957940268524198,0.12359896911359503,0.10817578891113366,-0.7437769902944354,-0.21977425415688548,-0.14309808303925978,-0.12039504594009695,0.4352444682767428,0
0.9533512269020452,-0.2908483532284536,-0.6118557220149308,0.9286088886089471,-0.9077518568773023,1.7113383881988906,0.89845392487418,0.35616648876228957,-0.013446213218820323,0.1534556867304983,0.27299778838654426,-0.14529095014952573,1.135313516703271,-0.09194985837271354,0.9701403953022902,0.42212561567338214,-0.046161650334952446,0.4863119470798622,-0.21672328975405947,-0.06023837290542526,0.1904813341900758,-0.1073298336455338,-0.45757870793939937,-0.07912726606867299,-1.594813687930101,0.7755907762868686,-0.6612343237088878,-0.17362209048812188,0.06098488308268686,-0.23478802861869955,0
-0.6667575251978496,0.8167196316879098,-0.2660392194915318,0.9046446732144383,0.45962809726947657,0.06023331829571492,0.5680291301785442,0.20553548407686487,-0.05948004634133767,0.6678959830857638,0.4538993929683086,-0.10624035159803427,0.47294456435747795,-1.7811521178695633,-0.13981368742874037,-1.6758267050949358,1.131525742305689,1.0788054984085078,1.313591516657801,-0.791086837066665,-0.30723288687288675,-0.10531745420633074,0.056465791008203085,-0.15474368260212065,0.6567796926980101,0.7221138911144857,0.3693349399257388,-0.1297575594766915,0.06077365838493489,-1.2746217292062307,1
-0.6301016807142327,0.8383987615310079,-1.0341371641699761,1.1444160431590678,-0.810969096153252,-0.15446882337771212,1.3121302592295756,-0.02433708348832604,-0.0162918689344178,0.9506418643186783,0.6926174710119603,-0.8501272486696329,0.716855131797169,-0.1565769637632785,0.137422583856478,-1.942072753768748,0.8856284189488192,0.6593217915894845,-0.21374294572123084,0.8660617843282409,0.15426692332970343,-0.02118921584165415,0.5398936395130529,-0.32408623071202525,-1.730308805789124,0.7290829487396184,0.07751355749551778,-0.10971821932108967,-0.02404522053246676,0.9504978287741648,0
-0.5453318524205013,0.3755715495789726,0.1829276170813059,-0.2668375303905032,0.6236853829976747,0.09175433538320966,-0.18708834746233563,-0.08690920736791073,-0.029272256119734823,-0.5901439140061836,-0.3025125015282771,0.7579648757232835,-0.5943485266449556,-0.842012413440887,-0.773281952976282,-0.10697141698945652,-0.19296874838190115,-0.46007453024185907,-0.056836182580041326,-0.414021444142133,0.21508755024058188,0.02143825161353457,-0.5260248598910265,-0.2024924272427813,-0.6019620420386462,1.1078292909898761,0.10360973661733276,0.4371040996620817,0.5940315711278303,-1.0090076072335532,1
-1.2622163003815863,-0.1492103817806133,0.3315902166528926,-0.30198213415106756,0.7548799855705302,2.1683699537787686,-1.1626910702948583,1.2503465341433482,-0.22051540219739726,-0.7367661560512986,-0.13686649817137617,0.3341584498747268,-0.3248363224596686,-1.7997873060949483,-0.971511120272849,0.04452993379565458,2.6266475461351058,4.413018276147579,2.812951330204103,-3.3409048130835624,-0.17683983070402545,-0.11012107872721141,-0.2209327410070969,-0.19867292644186574,-0.21543621585853562,1.3970719340377973,0.7911578835470915,-0.3234405217249675,0.3268302335375918,-1.3027832596598063,1
-0.9499217357391059,0.10406349201845853,-0.36366711614401115,1.5005748715065161,-1.763181732551404,0.21688770811919839,0.14275815136808356,0.48348991090790616,-0.18062053453113106,-0.18212934563000047,0.8379282129138742,0.02238760291217148,0.6744438724750927,0.8829855372698638,0.38842783877921144,-0.6118918337396586,1.7493569864493514,0.25612781551456604,-0.2430480164703674,0.12656075385394636,0.2363829980216274,-0.11021186975105801,-0.13588525365739143,-0.07368228602949053,-0.0502755253292237,-0.37205493935394507,-1.5266993543301215,-0.07334458654956996,-0.3215945343688478,-0.23430371629533306,0
-0.9535403792504586,-0.793600282563675,0.8969205757223733,-0.920569556996556,1.4274063184709749,-1.2108155050768452,-0.5350753200741888,-1.017488152328789,0.4836846196426626,-2.0001601177364625,-1.5777616880433019,1.6282038361278348,-1.7101019324565532,0.32925211445785335,-1.6475804758708539,0.5333764259499129,-2.0879284574068646,-2.2880902509602947,-2.237797243049629,2.3213680151423803,1.331885498152838,0.6862225207752601,0.441180171184795,-0.006773773158401585,1.1706966564696357,0.4335847106938469,0.7521430296807438,2.841744067665109,2.078091129665275,1.3935662213016988,1
-1.2868335100953205,-2.4195479090975707,2.900116141066496,-2.345903498552637,1.2097588335036928,-2.929271770004275,-2.5847499999433343,-2.1572554052918966,5.0891438354395255,-1.0303176271129884,-1.1448288703270602,0.9213559872470828,-0.879008805198981,1.2123787099564745,-0.6909595726751392,-0.1601375309830711,-1.0610462056535224,-1.2748793732874308,-1.3541385319696935,0.314536871119207,1.3507662715954687,0.5393526994554921,-1.7063956617835248,-1.0850458606252387,0.2945478239702765,3.593257908861676,-0.46956257774468924,1.4620462069627573,0.72561286251462,0.8602705564075522,1
0.3727674346668552,-0.7422730992030706,0.3953697071587293,-0.7280573724698933,1.2991227263215304,-0.5992182492291916,-0.18849280590065975,-0.9618936799387042,0.5177848987896605,-0.6489612400880351,-0.6940454076688309,1.1994232793607595,-1.2769742655773129,2.746407889852928,-0.8067841634512699,-1.913904094874161,-1.204130497374866,-1.4755390056631628,-1.2324500936456315,0.17771774061725618,-0.3157714786065789,0.4773852899711407,1.3513671269186833,-0.5255517696441809,-0.13557114601101652,-2.5108502624409943,-0.1696896099531931,-0.04890915474557811,-1.2097071506309347,-0.3671171792686242,1
0.21327535805571055,-2.3299586301497284,3.002890854771087,-2.377598402089592,1.680917661516081,-2.617821287112057,-0.2321296229387838,-3.066087246510663,-2.0460566477403788,-2.572914592527421,-2.7527878709571665,0.9798137438672745,-1.3987706861811637,-0.6261645543156514,-0.45594161643694986,-2.1437561863059678,-1.2888359899130843,-1.373625735400205,-1.536269234732141,-0.7038574161892696,2.158508007129231,-3.7707475503108414,3.1738480242037728,0.8506993919110714,0.4627988034379655,-1.1441249247881422,-2.2747294178325057,-4.303636979798872,-2.473741469209844,-1.197700719412482,1
-1.5451483789266227,-1.7044640854159394,1.4677265543373903,-1.9699001950557897,2.194322064959745,-1.4211231020312312,-0.8667202500570643,-1.8276363094631058,-0.1311515483146713,-1.8121109831756599,-1.8344426666089986,2.120790427296569,-1.7047659231444974,0.6706596281505692,-1.7054426050484082,-0.34669442934610506,-1.4780543121324163,-1.3565139938732256,-1.3825857057382864,0.33467693807174326,0.7898738060867817,-1.0101664574889522,0.9195403897863014,1.0022571742252375,-1.6785563546285251,-0.4741568557227943,1.2253747793987861,2.837011151443298,-2.6015710828250143,-1.197700719412482,1
-0.31418009110467243,-0.111343619828875,-0.0625995447594061,1.1738911938209553,-0.684125507664165,0.2379185264246988,0.6475925125160981,0.4625937120647671,0.019672680250472762,0.006681942784396932,0.3823354079632437,0.17373366574652158,1.449943307426389,0.19906632202795782,1.0383094572789306,0.625863775792877,0.3853584788341517,0.4386174545061781,-0.11284327686251625,-0.5864282011675294,-0.08883751964179554,-0.10931776592478509,-0.2539041647008043,0.08861992829874873,-0.5613128685783172,-0.5833994731914732,0.2177844742127054,-0.02138071921938133,0.0204295754399542,0.2690765045661994,0
-0.22085420356920915,0.9964351296328332,-0.2797059210369439,0.41701474440633896,-0.14252882488643023,0.19477569186264296,-0.23934166451537617,0.5477032061905511,-0.19827848654985003,0.46218036053846107,0.6097906477939976,-0.9977400883816706,0.18605383977477402,-1.7685897608928838,1.2356246193000429,0.9817072327920608,0.35839111050170086,0.35220862048380064,0.19750477559489746,-0.4216939356069573,-0.3669019116007123,-0.09392462890234626,-0.12359215070397758,-0.14563126233476842,0.6648051583167344,1.2051875075184202,-0.6469764577691408,-0.21388273290250454,-0.053225633995790916,-1.0674114741112797,0
-0.37070211398793373,0.34673344478927,0.02056146307119158,-0.04184537749491875,0.6364784358590427,-0.10838288090591339,0.2776310664279475,-0.1897957487349614,0.01980379781689716,-0.28522754905528414,-0.21125181113464958,0.49341973083702384,-0.5027452312597427,-0.9572419908606485,-0.6318572059320648,-1.3364979761490536,-0.43475204632789305,-0.568096615574784,-0.3670620076219745,0.007289703199561832,0.16384833235721166,0.040239188655333685,-0.2507953368665469,-0.20798224050477004,-0.33573344314750636,1.1251390574426774,0.24556130118636565,0.45781490307973005,0.5352617271591255,-0.3709148294582317,1
1.2245849258109949,-0.30975890425728214,0.13219605513960114,-0.00894593906425102,-1.241820890681333,0.5424572079453627,1.105530869244071,0.3096055688766704,0.24653184977830198,0.17776542994120287,0.37788956079460917,-0.3762112018034529,2.0147555711800007,0.6681122992603865,1.321868566544596,-0.7376753850797255,0.19746357051198862,0.5704814820833113,-0.35290892853632505,-0.6854909880790636,-0.20765986827185667,-0.09090660970446826,-0.03666644346729252,0.19111005206401194,-1.5220574755986633,-1.185091791711686,0.4889067573542195,0.11833133096392252,0.2777044217727928,-0.23237116305259098,0
-1.3371561778431167,-2.113678015441072,2.39828715094585,-2.0878675471884303,1.1595715497270445,-2.4574496079528307,-2.307810175923069,-1.8915328998778724,3.7978749195160315,-1.1102295868227108,-1.2467393957817574,1.2049867284408728,-1.093623201461332,0.4849165602366626,-1.0374174988713492,-0.06146983858264852,-1.2542281784788671,-1.4239598821635557,-1.3978502276511764,0.615128811729435,1.2780884698293948,0.5248172284909122,-1.3005788444018451,-0.8148764911875142,0.22601733338634492,2.5269709642454705,-0.49649152762624105,1.804522492631364,0.8846315234875688,0.8602705564075522,1
-0.3967160549130332,-0.12670998728050312,-0.30177017794223604,1.2007631349134342,-1.7285367943455194,0.12788298331277523,0.4137835593933683,0.37720707448769,-0.03274155689209135,-0.4538479094904734,0.4925724060928757,-0.10732594901024049,1.219334247510315,1.082059395378043,0.7965048457749713,-0.26971672077327224,-0.0012984665111224793,0.3263246746498122,1.1132153636804063,-1.3308622512417774,-0.5498534899941555,-0.18538625511941445,-0.5169060752830305,-0.019018222644273587,-0.5201687849744444,-0.48400659317532735,1.475142014798699,-0.29697428754665517,-0.07337928763215494,0.38008481618769596,0
-0.948101236944348,-1.7237283035290996,1.5067370949182695,-1.6359869229535027,1.0463533167618466,-1.9080375644487473,-2.163707648079046,-1.721203423522852,2.2982477133327355,-1.9265090408365857,-2.045054119238681,1.3512331782423659,-1.4931059280956547,1.319867761284102,-1.5336375503824202,-0.11201832173087482,-1.6458979335491388,-1.9832807644996988,-1.9667579885417006,0.661426483716671,-1.1457419517248013,0.7768093932947139,-0.7235290640008609,-0.20113287445348949,0.822521300575061,1.0464912263764135,0.09939744873426376,-1.284823644558142,-1.40391003075963,0.3596949665240938,1
0.21327535805571055,-2.3299586301497284,3.002890854771087,-2.377598402089592,1.680917661516081,-2.617821287112057,-0.2321296229387838,-3.066087246510663,-2.0460566477403788,-2.572914592527421,-2.7527878709571665,0.9798137438672745,-1.3987706861811637,-0.6261645543156514,-0.45594161643694986,-2.1437561863059678,-1.2888359899130843,-1.373625735400205,-1.536269234732141,-0.7038574161892696,2.158508007129231,-3.7707475503108414,3.1738480242037728,0.8506993919110714,0.4627988034379655,-1.1441249247881422,-2.2747294178325057,-4.303636979798872,-2.473741469209844,-1.197700719412482,1
-1.2858704396986955,-2.4479111164675498,2.946402548439323,-2.370323805781883,1.2156993917361054,-2.9751611583217716,-2.61040967761564,-2.1821915384061006,5.219872063538688,-1.0221203087000759,-1.134659112410783,0.8914351871284452,-0.8552595702465908,1.2869116443374364,-0.6516956763098123,-0.1681692806392748,-1.0400279116324593,-1.2595237614975614,-1.3497857860537967,0.283303325848896,1.357606952731272,0.540554057830494,-1.7483225073571205,-1.1193191520665775,0.3032290821702811,3.6980272151185525,-0.4683296438125502,1.4279107926645844,0.7087156231382311,0.8602705564075522,1
1.0550046955791827,0.7557618398297564,0.48622180377212393,-0.6191439445075474,0.8179730086718797,1.7197919166273434,-0.3048163004843005,0.7727459132313902,-0.4980239104484765,-0.4997969325780681,0.1150052776626036,0.5110908074490875,-0.03561748843633279,-0.6276795433131759,-0.9888250970412421,-0.5921281058691946,3.814060853691646,3.735080259049475,4.525953024682299,-1.951998410369383,-0.4738637964197626,0.404580369040294,-0.6670645856381854,0.29959808097511076,-1.8870193530881239,-1.8507480209159255,-0.015993790399899538,-0.012985823945779526,0.15309340044420314,-1.2711980788469621,1
0.5133948265362573,1.561067935996642,-0.19198078100320587,0.36390807472337117,0.6664192601678456,0.35703462169835465,0.409576859137393,0.39418488558854375,-0.1830794536456943,0.7853163936418855,1.1180837703996012,-0.8115503470617194,-0.3653861398966816,1.6206182433551817,1.7655456637372344,-1.3744869763246486,1.107063116297939,0.37633098055704306,0.21617254732431695,-1.7334773314101208,-0.43537919674780556,-0.15094538216743963,-0.2073968289602073,0.1663430069297975,-0.4122731881169867,-0.3014904807541438,-0.2933328537847139,-0.24378665880312053,-0.16909770996387768,-1.197700719412482,1
-0.9564279744416,-0.2094320893364909,-0.741017528215671,1.579788889716278,-1.425137538510696,0.14639755575179736,-0.26169800528308196,0.36100531852450807,-0.16323598630075223,0.006130158228778782,0.6301200555632103,-1.0281622049837056,-0.05313329640390006,-0.8491405923963239,0.5102422546826936,0.4600998412361905,1.6495779780669446,0.4005802647193641,-0.13502769661810526,-0.270586048787496,-0.26286398813208955,0.04952861555027248,0.9881350773610194,0.5173383643475034,0.7074445703951421,0.18900667336967036,-0.3962787653069671,-0.08564786244090923,-0.03074638644097656,0.32316118661795684,0
1.3552006045525655,1.6578847313020766,-0.4579919789656487,0.0700307288172135,-0.4961457856027037,0.2667203160239232,0.13684627876117725,0.403867702060595,-0.16713185160232089,0.7235040208646265,0.6798988633916827,-0.27182692703975625,1.0215727879204213,-0.6148495581325651,0.9860145989383174,-0.5371134410406542,0.5431256234676813,0.2474359241557623,0.13678080478614857,0.1841426090173887,-0.34186201500926877,-0.1854747754537038,-0.6166416359028815,0.2370563844433881,-0.8565812176503932,-0.56114448962333,0.41127941567051357,-0.2703651723167246,-0.21906465244658105,-0.9620665540978698,0
1.3092199818706285,-0.029679768191972388,-0.09919783456135207,0.5538546665727562,0.27432037679123294,1.0831537346050175,0.7897481938657844,1.036089078650986,-0.19693022951710001,-0.36062265940801735,1.2976415564391288,-0.6501258503951718,0.4098674851153398,-0.31124908539336177,0.7407942877549386,-1.8782149504975407,1.1170289393520518,0.05706981305249231,0.3249449139195265,-1.1015016412814143,-0.38023066598809313,-0.10785100827486821,-0.08483980884742526,0.07683106778479354,0.23259261398231462,-1.2121312232076515,-0.9183036034883024,-0.39566056850739745,0.03502378599671266,0.7554007372622294,0
0.16890676323264694,-0.2962401302805514,0.486449011896414,-0.8621040244195272,0.21490458761470002,-0.7454126843857429,0.04923734599177193,0.32538481057611063,0.0933789785689956,0.28378736680618827,-0.7728657885693496,0.5206651780183859,-0.894263842594599,2.114078654670526,-0.5069138504605337,-0.17900966768128543,-0.5105462471201686,-0.15973123800467573,-0.0794722763622214,0.26478415403372424,-0.9723929585212141,0.07501017607884213,0.4009017290360258,0.25102445786936434,-0.583307637768185,-1.8122077414455402,-1.5902792516878668,0.0934183789348365,-0.3256917048304507,1.627325567481324,1
-0.16364809393913482,-0.35095841767688024,-0.1606501863813693,1.584335938065304,0.44690428734265086,0.358031137141129,-0.05899275768695336,0.4736879142243008,-0.06431976678494104,-0.3515501461724402,0.9105699980407858,-0.7106599930884383,0.368651860566894,-0.2318416072580608,1.0906053121772679,1.4844654855048856,0.4281077054984132,0.5377438254583097,0.027803919005734305,0.5828398272635438,-0.12319961408278647,-0.26527186470710196,-1.0411685808143436,1.0491920980803406,1.190947577114068,0.04896648758526782,-0.3901908263682481,0.017178123492041012,-0.11380904811988433,-0.34551462783477277,0
-0.7775217577904224,-0.1862077719653488,-0.17271179460301525,1.8400038737468234,-0.23089569951199143,0.15371919699336212,1.1971795267578214,0.45993706406241736,-0.13944430933366075,0.7742783798038403,0.9057482966393666,-0.3649550118610552,0.3664705420632133,-1.0701991803810424,0.4931641050357669,0.8639723420606465,0.3683224494987175,0.2985981758929892,0.9633419735007974,0.5069013254802385,-0.29587589785052953,-0.011694386030189881,0.631651763514658,-0.41492187924187357,-1.3446906177693612,-0.3615871564180567,-0.34589435953982434,-0.8542475885505059,-0.20580671392240807,0.7970720812653393,0
-1.385829606912077,-1.8223293759974797,1.9715433335680823,-1.8540413504851005,1.1208744463493796,-2.0480138190261115,-2.0840804988426864,-1.6628805267059252,2.796691167551328,-1.172744001291067,-1.3261170906857818,1.4134521765344654,-1.2422116005834272,-0.08947430105013045,-1.271403290759929,0.022686428894288777,-1.393765209441062,-1.5376844213581198,-1.4323824663236746,0.8474199565933833,1.2185903913297889,0.5126560979475306,-0.9729996551731167,-0.6063426722179848,0.17527390376010815,1.704948139042362,-0.5210115233961646,2.087165539769624,1.0108130095293586,0.8602705564075522,1
0.7594059126886464,-0.9562889936122358,0.7566002401370043,-1.0274839594885348,1.4738730612619946,-0.8901037276925768,-0.21562557682450686,-0.9536575855109813,0.8429376028834589,-1.528887277379129,-0.6551819542997374,0.9303200952757344,-0.95426546828689,1.3208600804315835,-0.7699699725452135,-0.9274803314998371,-1.3291382874118298,-1.38877722432862,-1.3654725734143136,1.7656271977007458,-0.6048095685611666,0.5290920571015912,1.0723088750282164,-0.2125617083125535,-0.00032293108192855583,-0.0960706743539969,1.0463840374375895,-1.182316732102734,-2.2736228990416802,0.49640388723636925,1
1.2139991737622482,-0.7505778603789374,0.026462659795368798,-0.4567988465931974,0.4020246944247772,0.2143870351836485,-0.703858336157807,-0.2504656273555788,-0.3182805147661759,1.121861032701037,-0.33606107977017985,0.7001934451961452,-1.093127810242356,-1.7030780406370913,-1.4542922752090712,-1.4048507635925898,-1.193269927317376,-1.0559434461835844,-1.1642561352673988,0.30919344360638407,-0.28650566916456377,-0.13850865953724512,-0.7829873188095802,-0.6063866822737791,-0.634856898326251,-0.00952327499572261,-2.7478382680672095,-1.6213520836205026,1.482021067362976,-1.16852101823722,1
-0.9465849073593092,-1.7314244671485972,1.3698304900328715,-1.6398290178314083,1.7332596248430185,-2.102439903972705,-1.310999229279724,-1.858689765795095,2.4819159575274896,-2.2040848974935203,-1.8049206352224116,1.0782817552315425,-1.4401184278728685,1.9714078470650185,-1.1305872250530546,0.561583392512203,-1.778613837982729,-2.085208280568076,-2.1036937517924716,2.013924762722379,-1.9685605660167012,0.9787009801622019,0.2439510923304465,-0.9632175182426109,1.6268957204291372,-0.38659981337190297,0.2821428230797885,-2.0212810380284347,-2.2456429381132947,0.88895829523988,1
-0.5812836936712178,-1.1673497926185297,0.3589103793736374,-0.9524624025564147,1.1894503813125683,-0.9738115324154627,0.2824190679371653,-1.0769217531315358,0.1103034422793622,-1.3060493644011961,-1.1167717897157343,1.1802312389357497,-1.2142976601022306,-1.0628845225010675,-1.0721434950357815,0.7513663574924766,-1.2099713328852655,-1.492418898773487,-1.266022319824735,0.897680357000473,-0.7220288943176475,-0.05858268367782252,0.9130504885986774,0.2624589171160393,-0.7740327512943337,-0.6539616332591572,0.4168872255698284,0.2788094770785701,-0.2760804345381229,1.0515602216841777,1
-0.2849031406131119,0.9066028522173846,-0.3924698999961497,0.888030797603496,-0.19245006646640797,-0.02100014339650168,-0.1066549508437878,0.39967962375861577,-0.18037846130959226,0.756461634887715,0.48757381700095326,-0.6832432288084423,0.920487708728297,-0.3415716881140017,0.6403516841411238,-0.259275626840468,0.2119069125405786,0.495822578080862,-0.1628073402138631,-0.21117851832304455,-0.20443898755715315,-0.1566752133385715,-0.39457753115493077,0.022585990797545454,2.0013569437266594,0.48740302257819823,0.45843387916156175,-0.22053101946593665,-0.024658361774749997,0.21823542652691952,0
-1.8149056418953065,-0.8070607572583175,0.35243333749227984,-0.5410109335472196,1.0039555086113459,-0.20081759957911996,-0.42540688588924064,-0.4559518322034346,-0.02810918605101754,-0.2651129811500923,-0.601628953441922,1.1822680018082379,-1.4652790848245283,0.4011081960147988,-1.0759106057590044,0.5711205202279517,-1.265582569883111,-1.1564404096263363,-1.2320252819604374,0.5337921404543441,-0.24630996307309164,0.11857031151731909,-0.11545740502414607,0.2607867770068978,-0.46215825441584757,0.44015548080270017,0.050366623468596695,-1.4215993173560926,1.2243811886392735,-1.6230553716641472,1
1.1912738371200438,-0.011624304071012594,-0.1278015161677855,0.5174417731688351,-1.1377124653767052,0.5694767158627289,0.5840536721700222,0.8448149983678035,-0.22221934634214294,1.0800562186709188,1.0335362328665068,-0.44676317771514507,0.6652777554083745,-0.6049366345499936,0.3969912933408676,-1.4059284917729988,0.28556624929309776,0.18507721951720102,0.407407800592623,0.05810805593875099,0.2000425355467541,-0.1048162203618167,0.4180483796277909,-0.2955349875919157,0.6165458534590577,-0.06711233042813179,0.9588659441995567,-0.3168076187654734,-0.4861028390544773,0.38487819379430366,0
0.7435413366134508,1.7039677732213208,-0.742517421884122,0.10128756558090464,-1.038671177524839,0.008092002625841447,-0.04463184146635709,0.2641606270476,-0.17815765810355788,0.21116356165562256,1.02725814412311,-0.10423934540713378,0.5099864714852458,-0.8300842910907476,0.7522745525633554,-1.0248949160758514,1.00177332641129,0.5257912096969655,-0.4032776662761359,0.5973379191523569,-0.13701480446917177,-0.08181618275640966,-0.07929395275241345,0.18694859156281057,-0.0388341219475786,-0.4189744879909366,-0.8558427926229236,-0.23449555087084126,-0.1972114429836345,0.4685125452731617,0
-1.1661353141584772,0.5535858768308649,-1.0470809802173326,0.48585860566897177,-1.3903313977381078,-0.0629607645808197,0.5683102004574855,0.3112524722576525,-0.13916601430208955,1.6780400725844318,0.16673171903356362,-0.3529478377717625,1.760260606328896,0.8169224611832562,0.5606458167188625,0.7451792835756109,0.5102164336376289,0.19999146133317586,1.1298737182363334,0.7476556849215564,0.546024508136875,0.022863836848698346,0.2605564302892534,-0.5209399822888501,-1.2322158097490599,0.716234630380175,0.2515942114445667,-0.21454065811551076,0.05946822981381958,1.4031619837303015,0
-0.7882094312572401,-0.1014140944224765,0.018022953134634586,1.2349564031903668,0.033248020576277015,0.6509178493839267,0.056706984641076194,0.7196049637942185,-0.1474762905272005,-0.1723257015685407,0.39961518514279915,-0.46318722590191985,0.32611645392837335,-0.3077600078559235,0.1799307073909242,0.12449248324296977,1.0834748161673067,0.6315524781106211,0.10308253737823835,-2.2289366297103315,-0.35699834756949106,-0.11769625618412582,-0.3352490868080678,-0.08260724867964404,0.4152576877518506,-0.752287548721328,-0.842816457764437,-0.15747213308635855,0.2552669017574927,-0.3677481478267018,1
-0.5120488442821638,0.36782216011098023,-0.010229688263028468,-0.11417323386092058,0.25860622418153284,-0.19504465246958844,-0.35486351724570514,-0.17496141073453672,-0.013940841855465052,-0.10788305778934541,-0.33634272954647915,0.7598561511091576,-0.584775133926216,-1.9631433140081909,-0.5496083040901105,0.6057472319616034,-0.4356274357452073,-0.5508943925425996,-0.11756059855606574,-0.0399881442452795,0.12010534804401958,0.1125925532968493,0.0957506421132897,-0.19099378883059412,0.5703765320422224,1.0706470811387978,-0.5150348784142992,0.47130749478409995,0.5560324248403644,-0.45801293330243964,1
0.7863005888870246,1.6651638538367657,-0.344606401483131,-0.06679048694378381,-0.49323088910462815,0.5306870449371984,0.31481379565721096,0.44263001926540824,-0.1679337699638697,0.5213508446423666,0.4682401445345638,-0.037524501180170554,1.6614848536572846,0.9916568115798307,0.28224202660421144,-0.5633430194438909,0.7659733626851062,0.45152568171819546,0.33136739519003433,0.07708506670973381,-0.16771051802150735,-0.2041112013249616,-0.6873534422460107,0.22839335063645427,0.26075061444453523,-0.4385219497108506,0.34025749109570264,-0.2511921065322028,-0.15145296982225578,-1.0005491283496541,0
1.0769659835169383,0.2609029627058256,-0.15764930997107013,0.28913150421107864,-0.5360124097674159,0.5873143099282587,0.20182925325299755,0.553800778918877,-0.13426974377908102,0.34928918308666,0.5013969939064934,0.012725635772078466,0.7490129510265556,-0.550489195364173,0.3500858625221799,-0.19793601816871836,0.4630928112104497,0.6524037012204122,0.5085223632587762,0.5608574025243708,-0.03018868985031686,-0.19225772441517855,-0.6245216676182248,0.08306516558016173,1.190352962582846,-0.9637560946068321,0.5136920320868525,-0.08935548343490753,-0.045223807661083984,-0.6133950639432414,1
0.2041736623532263,-1.3812653882341235,1.189804063784045,-1.5533517401384695,1.2314438154430192,-1.4977228378519236,-2.3158426899798417,-1.7389620876061362,0.7690173365090827,-1.251210028175946,-1.9795604058740952,1.6687915057878338,-1.8054470726468437,0.17154946433982046,-1.453850818869446,-0.11756113629148376,-1.8729079812120821,-1.9447126708655251,-1.8386618731210596,1.3798330346242358,0.01817154792684458,0.43976950597122255,0.8668255723711479,-0.6084919677974904,1.1308052470327374,-2.2392872103053474,-0.882612696637037,-0.6319159595267634,0.14825515712248807,-1.197700719412482,1
-1.9961578039724872,0.21188969189732665,0.6893355328109596,-0.7705271073138403,1.256012689226539,0.543398256185785,-1.5683551634664357,-0.011299977011910642,-0.11489341155464848,-0.750027978994002,-0.8756218611028693,1.2696949438603393,-1.3306118186350777,-0.2491409125126735,-1.3642927383194707,-0.6641190532906132,-0.3546898462731038,0.11721476497966582,0.35506773225196225,-1.9762462659814932,0.35910531189038525,0.04453253841949481,-0.5458350337669452,-0.4947304377676958,0.21516320826492877,2.4914207644499644,0.9794366024132748,0.6704869509997405,1.0155341284704187,-1.197700719412482,1
-0.9498205710303625,-1.5753589486152146,1.2084531185713645,-1.386435069645081,1.659512175782024,-1.7516689117309205,-1.217430498242249,-1.6756458248060493,1.881046071387462,-2.1591650021953477,-1.8125130617855898,1.3377268847635704,-1.5506270678140928,1.4606077517831426,-1.444201170959368,1.1065392711231141,-1.8188005142359331,-2.0874261005196724,-2.0306635478218364,2.10783583187554,-0.7248205347725483,0.8271704577382721,-0.08802800838812223,-0.7281045732437327,1.2445549214715,0.09902030860122187,0.3454685971540617,-0.9185383921861979,-1.0656249403664104,0.4024191558505682,1
-0.7711670862670776,0.9716699556453108,-0.2299860352633708,0.2739108583022037,-0.11412918845326518,0.42191637356706185,0.3566846553807382,0.41693332226711843,-0.13958273236673818,0.5334876804875008,0.3582074537043527,-0.9835500536298637,0.1794256049483672,-0.7963537672471912,0.23470181454546865,1.762767896872749,0.8646528913634354,0.6736779442124589,0.6539094243122299,-0.8488671804469858,-0.25890902084967926,-0.10588810490009488,-0.11873223182402032,-0.20692302408156116,-1.5086427633387107,1.020205245550439,-0.434092190133132,-0.14557964661398543,0.014036121461335925,-1.197700719412482,1
-1.1524225610865613,1.089974627035563,-0.5751562802884095,0.6409076438614095,-1.0665424882037196,-0.014585988306445622,0.15781342035264403,0.22743512589431508,-0.15545874663019763,-0.06241916704205121,0.9600091904061707,-0.016672830763746403,0.4845005517057947,-0.06136223209962195,0.6883628165904222,0.10753470104035429,1.685144015883493,0.3714505444977946,-0.19156992662097624,0.5672964727294884,-0.014963222263854279,-0.09510092460568574,-0.23998803378667333,-0.008770737167299753,-0.1443762104907932,0.4163292909038041,-0.9255691035657472,-0.19476789899042382,-0.055939799028428196,-0.17893355417386603,0
0.20344884018570566,-1.4257204970123358,1.2394735945077926,-1.6662420527681001,1.5933962089681448,-1.6884225675729487,-2.126760234971339,-1.6587673788494681,1.6605799871146716,-1.043095860256889,-2.057750199299435,1.7538877941101607,-1.8205334934856459,0.3013206498546266,-1.7667908391251064,-0.2832780296697879,-1.9156392565982212,-1.6445359546408085,-1.5897634326844505,2.607739370346577,-0.7568791724979098,0.7822084502708423,0.06650171884450604,-0.8696489805408996,0.7731573306361221,0.06879181388738805,-0.07178491976049464,-1.3916841482242195,-0.8630575392860287,0.7471280968940034,1
-0.3235174695563355,-1.6006509044574764,2.3730199453423895,-1.1471220883054616,0.5005580316288258,-0.8572478577736173,3.007958932844901,-2.0920646462327386,-5.5806317466772475,0.2395181532099072,-0.6838063236776812,0.9765709983834983,-0.7002883394287626,-1.7612578098300826,-1.1867838529015795,-0.268340953348221,-1.1980519342633762,-0.70516801568907,-0.95741051932441,-0.18071907127057482,-4.324160422816438,7.914019732244883,-6.381406178372348,6.560340072846447,-1.0954615517695523,0.31799954254328255,-0.24781214686214187,1.4144567159072419,1.9767011822099552,-1.197700719412482,1
-1.3381965904583704,-2.0792050910870965,2.3495745517504334,-2.059668676265206,1.1535175336367263,-2.407027063874899,-2.2822653604243124,-1.8646353363464727,3.67165516433985,-1.1182256514446829,-1.2565000297630566,1.2316868398713683,-1.1132227856748373,0.4109627127467234,-1.0684895860843773,-0.053219827235390926,-1.272711825667881,-1.438400301959691,-1.4021341290639018,0.6451485649917361,1.2707323437460711,0.5235503759476052,-1.2576645276247684,-0.7791495934733814,0.21752798207724797,2.4274186634014803,-0.4976961971847391,1.8406049085761609,0.9015351456753278,0.8602705564075522,1
0.521965175830073,-0.2665929023373877,0.23821239111754863,-0.7322696745343478,0.5175086897596097,0.18859691099819686,-0.3469964296954532,-0.420023478038543,0.17571853718531646,-0.2516204240275188,-0.711104788248298,1.0106646553896268,-1.1155036931050357,1.157788245224012,-0.6756234021731283,-0.21382825020497823,-0.9473619614784387,-0.520051948233568,-0.28400321643396237,2.2322528595556457,0.3875746234674586,0.1391302162246491,-0.10767528637370857,-0.45499354481161064,-0.6526425358616806,-0.018181526483885557,2.0152366508371076,0.3369022976798536,-0.2790285393506998,-1.2746217292062307,1
-0.9590898096308834,-0.5098114330479029,0.580419375286523,-0.4875833939086272,0.9762584481843691,-0.4498878026135687,0.4131517603305142,-0.5002811587531453,-0.2049813123990586,-0.758987075286922,-0.5779405069788612,0.8668034855588054,-1.0682819852328862,-1.060006903873247,-1.0865200739886631,0.9001763692901876,-1.2833560535737487,-1.0052795925109108,-1.323821665253571,0.6310703968600209,0.08557330923684893,0.7415841044602008,-0.13008354980619963,0.32296339428659876,-0.30536278163937963,-0.6867442753825456,0.5428374345446808,0.795308702289991,0.3822847342132768,0.9127255350166394,1
1.59478921482118,1.647163566908011,-0.5292072077702304,0.2321304166717348,-0.483007303446559,0.20525104977556374,0.6238255752320199,0.22379752666197328,-0.1376430392886757,1.43944005188738,0.4821725709109795,-1.6005017860871362,1.1330659533753207,1.2234109394277546,0.4320847482003959,0.5268536359211058,0.5551081404104454,0.19936167930332732,0.4500402449899099,-0.2505954564724607,-0.1997217266602528,-0.029187524726412648,0.5905805226325901,0.0197651210501542,0.11295389678597663,-0.04427698973444221,-0.454701846482253,-0.14614467855856852,-0.1367149191249501,-0.23478802861869955,0
-1.8510026405741153,-0.24160774994650683,0.6902661173447813,-1.1378584397211737,1.2541064358015332,-0.8481683848580353,-0.7478313520372475,-1.2400218668955758,0.5027922171172547,-0.902953068265614,-1.6127306300141997,2.2539746428720138,-1.814432655843467,0.566524493682481,-1.7441652898243645,1.0068075390055669,-1.9534600619674984,-1.8988610717027945,-1.8290884505485903,2.0033451744088167,1.1217694442264476,0.5593207313848623,0.3015307412504643,0.5469919627428201,-1.2915906493137548,-2.412298286365115,0.9684522484623818,2.526853060439328,1.4562065737143999,-1.197700719412482,1
1.5137546445157495,-0.04624678963177904,-0.5421865014915013,0.5465599224600577,-0.6821743303109499,0.031536344418036155,0.36828206586964446,0.3035391916012529,-0.683847524868775,0.39052134451144854,0.11256333276627806,-1.2379387209129014,0.8284954819854841,-0.13373703477590745,0.9642677435270482,-0.05198268559081089,0.7181665301599982,0.30536393433155007,0.11609008136243698,-0.8324914399410815,0.9816666336731235,-0.4922590942793565,0.12469846654102273,-0.38703019890993384,0.1642585936477345,0.7833983711235093,1.1211605212267148,-0.2276382854051789,0.5651779695526257,1.4170886017174804,0
-0.9540974405203284,-0.6512484736670642,0.7740651231423775,-0.7823605379269353,1.1619403613579906,-1.031940008041784,-1.0028421127280167,-1.2229146924355347,0.5124661725084235,-1.6242620410202777,-1.597459359136708,1.6026593407975123,-1.6960812042190105,0.22311206021751173,-1.7324439241485203,-0.3788885013937984,-1.94505833579263,-2.3819287047831486,-2.216052326712232,0.3848264979666326,1.1014104163048983,0.6910942967657426,0.4888733160218116,-0.12103284446614605,1.050792578356356,0.5388869022156618,0.0005179730644918569,2.65449528740149,1.7381400902507553,-0.6899591503068163,1
-0.9533125172483704,0.8723163657948889,-0.7583652502922978,0.7843084670269728,-1.2870286475368125,-0.15103307635745294,0.15783145936785134,0.2135199524131193,-0.13394282985623934,2.2980433346763296,0.15072106680455807,-1.4075242895560902,0.49365394594351497,-1.3179198391318754,0.6102267246414764,1.245043253734919,0.24219079338077626,0.4112393418944499,0.4768501512709614,0.5861670652665091,-0.07210159086318355,-0.11223165198129881,-0.19879363032940572,-0.1626348147908274,-0.2034139004697275,0.4909601227824411,-0.037149449828637646,-0.1714602498147209,-1.9987609640064464e-06,0.8511726669375357,0
-0.5483332432211447,0.10060533328574157,0.517431657150877,-0.38462430773916123,0.7566446221936192,1.9153445789719554,-0.7358517495389381,0.487640679874062,-0.6998966153992315,-0.770631345256195,-0.2443540343444557,0.2465553788848334,-0.28462013067188224,-2.382410426571761,-0.8761240281037678,0.09354060649690135,3.0005136831263544,4.495922496860624,2.76259159491217,-3.6721884250471097,0.3539457738164129,-0.6208381211310227,-0.186784642911576,-1.1814065352957441,-0.47225078078323823,2.0300155300676934,0.8766176227294248,-0.05380052954410108,0.8214242097125952,-1.197700719412482,1
1.4343294863982572,1.6525102205711673,-0.3200309097806316,0.008445672649882328,-0.3661958335963546,0.34631784005372773,-0.13465822664102475,0.4845396772029716,-0.20881061856554436,0.6490982018763457,0.4057228748063834,-0.4831665733131445,1.2371650576661166,0.9629397455456646,0.23141510787294545,0.07608505194114386,0.46759312473947695,0.6540687721102844,-0.08700564570521367,-0.40171838441857527,-0.2038997220798483,-0.20347710428866644,-0.6560547883591266,0.33831280194995506,2.152961638227521,-0.5496378589930923,0.2743596163560561,-0.24603421144368756,-0.11475973160538322,-1.1169617002833774,0
0.5680550854997667,1.7370529904334677,-0.423017781553687,-0.055302302614994046,-0.5804196672771238,0.4446705900077126,0.2132769613955026,0.43961113980452465,-0.19070549080856,1.0257123158242882,0.5254963941060095,-1.534047930817623,0.5288643088259878,-0.05589738702806512,0.9155553853067956,1.149240770869731,0.36624759303281534,0.21225013768978246,0.4674685327422251,-0.22109417680999222,-0.31653134829941526,-0.0062292279451419364,0.636445139417546,-0.09111321499428218,0.0482926850033588,0.5727456008271851,-0.9116073833415628,-0.18887884003618388,-0.1767376933208476,-1.197700719412482,0
-1.944561942924101,-0.3400829793675367,0.5305974952663338,-0.5400260148959438,0.36512252637515913,-0.3311959857602325,-0.9104926350092937,-0.48054856166363485,0.23661153042096064,-0.2408540542420996,-1.003943527944259,1.4106732837913776,-1.2133798930545363,0.3449475141920495,-0.9852678735271564,-0.47381727261610873,-0.7397194540814257,-0.7108240602060646,-0.3279393928013064,0.06619880974621002,0.24585453174615024,0.15152439203839776,-0.4722469769884823,-0.04829536287769302,0.10382353578979596,-0.006073514692672567,0.5951754193484479,0.27209568845267035,0.36168954371611745,-1.197700719412482,1
0.7738891377931744,-0.7999227282327781,0.3222104504989125,-0.36804569958863964,-0.8199155519016031,-0.43445433903458586,-0.1313036669940654,0.08359960227542723,0.5286334314569336,0.4093371680209559,0.6036963357334133,-0.6206641687242903,1.8949373766102529,-0.5950696230495769,2.490280247443862,-0.9979312274325579,1.1318294477226885,0.6214079674822006,0.22793888799188483,-0.31079399811952796,-0.3905596835626317,-0.15116956206508947,-0.7000228498254741,0.15943669868827073,-0.02884330017141358,-0.35069077818784783,0.27588995909075636,-0.22469506102205383,-0.23467225158020968,0.8124641595070651,0
1.1077498369835908,0.8765658156509326,0.19807176813265803,-0.44584294592140133,0.9997054194123336,0.2659107078374673,-0.1095819394044128,-0.047954831605682154,-0.03522816685055824,-0.4748134332804624,-0.22759432857294834,0.6815217623304455,-0.5175818886431367,-0.8558298595390406,-1.0029927824079665,-1.64069445468404,0.11542504096951506,-0.08376900711434186,0.40045215494867803,-1.2550997686895924,0.0652830092828934,0.017895245555413514,-0.19231636302958943,-0.05698710623094365,-0.6798061243350042,0.2050065462988542,0.21790627219787512,0.37263599504046474,0.4682142731761946,-1.197700719412482,1
1.1464339489438042,0.09991629519552488,-0.029383857265347462,0.2197619444387007,-0.9007036810616703,0.4774757516673671,0.16749333887559462,0.5906226723431393,-0.04586463610998267,0.1825370449385688,0.24375245756655264,-0.05183832826225864,1.221767632165848,0.09929645211042899,0.40542771938831534,-0.9474120415114949,0.8082394504426044,0.5452957321336169,0.39816992651964545,-0.27512397069110006,-0.15308590422361418,-0.17106611108451428,-0.6030546188896972,0.12714627356376026,1.1931923523958436,-0.7530843425827377,0.17745230423194883,-0.09449325824729324,-0.04133472251572131,-0.14626664304553091,0
-0.3946725796000528,-0.3795652449520706,0.043157534524260056,0.7990860793854553,-1.4130069277432928,-0.0304165887713591,-0.19342695957205544,0.5389187916075244,-0.1091431060345154,1.3659563029218902,1.07391480966361,-0.8914428672448361,0.3492857022114012,-0.8213324162708926,0.5445027617599069,0.7844003244390411,0.8933038843549875,0.23440665700282362,0.08217477475193846,-0.9972968612812328,0.2947308739621371,-0.20119097480456188,-0.41823075892324985,-0.08115870376738522,0.7502083612177135,-0.18535748575806515,1.3482366520090543,0.15355661600631593,0.15519241009085835,0.5401172335114306,0
1.4892629345539914,0.01243310049247574,-0.07559346030422504,0.10593362067086805,-1.2676174708169496,0.6984791148842825,-0.2670944757073188,0.9256300283416785,-0.16314398523054283,0.23467629840470097,0.4961889719806747,-0.3840555301595596,0.5108818591457819,-1.3589711275972514,1.4531372423736337,-0.6932432142162014,0.24769460407793317,0.24655437938550903,0.47162360107474877,-0.04019507106208013,-0.3050649301092868,0.009561659459353247,0.7655766470826418,-0.16667083800599936,-0.6819687046175904,-0.5916375251537762,0.1164927110689109,-0.21481830690844272,-0.16508090551078247,-1.0745669067415358,0
1.2569010531770246,0.44266561010890293,-0.6435192448643057,0.20356020707421035,-0.06344476645204614,-0.04800108857088569,0.47497213908489855,1.2560831144290758,-0.2712403156088186,0.19802065861661505,0.6859073352774963,-0.5748262132591339,0.5189503925137354,0.7575789215689983,0.7183687879417382,2.2498455836978386,-0.02922012230565731,0.5445380273450261,0.36206779429447283,1.2385644863451295,0.9657880101246163,0.08392472273304574,0.7885522775593471,0.9464226983000721,2.596845018782123,-0.41491826274992943,1.9659249621843626,-0.5934399308573022,-0.766460929196567,1.4915636548023903,0
0.5707911853988064,1.6447447046389616,-0.49070031433397515,0.011224767904578287,-0.5446238331280859,0.2538155732255525,0.1304737368115762,0.3633442859105586,-0.14395227420601386,1.046313719930284,0.6243683012667185,-0.22484575940653043,0.39558766591612804,-2.352722825158166,1.421916344902551,0.5351972755824155,0.41492493796544616,0.24822324208025692,0.8912009578062693,-0.19784734376999916,-0.47638115766828537,0.02038563412077488,0.6947961810718781,0.0030696334394194886,1.3213888935659357,0.24115189378305385,-1.0402247001704341,-0.2066656072077837,-0.19169705191215514,-1.197700719412482,0
-0.37290990818339664,-0.6501643118753463,-0.15334853846011254,-0.07370573169960731,-0.33229193179387106,-0.11076457437188324,0.17981801418019908,-0.030247608501091573,-0.1203597742290334,0.4645970244725167,-0.2548287222300866,0.16712085606489796,-0.5249297378650696,0.6406366376945009,-0.814519048232938,0.5086234312752408,-0.48664165767435646,-0.582063055825331,-0.6684335340805062,-0.3001473004414547,-0.5756960730584307,0.04000255996393227,0.28708388676105767,-0.25819651990169873,-0.8752730557066645,-0.08048860973843049,1.6983297190311966,-1.4013593353862608,1.481166997146763,0.8670470010747952,1
-0.24836270079950473,-0.22174857299663636,-0.15097018412321236,2.1775457897930384,-0.4634281754215188,0.03327310555768626,0.21158556191535952,0.388016912488548,-0.019411404859206075,0.2925810125886801,0.21671068630297188,-1.179405642999372,0.38095181431636393,-0.4775663736392769,0.7848045113553348,0.9999705910094828,1.1543018477487643,0.22046013951859122,0.6924157276795967,-1.2222322384267068,-0.1927112293740208,-0.003582875147721496,0.2030133451261343,-0.18489670548959164,0.6646976250167945,0.4674499710987996,-0.9773317062432331,-0.25193147936621324,-0.09392196175549511,0.49108759351466785,0
1.3062204963142816,0.013454463411948303,0.841454657094985,-0.9615296594375835,1.386360675666106,0.3772120826310248,-0.7366063851431884,-0.2613950194604973,0.17250834428958847,-1.3067226878675677,-0.7197520630983885,1.2811721881333789,-0.8756623797153664,0.7365549868385453,-1.524739156846913,0.3759023183190834,-0.3487864998742038,-0.06969164343443891,0.7631186485975661,0.41793458336225,0.6302584954571078,0.10510482547160499,-0.4265252987446004,-0.04573150882293027,-1.8241814984739353,-0.10587626536931961,1.0164475073591577,0.4442569505861956,0.19063436258985472,-1.2711980788469621,1
-2.3056109044670308,0.9759613087266555,-0.40885009627888413,0.8015381125685432,-0.6159310324315374,0.008750467741810949,-0.09900712515457273,0.3576584996925959,-0.19032152787738638,0.6387252321278823,0.47013574748452197,-0.6078258553862631,0.9815568319146574,0.8068428294158285,0.6302813012103621,1.3424475355687078,0.6761169184228124,0.2962427502702714,0.003015978362621797,-0.207804254202891,-0.0769263771749032,-0.12944379932798036,-0.3198925161170812,0.029702021266916977,0.9018421407464324,0.11097612486862395,1.6815366043028077,-0.2634314037087762,-0.038828764793132284,0.10219152763421809,0
0.16870969486285697,-0.16189450613663747,0.5320648250894809,-0.7677087623406956,0.422730299281331,0.07145818406992978,-1.0494713128903552,-0.08686636363969003,0.0936729970852534,0.022271576799797778,-0.5081565888975415,0.43375592808519003,-0.9100582767132281,1.8102998837429243,-0.3765507629418247,-0.9945887355405517,-0.7077300844344895,-0.23015951338146343,-0.2804858712728726,0.0730672081309028,-0.156702081072752,0.20653738242443662,0.9602548242479694,0.1555165057998443,-0.5457749701671899,-1.0800191856467212,-0.8165665154867715,0.05325724868112476,0.36163013486137,0.05129394525604604,1
0.20382105725864091,-1.5931751413110595,1.3646918514636577,-1.760613742481669,1.9860678650777033,-1.8839951543865072,-1.7703760574934921,-1.7363591529772255,2.1204909345664538,-1.5575510947386002,-1.8275516103831138,1.4193297017864799,-1.7847691570532693,0.6752880306940868,-1.4383306074881632,-2.180381497758101,-1.687879032646002,-1.8661564511270885,-1.896461537875655,0.2630886049240526,-1.5885892285352845,0.8537352608843819,-0.2692485614580164,-0.3917903856033146,1.0145973757241307,-1.1518801326966237,-0.3757122268748075,-2.044569626848247,-1.4104774794549964,0.3030381869480877,1
1.509647418864909,-0.22904716004932327,0.37655330426647116,-0.5224480378236563,0.2532481199152628,-0.2323111242814232,0.520885537830864,0.14800719555059455,-0.5576138775083531,-0.4728613300502699,-0.5639258499937821,0.028738928392559832,-0.5840481834303499,-1.1187201142903416,-0.589754769582125,0.7212870267121977,-0.3643833670228802,-0.18615439042138263,-0.011452648408717528,0.1104451604636495,0.49962563408969857,-0.41571937959434213,0.38655043814978507,0.0892031534337327,0.6940622309435412,0.0633843395740364,-0.9303498094321072,0.3165719962340421,0.1293606676492246,1.4044574003735677,1
-0.13268196293744108,0.06712605813702376,0.03030866502384954,0.18647403030648027,0.13475142066569407,1.1738142060790737,0.16496080246459222,0.5723773540931265,-0.12955336489807015,0.16601932540964465,-0.11206761270494067,-0.39384121374768105,0.29307868745307475,0.6136569912993578,-0.6615128063557142,0.788438523630853,0.864579978429038,2.5774642757498545,1.702645818630257,-0.014570414450110597,0.1937967839570782,-0.2029172588988831,-0.6094367384300637,-0.27016823725625777,-1.8491575664627184,0.33135701284874436,-0.348615973341255,-0.0730907327092752,0.13923463297381766,-1.197700719412482,1
-0.9511359500954615,-1.4093467990446196,1.073413630075432,-1.2980541153489813,1.6633531491635245,-1.366315987322312,-1.7224390292439997,-1.613119354603147,1.4571842738856384,-2.0721334268486284,-1.7906394487747899,1.522500244042966,-1.616506986297092,1.0379636799911893,-1.6635686929383986,1.1653892874263014,-1.8536626881463663,-2.0522295454604653,-1.94895280004162,1.9723070679456742,-0.13473570064933962,0.7921149830159371,0.12749014460564523,-1.3329433930271806,1.0978557482861613,-0.13850076010155585,0.6901108887991391,0.1030391815355023,-0.3695834990115955,-1.6230553716641472,1
1.0095563719320488,1.8780095848632574,-1.0577569967323608,-0.1417400326433714,-2.296019691616462,0.6493953023239212,2.1053816743039477,-0.046694664870727806,0.04127686154466632,-0.16676349138586186,1.4341298597762089,-0.6845701108983383,0.22293463392157176,0.3884212914259972,0.4839653496566562,0.26885828455810024,0.14217013858030997,0.5464236929832486,0.17011172862322174,-0.48430255694114327,-0.44016124526062633,-0.1448176484693759,-0.08422132895506815,0.23272630510954934,1.3751989984609978,-0.41569066130346605,-0.3539530806034247,-0.15147862683423569,-0.171104304159608,0.0926347675216629,0
0.8660893662086163,-0.06753498175198872,-0.4232116517415371,1.440417890386845,-2.4583511622733756,-0.063483020494015,0.18351996197134965,0.6707265680622958,-0.16389980089373213,1.6641235314695029,-0.05427648391505695,-1.1572504729568551,0.7378210187087537,-0.15866903685447312,0.47784820409985207,0.8698018466547586,0.43464386923638715,0.23119400858346328,0.47729423802713045,-0.35591260003612624,-0.26504263279774914,-0.04399120880504538,0.3635723034126399,-0.03836023513327764,-0.03236193911501262,-0.4438061829358035,-0.9994854675910104,-0.09976075044091767,0.16001611277898478,1.0237080986678402,0
0.539629802895582,0.05338127805834411,-0.10790708745033269,2.069759172959849,0.47169314438342747,0.43440574829877937,0.9178975796038079,0.5946359843034205,-0.1960942718535529,0.7729526679567984,1.2275734334896033,0.01737747913098427,-0.40466380184078377,0.7571722661868103,1.2644475227917495,-1.8531735103513645,1.109561556813029,0.27748348094181036,1.066169404017602,-1.471031160642529,-0.30829108619513707,-0.024494097364204413,0.9405467250020741,-0.053297593038392564,-0.1551829701963626,-1.5831205686161955,-0.2360723677496346,-0.5142368871688605,-0.5353828196226356,0.3906694474251321,0
-1.939616505674832,-0.4957855042771185,1.06051227661608,-0.9282316135652083,1.1958889564924609,0.21964615731684822,-1.4234552028249334,-0.2907329330416372,0.25496335006140414,-1.0896736400508296,-1.0333060704043475,1.572688497916653,-1.3376267870168397,-0.021927619885368465,-1.388524852709035,-1.5841818644306278,-0.44499683534761064,-0.20191660309312864,0.46418295268917925,-1.4462078220035859,0.2800281877064599,0.1748508875943619,-0.4074582102812277,-0.36863274022445525,-0.5298955561897264,1.5979076017273808,0.8021364230317898,0.11097937158517719,0.5623106759725419,-1.197700719412482,1
-0.3202732459951595,0.9629961780581814,-0.5948362344452073,1.1354646544018177,-0.22442428422920818,-0.17064917680964753,0.26930321697565807,0.19850373504049368,-0.1468311087347634,0.3974215542927127,0.8219269378795441,-1.2736625892857847,0.7515631640623087,-0.15388252755515783,0.4101726053962475,-1.0474451119502182,-0.3859310519708484,0.6168503488731109,0.9175144473895315,-0.8464039667542811,-0.6805048620974078,-0.2540802598772898,-0.47331279991784175,-0.025726229533637564,1.4090972064955352,0.7551697837806214,-0.7205611534902877,-0.1088672450566865,0.004496675895168807,0.092387185423479,1
-0.09950015194725159,0.06467498012175446,-0.13608081284866985,1.9476855902753394,-0.11166632667540217,0.24743255087580943,0.347023843495509,0.8696268040757034,-0.2554752688970394,0.37616348847013115,0.6681175203947094,-0.8972215874010842,0.33920972762317964,-0.4553852407002621,0.4975673363120649,0.6951513397050546,0.07229341746999114,0.4094208986211961,0.17494498986829346,0.568704942117604,0.052142962577852864,-0.16709611238662708,-0.22420758338797636,-0.21569761694471,0.7072967497536834,-0.23130257463334686,-0.9989149704679043,-0.48324979951269786,-0.7281054232988663,0.617288746845895,0
-0.9884350583050204,-0.09919317342347587,-0.1878430432431271,1.4560691933533674,-0.6000728610125727,0.5781246076533498,0.4242988172790467,0.7337574876276065,-0.10509375433495229,-0.044591213825069316,0.34835761615475597,-0.015724715346636248,0.9497643587433743,-0.35382274247350703,0.964359140105046,-0.12748278478101854,0.6763423667128796,0.21001115166533516,0.04433466515835675,-0.7895171863101802,-0.0964344103115883,-0.21150148483824954,-1.0931940973246863,0.04670776657412726,-0.7369109641483701,0.3657501909062088,-2.0759687259140565,-0.2500623477875314,-0.12055490062315811,0.5590787461359763,0
0.20382105725864091,-1.575206791567335,1.3957165261813205,-1.8928292581742026,1.4119172023018973,-1.8637756245232895,-2.774324945504618,-1.6531948414137967,1.9853738055363137,-1.2449847559130307,-2.093024308938719,1.6730940062563728,-1.7889206325846583,0.5262299814928273,-1.6151523263481515,-0.8090120131965622,-1.747366641147904,-1.691832423778327,-1.6181443597963026,0.9459399989658565,-1.5917064040104203,0.9204144902708419,0.48408336591448275,-0.6737687391758727,0.8256385972683633,-0.25438239804662505,-0.03787644734227193,-1.9870510989849286,-1.4274783809496099,0.8781651505187684,1
-0.4584742920833676,-0.29207968116696287,0.4571685149834588,-0.22930806279525204,0.5248470313643626,0.0957276595854464,-0.24045794366474713,-0.08486114042012081,0.0730455883214108,-0.7545718553016219,-0.5192431932497916,0.08750566133983688,-0.8541227497851993,-1.1263089893596347,-0.8389617149275638,0.4671179126237028,-0.33840103698279106,-0.53131841377226,-0.24428257097993783,-0.332535832098292,0.18191726598374874,0.063451935728912,-0.5781640077983404,-0.313610295717212,-1.1579330997975492,0.525188205859455,0.0988199449575728,0.24429123843679404,0.5514342650835067,-0.43229022969315767,1
1.272414314784208,-0.7696889198365551,-1.493056106355637,0.5075381883599035,-0.01973479823060856,0.5485951095763788,0.10766844617835594,0.173229423931051,0.06401071731192372,0.30812376202879393,0.3342019618741839,-0.5742914525204691,1.1206562107711973,-0.0513495874421347,1.1579434748667954,-0.007685749330148068,1.1360340952228316,0.2500556989335492,0.8670168921227357,0.13753714011754908,-0.6636400971532314,-0.12724841872280132,-0.45203220703922564,-0.2741755797055027,-0.9066164810085369,-0.5267884831934873,-1.9918828763930707,0.1275406954389745,-2.0517742642881474,-0.05383825442601355,0
1.358265968678023,1.6484708495236722,-0.23061702855277696,-0.21155933284615075,-0.3389635030741184,0.5276288674646494,-0.2796764743112848,0.4884400115355099,-0.19642437880581937,0.63493982065763,0.2075184164716173,0.1574347430786186,0.7579381041181907,-0.10938598490730432,-0.13015251204476622,0.40590975167550664,1.2520133045685786,0.9890331295170895,1.9797560186176983,-0.46180235526623725,-0.22676339508330748,-0.04074873626565145,0.408494849514213,-0.12464736626455754,-0.9624076641590406,0.3238746069829613,-0.22852075993613666,-0.1774869573345084,-0.07864836847956597,-1.197700719412482,0
-0.952451845051692,-1.1110561138544661,0.8704548852651147,-1.0097085494217257,1.5467256861271625,-1.2552483714138116,-0.9423641614284344,-1.3955595845525772,0.9763122311714815,-1.8648552596432522,-1.6250908331538079,1.4400399435293214,-1.6294179728712295,0.5651674236257924,-1.594662207281702,-0.49013286970051606,-2.0573160978742067,-2.2217866393376227,-2.2576299166297438,2.551011352723044,0.5620328189940749,0.6548298995523477,-0.019725876932909985,-0.04998051061357782,1.2443354138271698,-0.17705428623909664,0.3196973578363159,1.6259733634953484,0.5872370051439744,-0.1716273103888867,1
1.049089464278259,-0.5413974796523141,-0.4770005066322023,-0.7266543211766888,0.1962307509541222,-0.28981192246025367,0.7837566355234817,0.07278259693513077,0.19144003650676156,-0.42423721790391805,-0.9143005551077084,0.9325061386534756,-0.8031145116227196,-0.8003722645725866,-1.0178154786530476,0.5699549027345507,-0.8703825836321823,-0.6350490031167189,-0.5260778976569362,-0.38203343363803144,1.7417635645212066,0.4171211858587375,0.7345602178514699,1.3893098807872974,-2.9739469285206166,0.7245267328177288,0.33553960867739563,0.6586678915968659,0.4155041422202818,1.701663396454478,1
0.36302296314036614,-2.4081280727423002,3.796037361446004,-2.2252861847579313,2.166891181726604,-2.629660065595137,3.1297268603849,-3.7522918419331597,-5.78940734020629,-3.4221974511531283,-2.952524698327737,0.7186634006700768,-1.3070702366163727,-2.8518917844726905,0.7591944475063258,-2.47698764174929,-1.2567467377486694,-1.4198084037758891,-1.560708495011853,-0.4288934684694877,6.767855485115075,-9.721485380767009,8.246745063506463,5.986630856963547,0.15645233136175288,-2.1254795443842553,0.001424150550128232,-3.519833423108153,-0.4296693959374576,-1.6230553716641472,1
0.21327535805571055,-2.3299586301497284,3.002890854771087,-2.377598402089592,1.680917661516081,-2.617821287112057,-0.2321296229387838,-3.066087246510663,-2.0460566477403788,-2.572914592527421,-2.7527878709571665,0.9798137438672745,-1.3987706861811637,-0.6261645543156514,-0.45594161643694986,-2.1437561863059678,-1.2888359899130843,-1.373625735400205,-1.536269234732141,-0.7038574161892696,2.158508007129231,-3.7707475503108414,3.1738480242037728,0.8506993919110714,0.4627988034379655,-1.1441249247881422,-2.2747294178325057,-4.303636979798872,-2.473741469209844,-1.197700719412482,1
0.33216397623232913,-1.0750716877317148,0.9113903876526669,-0.558668132743948,0.7954335245860435,0.5788357643658842,0.3494695242098387,-0.5058990913642056,-1.066357240497908,0.4973227013455399,0.2549476002384193,1.165168200041062,-1.1200841534592116,0.0748683532600812,-1.0035552285095286,-1.0039776531537101,-0.1969652963445758,-0.30661269739726754,0.34913492723686107,-1.4399262995582665,-1.4360605022930106,1.7059883126697744,-1.6593492695090457,-0.28143271451148655,0.1994378974895657,0.8266786558070753,0.2821586824923942,0.1338135673526922,4.002202187934731,-1.2746217292062307,1
1.1575863063067946,-0.8837750397803229,-2.6202867213508263,0.4035178805862125,-2.2955671434244276,0.5062394061388277,-0.6855502540070537,0.09188836442445118,0.0410620585948365,0.35316103974866814,-0.004394860568549328,-0.5295222808314305,1.9616497251934522,0.5589870376579189,1.0019735737286177,-0.9819817069640717,-0.07140527604604452,0.3584774596670363,1.4786194156977217,-0.7250056974576273,-0.05067528463638271,-0.24152890478504266,-1.6855182040760859,-0.814149623695705,-0.6321781820584442,0.33480978338474626,-1.8290573737549563,-0.24871897394811743,-1.7751825088757478,1.1522360022727567,0
1.1091923042345766,-0.8786664340223277,-0.27934457096148446,-0.6681506956383713,0.2530499073991116,0.5127522261539692,-0.7015139378802626,-0.7115553024740634,-0.3243724718452044,-0.7611856928611452,-0.6052062009571214,0.5200583013969324,-0.44388666437797414,1.0843568994766934,-0.3597832194678621,-1.0384677366529595,-0.7600878052207427,-1.0534284215108392,-0.9020878123133431,0.25016723264350843,-0.4971213426212196,-0.33004732508779316,0.3922105339161526,-0.9336334624145962,0.3124317619700651,0.2488338560379352,-1.6094094164367487,0.47129680303746996,-0.40991108253850606,-0.2906113516904828,1
1.4843399669302257,-0.035899620228075566,-0.1870021678250874,0.7781172009289336,-1.464199621821397,1.3376232016936438,2.3366527451657912,0.34070378045656446,0.11547919934333517,0.48444721065919677,0.287513907821796,-0.5415260394402452,0.5658427870579666,-0.07893838574986557,0.7280553425712114,2.064078711661198,0.2990671338790165,0.2909573305743951,0.37369518087134534,0.2328715947497083,0.13006471439102624,-0.14734329357351328,-0.39367282816996,-0.25113383114570886,1.311688789715783,0.5619165736735434,-1.421392493602993,0.22160602910314744,0.21319583028266198,-1.197700719412482,0
-0.13368132530709476,-0.05093078533376351,-0.20457640273350286,1.185997722842181,-0.7230495960405883,0.06151263025651806,0.12234329291996106,0.654887413837303,-0.13284548464876006,0.37876886667286613,0.20791688012666318,0.12500296023813715,0.34527794297504016,-1.4617115856451794,0.208989151811695,0.27415693264510427,1.561531400758962,0.48949509129989316,1.3651709659426552,-0.9966811795780423,-0.2744259327589638,-0.03935339310864735,0.15550001268901287,-0.11765226503770018,0.7842725140538302,-0.4180950466760022,0.6894272161620472,-0.2560621941379963,-0.05001056577862068,0.9746247128810127,1
-0.8289506230851286,-0.22225118744370437,0.21283462500097142,-0.08082029778622338,0.17144129574404526,-0.0785424645634656,-0.15202149997125136,-0.13165953761249483,0.0807889808766822,-0.4225164521267888,-0.3627911338501679,0.5718475193312009,-0.5617785933224018,-1.1782934332268225,-0.4667007226161101,0.5516384440749922,-0.501733004444708,-0.5626415595400532,-0.09301704738971041,0.7444774039460211,0.1194160957892564,0.131070791027292,0.1241125531846939,-0.09164072825945287,-0.3609051022108478,-0.12255869295180141,-0.6328320727390907,0.24520453813916288,0.41261315433145285,-1.197700719412482,1
1.4111028565585069,-0.08167991378470199,-1.0699116334541339,1.082128940770894,-2.0809188289599954,-0.3724476402347576,0.470016541419307,0.7349996820224968,-0.18485800949935294,-0.4570810363342151,0.7305829918426392,-1.4331799911438905,-0.04043527720177313,0.3390436432370545,0.3621202498198741,0.013963825072526956,0.3955765014110431,0.45941005788974354,0.8364897040394388,-0.8199726741958019,0.4386477716652562,0.04374187088052156,0.5689643208722399,0.7684536922293467,-0.05615461859352907,-0.35023522238946503,-0.24386867752378455,-0.16609728692984208,0.3160617905099541,1.4924434577094619,0
-1.1762928285309666,-0.039420788387084855,-0.1405552370785132,2.3500927958622215,-0.05744960902433092,0.23822238914530514,0.8093295526685245,0.5055699633461318,-0.07121896355131493,0.08150797966004268,0.5380405802189787,-0.41015456650873217,1.1147742762862816,0.39868230524192794,0.420626619285097,-1.6735445967199976,1.2863520968431745,0.11532752382197875,0.5875055188155118,-1.2188273329145618,-0.1719608182566042,-0.05608337427328887,0.16123438222403885,-0.10068884884545483,-0.06044727310016973,-0.5838285773847995,-0.6092220856544174,-0.05118508418308296,0.23227405795146108,0.40037503056723406,0
0.3427034435534228,-0.2507979796629341,-0.8088132065597371,0.45591179562688,-0.16379787188144593,8.002434977245041,-2.9752951646338377,-1.1587312783755914,-0.23829743882199686,1.9995568511709718,1.5777459899004473,0.07652198830706085,-0.03822213109505924,-0.6459962059377669,3.85854228106937,-0.9533326528984805,-0.23367746202207015,0.9934605838146664,-0.39595573121513017,-1.7025055567179577,-1.685530266966088,0.3216842677879692,-1.0564532903175194,-8.642676864730923,-1.4597691037762428,-4.41451840736815,-1.3511287368833758,0.5921818945796177,0.8219658332799922,-1.2221906593341076,1
0.20274352252820085,-0.6561834179692188,0.9723874409888553,-1.0760551765005881,1.927956106484519,-0.9639975398013713,-1.2504864493620946,-1.3006385292133462,0.559605921140236,-1.4081330170618058,-1.5895501269013592,1.8951171084611105,-1.978502467524619,-0.28084660718027293,-1.8235532129133727,-0.2312565362920117,-1.97422827668485,-2.0205223856811667,-1.8228557394872078,1.6274704289491189,1.0772599155815696,0.7062606779050524,0.8096827743803636,-0.12284579409409851,0.8279891367784302,-0.7311541899687425,1.2408186020286989,2.064995415955645,1.78839080410042,-0.310504878189312,1
1.1952328553333025,-0.16625614531615499,0.5861123849776727,-0.8074253300906697,0.6733841863674275,0.10266914919739971,-0.7217051171813583,-0.21013329869294162,0.10262969176328346,-0.8017145481668086,-0.6417913963047053,0.34848013708633213,-0.9384837302440397,-1.0244902756626586,-0.9035898402964788,1.0222872092077038,-1.0391926019492883,-0.543553656929307,-0.3695809878487322,1.8114595617999008,0.32723839089710155,0.33020349589810927,1.1475639342887127,-0.08533309623120172,0.5217848237898126,-1.7104194706059694,-0.2026120984123857,0.6482433765078236,1.376615075092343,-1.2746217292062307,1
0.011898195911267383,-0.2872715832660188,-0.6255301333931806,0.4744142602930479,-1.2476220923229686,-0.27170407555902165,0.230467968597973,1.3091116387653938,-0.12436294578839978,0.7867016215214356,-0.26296491823115253,-0.6800225359231551,1.3090624483286926,1.1271264593526829,0.1693108327321792,0.4371666240160218,0.4561787139866331,0.6683284855404228,0.82104907910143,-0.413459862339303,0.8541982131292639,0.052873381350647716,0.13897213198717392,1.0232626997915832,0.470399710740336,0.9158936585579511,-1.840867487361424,-0.41301001852370994,-0.06539258712055113,1.594955593289653,0
-0.5179846648247155,-0.4268285692463745,-0.8096410383335816,1.4006039322894945,-0.4945063640758786,0.9943828388817909,0.7422931883662455,0.34450173100888637,-0.004092839866885501,0.8834290316523751,0.04410003333876908,-0.43918645168508763,0.881231118806083,-0.757818413104174,0.0962729651717083,-0.5623806405967027,0.04269338650163291,1.0707663701283383,-0.5334737314874772,-3.4378564319342204,-0.319829618317071,-0.01046025293162394,0.5190862065428289,0.18530234984637575,-1.2454925716145817,-0.3516988570100978,-1.2420383405392195,-0.20879304386725273,0.8566569119581646,0.9243223051141451,0
1.282706748579981,-0.8707161321753855,0.4654216553373948,-0.6202931173929569,0.20917810559566496,-0.7147926779869548,0.11097143950408245,-0.2503427184786494,0.20680930722682678,-0.7727524669258148,-0.08541536795240073,0.2520087534954228,-0.532080142862697,-1.3587341430867412,0.05958963220033185,-1.1918293354208227,-0.0963498150118932,-0.6950074744203584,-0.8123778507671551,-0.2114536815817629,-2.164368525105386,0.32394512119414426,-0.8603383488054486,0.7216566945920078,0.09020181276003143,-0.6680253287132292,3.2803494211302566,-1.5775961643673282,-0.23082003777771246,1.2596909972376678,1
-0.2162807331642872,1.0082290797578457,-0.3689207859754133,0.05072082300904179,-0.6167222175585932,1.2813072604458338,1.9914624141056942,0.29512817534347563,0.01862681430893613,0.3672516247713802,0.596982006430886,-0.6381183113189339,0.5800282254874534,0.02128860741184411,0.9362724493801994,1.2460726947350662,0.6741479253055176,0.16354605557480761,0.4764097535439947,-0.22255575105301093,-0.0985925537390336,-0.09522652988211797,-0.19687908889249842,-0.16054144349211996,2.116355260249882,1.3080216345416271,-0.6995748260567125,-0.17724172079676667,-0.03803888629566842,-0.28522245882867825,0
1.4018277557740497,1.7490909048009342,-0.17566227543073565,-0.39702268737419144,-0.36798174743256185,0.8990863788433804,-0.5271589794513608,0.8392259691756958,-0.26353892316515004,0.5339759700275745,0.2152732067919403,-0.6563229975115357,0.38938986442003065,-0.5018163813634191,0.10477639147623322,0.30370452460212055,0.22826598155345504,1.1514130599417989,0.7240550333666801,-0.4056596762022008,-0.2988363044337211,-0.02742707209258574,0.562786203779714,-0.2515725887511777,0.8865062193498465,1.4401490073324579,-0.48301569522800103,-0.2197615247509322,-0.11709323123719917,-1.197700719412482,1
0.006587331297109074,0.9193321940300518,-0.3515306783523807,0.4720894326360371,-0.36887795478897095,0.20954567928169643,0.02556063934635133,0.519189912465299,-0.17969880009152633,0.3998889541009341,0.5266158482163713,-0.5987003497161325,0.5755290662671859,-0.5645124551221711,1.0181951388582393,1.225950030641796,0.30464124173787716,0.436052507521494,-0.3278683320352039,-0.4348636421542319,-0.1961639957071601,-0.21445731984126407,-0.9318954928023176,0.10542163411478152,0.08013809033352505,0.18286593908947293,0.3229336962425161,-0.25178728866286976,-0.04572634716260138,0.43476975784436067,0
-0.44939313927337715,-0.8895456717054311,-0.4976745611872476,-0.44554668749986626,0.9755614013909193,-1.3117620893035806,2.237468183941999,0.9100823893377614,-0.10483582366502893,-0.8208962964162018,-0.4879260938657863,1.1154066493808181,-0.916525822619292,0.08290490501281218,-0.7976735694912371,2.181745277475528,-0.9520183711683581,-1.1388619150500072,-1.081726719863737,0.8495377410354403,-1.8113017400367135,0.012938256194291448,1.1419255582298664,-0.8641238627305321,-0.15773275073190707,-0.5904372222841568,0.8545893724940882,1.7936327075819436,-2.119424918894317,1.9594085053168344,1
-1.088785116881549,-0.6386733160537731,0.6900151654029882,-0.4127656712974594,1.0121670393766404,-0.7232645703077456,-0.04266454791466113,-0.8221792589793524,0.46376872432183064,-1.3463887693558478,-0.9330711730631044,0.7535278519218146,-1.1465553547985858,1.6792282474014701,-1.0651413853912077,1.202896764420765,-1.3733622808166397,-1.5438871413113315,-1.3940462224960577,1.547101102699216,0.7092508855050997,0.46460946009223225,0.6296031189585268,-0.1574791003516497,-0.03583550339524576,-0.045899430852379915,0.7049404214790913,0.8910798891810879,1.1065275465975364,-0.27830239846608595,1
0.3385472802972915,-0.06960158880510228,-0.22210713334077561,1.9205100733865703,-1.2539230868511604,0.24117925077015126,0.7524330785563488,0.47029055345262377,-0.15634194204434396,1.9310607691263826,0.3085494512256983,0.16482061858760355,-0.22021918420499412,1.257915755348883,1.2132681927746545,-1.191625099479013,1.0785141529164177,0.2678973866497841,0.8974215056300591,-1.0203030401414226,-0.29224809179699196,-0.08932632894982466,0.17131937742860628,-0.11220418222654768,1.3171717145643638,-1.1098760564308334,0.41201595109257705,-0.6376070476562369,-0.2189096613849913,0.4233473305601302,0
0.5397412198873727,1.438679246174836,-1.1894435606568485,0.16670218454414235,-1.321683408907011,-0.16370405566729906,0.2364072808045402,0.1524444355396438,-0.19562577286628402,0.33955188043023093,1.204375128936297,0.11969727220671834,-0.3149324229498615,2.049855549418032,1.4946934912940517,-1.4678630389813934,0.3373956171828644,0.7448153196629058,0.5088551405571329,-0.05301498412639794,-0.06869990850800736,-0.3147340986213208,-1.3489189838418387,0.2494453446604631,-0.8548970109276345,-1.1532666921406436,-1.7005451755879113,-0.2525727445555571,-0.10093987214196452,1.2718204708902818,0
-1.3288483962011435,-2.2448845993081523,2.590899475159549,-2.1967130460253563,1.18365058738072,-2.6544501745813722,-2.4099304056711346,-1.9972016681937264,4.307165369910031,-1.0780581088331045,-1.2073446694654824,1.095625677740263,-1.012018981698098,0.7813599611135964,-0.9071757569686004,-0.09427157956060173,-1.1782031358998286,-1.365426069668533,-1.3806692803148501,0.49406309620456557,1.306656841654615,0.5297709560532927,-1.4712055288934724,-0.9561826206990095,0.2602409062509952,2.929916656327598,-0.4916179938827232,1.6622669445962464,0.8168568179813406,0.8602705564075522,1
-0.06755500145891558,0.9625855905055253,-0.9582245019532513,0.9391717807138226,-1.2784169995400556,-0.28744618119224474,0.19760024054118533,0.0844893994365117,-0.1566481136588292,-0.31377200599103694,1.2807689557290232,-0.5521393980684587,0.20021077723686237,0.45186263359999534,0.44664765543908985,1.2305966698255901,0.16853321526023268,0.7041440800257841,0.1525077539272417,-1.0504182235867026,-0.24415821873783758,-0.0686275412577579,0.2528183376726819,-0.05577500659664513,0.775614543233113,0.18906143479011467,-0.2393622453916564,-0.1428659733145869,0.02411232611459089,0.9271532072533861,0
0.32826942639261275,-2.136547222652997,2.8432720185159943,-2.023420762720304,1.3293569352007135,-2.1897099321649334,0.21013549940501725,-2.8503352246837337,-2.5108106826109267,-2.5772349979370315,-2.637191239891572,1.0572004067082743,-1.5138175339778361,-1.3781894162742647,-0.43959165837983716,-2.389106322375115,-1.5711046364523,-1.673309584832198,-1.7956109087063536,-0.32868924812993894,3.031769585595096,-3.9302802777888313,3.8698851783089268,1.4204477009736254,0.7242099489085321,0.6204378416165456,-1.446890578543378,-3.041780603545137,-0.9675352973842544,-1.197700719412482,1
-0.872107720895885,-0.7965205352814559,0.5816376812089753,-0.6532972513290491,0.6405185724844893,-0.5714276174494782,-0.049996840067369666,-0.6947857501530262,0.03395607331587705,-0.6309057146272334,-0.7996295732617433,0.750174741547031,-0.9645094819621437,-0.9180868860187477,-0.937426347536511,0.851080739444867,-1.2835205609025624,-0.9802910844117942,-1.3099697976354783,0.6462942196721738,-0.4374573929170285,0.8332529228636509,-0.07105809286720667,0.30789199348516666,-0.24965154541696818,-0.5398758612478397,-0.5349667390397147,-0.37385837225562163,-0.21330181076757146,-1.197700719412482,1
0.13881603648275698,-1.0258923982076522,-1.9849511809009124,0.06348661637571397,-1.3755837818977756,-0.6170848190243017,1.6749400150215565,2.56821256821438,-0.48348743877986367,1.726715057752016,1.1276768096539715,0.24791665205107136,-0.4858973488876837,2.2926709806077876,0.5212285782162973,-0.5146715933603199,3.1977068449662536,0.248908606894103,0.11364819958939294,0.20884851584106287,-5.456367894828693,-0.5352885416261318,0.9377553807073602,0.09356764966120157,0.648345869328335,1.9876582071666646,-0.35602921595507037,-2.0819869262186055,11.02085831975009,1.7446554571124921,0
0.02755764125901069,0.8818070457397895,-0.4029042463756417,0.9069786792630288,-0.2147635895786172,0.06394828835496956,0.32015372880128123,0.3591149355960553,-0.15543210232795535,0.7422513181206902,0.44706786269959387,-0.5912540885640032,1.639689335649193,0.9493710308319062,0.4620092438373187,-0.3082702886291924,0.06247103289988711,0.5590084083614079,-0.33126604595729087,-0.47718798629566206,-0.15078877045229333,-0.10072522066357745,0.10829493292642595,-0.060827143058758346,0.9718786388988918,0.6495503327811865,0.8053131191648748,-0.1857709617725493,-0.03210366395939026,0.1701166923322351,0
-0.19783884576105396,-0.40574342548274067,-0.20817667197102382,0.7209996417019552,-0.6150604761071659,-0.07337072735625003,0.32345499434248254,0.12504798287389252,0.1279807688323009,-0.4911821130426947,0.557576155339792,-0.5238173565305917,1.3169804644779024,0.5996869588456925,1.140319197253661,-0.951211244238305,-0.22626300235204558,0.6891180126672095,1.6372362555967759,0.3629098154795396,-0.847286264646308,-0.19676375519809175,-0.6443614370909636,-0.4078506799414013,0.07687371983072254,0.37761130532869686,0.9283450084939515,-0.6313727229294825,-0.6825582863594732,0.26497346237596786,0
-0.16088423880172167,-0.8197940318581262,0.5250726142371602,-0.6238733144766326,0.6780151276204595,-0.6231166104887127,-0.654659313005263,-0.6019025653286867,0.30750955518945156,-0.852436782770387,-0.9173277799984338,0.8164663514915491,-1.0858131407919511,0.2637291296170279,-1.1384346798343052,1.5498930865171963,-1.1920835373681524,-1.2032099561007106,-1.0551212559036764,1.1590096463041106,0.2289390453037184,0.324414262904866,0.19876364590978732,-0.3579765802894206,0.24574191222891503,0.03466237114833947,-0.44072627029185735,0.16674652487244898,1.7373300236057037,0.8596367969189779,1
1.2224519421050195,1.4889980541405845,-0.7847252936656082,0.2256098467013289,-0.16631504770551866,-0.036722062288262976,0.3475103883455221,0.25529881182661107,-0.1757239221194056,0.5385999631750942,0.9636526513013947,-1.8472752253814795,0.8183778422306166,0.31216337383073756,0.4163498076968223,-1.435859813694027,-0.42360502575655656,0.5250794118546883,1.141806370528095,-1.0858109657221593,-0.5815627233575461,-0.10172901803524133,0.4764157096954222,-0.14023769040578343,-0.005447619954509622,0.4016460791519671,-0.5649769735294351,-0.13481256846223022,-0.12097263663418195,0.9150386101926818,0
1.2668423236743453,0.23109985843682018,-0.003699482848938777,0.8886034246250769,0.31460528838134555,0.837281179476412,0.7329839096547028,0.8185206456785232,-0.1777772552225446,-0.35579979814869167,1.24487478002595,-0.2974056003426064,0.8655272379176009,0.6129803288430928,0.560864329492849,-1.8485344282556855,1.03599524560276,0.08507512648179887,0.3670187162716447,-1.547613200184406,-0.21329611394375375,-0.0035868578119647087,0.6190564802530992,-0.2041512615838784,1.562124961319903,-0.3084569457659139,-0.18003927889249716,-0.48005047435246195,-0.5031078070045327,-0.8738132107921829,1
1.150637118479901,-0.24685744436664267,0.13339390780136964,0.09323357218488261,-0.9887453289457455,0.4320312754259976,0.23214589899216392,0.48053241363211824,-0.2353617757397635,0.5335907483424888,0.6175818719276586,-0.005603315458263029,1.4466040231084245,0.3600266738682214,0.2988882811330688,-0.926163790977316,0.7568283744166833,0.5448841721892629,0.34164514336737106,-0.3104494137968704,-0.23493029222371983,0.08505757625521906,-0.809052674583557,0.3630692990000026,1.1654491287386055,-0.5696934273995413,0.14859647400979772,-0.2058700716388687,0.19722429649472853,-0.1997133729349409,0
0.7898479085487675,1.5638571166544002,-0.5561446261386688,0.2754411783580368,-0.40299697900839204,0.09237280154200579,0.3826028007012278,0.23907009209102575,-0.13146328726312909,1.0153836178084588,0.6679828105106026,-0.2778811520404304,1.1911086914528994,-0.0776771270717249,0.7081123885026942,-0.20318485641394726,0.7898151298285588,0.1884998906815038,0.6096796349585669,-0.19728869147268935,-0.25830713594165705,-0.029222407199546795,0.44204093684106815,0.0725730877381618,-0.6576042948505214,-0.4656851580179102,0.661665302430016,-0.21771274608655655,-0.18401499851845562,0.20942333968116894,0
1.0318890058857209,0.24801862853502996,-0.09831467516285557,0.3444089016694201,-0.9190828994773805,0.5894921675514102,0.14576114121188075,0.7359768525184954,-0.14114139773259285,0.2848656966526921,0.31943732294380983,-0.02307891546259364,0.9687930505438205,-0.14222431500351596,0.301947798754285,-0.9367646139606794,0.7642206242555697,0.46990299887227627,0.44771592144961603,-0.2138521360487841,-0.05889801505863729,-0.19030944079290893,-0.6239169504250401,0.0670279094199876,1.3156722060640942,-0.7780677934739825,0.16233056646073524,0.038429829587587325,0.08630882004562734,-0.2596237979815162,0
1.4401222634657016,-0.018652071077234253,0.10383765009984394,0.036155689836893316,-1.0101457523150734,1.0041128555940402,-0.2407026028028121,1.0992298495921506,-0.20713588593752016,-0.05796514850605662,0.27218271323752924,-0.9167498792541872,0.7253596965622982,1.3612353120608465,0.266697393198728,-0.23521313151416498,0.43951533250710983,0.5769173598786167,0.2841865462875644,-0.41647683156256465,0.005641157531347402,-0.04630071703594192,0.41544724478739725,-0.31777675622929674,0.9163511670603793,0.15122868824843202,1.088891502877608,-0.29056727751364186,-0.16519792819279117,-0.26371473554194363,0
-0.7096421332775462,-1.3435551111320656,1.3673511917385792,-1.3948766666029533,0.7344974468416304,-1.3120753417599358,-1.6169974266231986,-1.0370319985160465,1.5765360082043351,-0.605910803708768,-0.8557313920365538,0.519214201028085,-0.9191035452856712,-0.4767251484967998,-0.9343249993791071,1.011390170103271,-0.8288560388630029,-0.7993631603791174,-0.7755893421134346,0.21060756351138377,0.6539822935205333,0.2432001273461185,-0.7568823964200256,-0.20674511864654702,-0.09280147510634916,0.7744985304738905,-0.588383896516196,1.2173508491096732,0.39756254240823125,0.8602705564075522,1
-0.6482364194343229,-0.29317611865669535,-0.016466977911834407,0.11788058498761134,0.2066917640841681,-0.4205218628812097,-0.0333619673271118,-0.1553635611867043,0.039307505256769154,-0.17470609951315125,-0.22139974225145612,0.0027198384819861984,-0.6635991785000148,-1.1196898168938756,-0.26666794445837,2.41687898052653,-0.6650396328733327,-0.6199178809616036,-0.479893239739288,1.3174886235719383,-0.006239614128271937,0.1554557736174013,0.5877584340451026,0.27499496182335526,0.744417074100261,-0.502167169938974,1.510672226031542,0.23969497700993816,0.16104677279435947,0.9132051390855279,1
1.1510983076735695,0.20456729677227217,-0.43426811371079316,1.5449873226260737,-0.5458226097696339,0.07484406518227557,0.6327164085153975,0.3044432396888809,-0.16509354232496357,-0.14515469001847142,1.255312691550858,-0.2835671323413305,0.4340701372127984,-0.008432941694493745,0.5944906546983039,1.178926011723663,-0.3415997465398049,0.5190753518634854,2.0894840940210146,1.5059558378829399,-0.21477191351122613,-0.29655268253451533,-0.7508975248386982,0.1754377561159868,-0.6713906586685067,-1.6314805835735313,1.2113199359118096,-0.2788159675922236,-0.2113384077801438,-0.4209489939494606,0
0.022949404377313846,-0.24261986544024952,-0.6924942564464757,1.1618164978716587,-0.41852207537870095,0.14736666657438457,0.4332821150556477,0.926929809805798,-0.10612822504934977,0.1607830213185774,0.3049237923924838,0.041194406628436445,0.5768682572798518,-1.3972551876311008,1.0743091116085304,0.14012501952303028,0.6552538546792531,0.2523281777055694,0.42317325254673493,-1.2204344103566331,0.4858725374778488,0.030655425235931757,-0.036524792127672207,0.7958420972160378,0.18828171319546685,0.14711688209431684,-1.414664491067301,-0.31317598422379656,0.004834820623579807,1.4106942918636758,1
-1.0818201103774212,-0.930555440670671,1.0438244033778041,-0.864809503649918,1.0968252123374735,-0.8421806493221389,-0.5513021289204152,-0.8623882874405185,0.7787232735051717,-1.5918188199060626,-1.0801718738869317,0.7904456197216155,-1.1022149093540756,1.6718055024064766,-1.0955180700929585,0.6867539801023542,-1.2863078550504694,-1.3370346255406536,-1.3973218133058352,1.654013539675578,0.19037161897999783,0.31075378358399053,-0.8262442530760904,-0.1350596795257298,-0.3453294786130639,-0.2307932451970793,-0.1208260421168441,0.13755717310205945,0.3837313866308555,0.9101986733481241,1
0.9588503770133833,0.17392665518902542,0.47894380151340266,-0.42805843325734017,1.1250659460148098,0.464631889344476,0.08107416640237547,-0.04617752517000175,-0.6423519109413817,-1.142556646113162,-0.12165993039884072,0.12980293712127633,-0.5435132690804078,0.22016961858647624,-0.5888916942432819,0.22893889867870001,-0.5209545294184939,-0.1155274849931571,-0.24862718861496025,0.5362124875243235,0.9536448562988554,-0.33634119732887907,0.9551268615757057,-0.34043011581746074,-0.5323294886672565,1.242188860522328,1.5486300247502447,0.5831350892872397,1.1966803835367603,-1.197700719412482,1
-0.5407429093513156,1.0014964372813147,-0.7334497831031829,1.028337066123361,-1.3955524586206578,-0.22899462183080485,0.06267834929737114,0.15471096798045814,-0.169486456878948,0.8769114058047888,0.44113118735556367,-0.8670846559631237,1.334056786434007,1.2254234136393958,0.40955904941524607,1.1574975801833618,-0.33539804530047984,0.4302009012215706,1.5076675677908629,-0.42149000070709025,-0.48302966832737526,-0.20678609059588504,-0.25584359139267004,-0.04269468453494954,0.7531117665530097,0.5600056875097046,-1.557359785928472,-0.0668154786876199,0.032416620252328006,0.4353630685010699,0
1.3143953355031563,1.4994571745435392,0.010693722813194884,-0.11154309368507605,0.7108771376211298,0.7586300557962107,0.049661287709381025,0.6051199755649321,-0.17466113109865405,-0.2868314068345743,0.6673106783017776,0.1964903441515024,0.6538324023832355,0.14194492462115813,-0.2667395782165074,-1.3143849607940996,2.1303348893441223,1.1410467350984537,1.1628345978024384,-1.6504857527148369,-0.25958733456432564,-0.1984705139001482,-0.7132039870279291,0.15386194529954636,-0.49232046015076186,-0.26924506269136134,-0.5364709031714694,-0.19984889042207363,-0.03222528709806628,-0.7726227928383105,1
0.3268299334167211,-1.9964256401601757,2.703611241027299,-2.0200171954241517,2.2280117255865375,-2.2751521170748368,0.8860258191584706,-2.8352481954534854,-2.117494626161338,-2.456959953024436,-2.4399951548661156,1.1119534519614958,-1.5754824063146233,-0.9734086270986111,-0.9808286805546907,-2.593615848849341,-1.5331034352189157,-1.4972290074923573,-1.6430224062685292,0.8406726210160471,2.8565814997441037,-3.5347797471130473,3.032926298163603,2.8310640356964876,0.34390111955816766,-1.7360913940572285,0.06309357723341538,-2.917798331296661,-1.2921585577177546,-0.9063504264025329,1
1.322177468353611,-0.07748766691262092,0.06573453211716836,0.13218789640437548,-0.8692752254605828,0.3725708088703629,0.060032056485332795,0.5684243413570433,-0.07399811615071354,0.44584965626626233,0.48367544683320013,-1.3990290929964566,0.6512320154505781,0.22539824578539305,1.065645160168617,0.5426395763887464,0.26129080986714287,0.33075866772595086,0.3901830331181247,-0.19956679231795568,-0.2667645535494469,0.07482330250023286,1.0940325892443687,-0.05807335479454848,1.2756503709032783,-1.2039395330733174,-0.6837248344576915,-0.49785538041018196,-0.11833084804936608,-0.5648445155154198,0
-0.1405154841899279,-1.0358304378042387,0.5586010353235825,-0.8641389056815937,0.7370946020337028,-0.9085356812268766,-0.5592768554500708,-0.5830274353935779,0.49209863697270984,-1.0788949444821951,-0.9769313951898541,0.6775103638698051,-1.0206187499135253,0.46009620287178415,-0.9233828681241865,1.1287191703277246,-1.1910675967812039,-1.1887369366373521,-1.1867404384754092,1.3341681946199369,-0.6432965320691332,0.34056790533288245,-0.013597820290386975,-0.8958482653301435,0.5046934660619282,-0.007744825984612432,-0.5926477064973357,-0.6711150333826763,0.7435881759983609,1.271418661454396,1
-0.5174200723920933,-0.27230628767384174,-0.05457561742403682,0.41267405137400104,-0.8557943823389907,0.5758928374197342,2.279567740220855,-0.03175346316816401,0.3290531295301693,0.3113044030496824,0.432038379233101,-0.9377232826287107,0.5859656446209159,0.4738713682054319,0.9371413370960243,2.4608092653414464,1.1308458180925345,0.2832771077591306,1.2769514183940658,0.4509368595133306,-0.1893723265432936,0.05756249485584393,0.5836201173948379,-0.14218783479490488,2.260333886203703,-0.7590369540910842,0.9587429452118242,-0.8596289838996536,-0.6559211873550402,-0.05082817075689098,0
1.3861200066878858,0.04885878633609114,0.45790119415179537,-0.3242131617108602,1.075948705032652,0.5973113173006793,0.18865254230357484,0.2713891570354299,-0.0197035384784873,-0.9089395377048525,-0.11012413962398152,-0.16813090651227927,-0.510147486145987,0.2785200683886536,-0.800885971381006,0.3316533531118097,-0.026604847727397504,0.5291332575681242,0.5736084563678769,0.7169795617617813,0.36893534882830437,-0.05104814626308045,-0.4900288210415518,-0.22847987512596213,-1.6874454544143933,0.4011432868353376,1.0446052811696258,0.05833929152928695,0.17639110070258077,0.49640388723636925,1
0.8269367184400528,1.5502695696845372,-0.29189416532504814,-0.16692393583329224,0.30651277118394316,1.6843349253466724,2.297430793400138,0.30900741398221226,0.04565569120403621,-0.17678649848000882,1.4268843993131155,-0.752227844215093,0.36763552561906476,-0.08504863621359082,0.9976644713035364,0.07336409521632371,1.0421886761072168,0.14509441174812493,0.0826078317881277,-1.9121569967066097,-0.28753071763066135,-0.0035277468657982014,0.41730292432603927,0.04985964789315161,1.3894341102529681,0.15307570694548225,0.29514681228816947,-0.2218672106594847,-0.18170409850481448,-0.1729088235387302,0
0.49866883451282856,-0.13297967454608703,0.5082517052906548,-0.6838144080722655,1.2881231449004933,0.14150437741378993,0.5129685564563086,-0.17138917381909136,0.13862135603177872,-0.7398493986933901,-0.5764075954175334,1.0469045395616452,-1.222804955257059,0.9898609947577925,-0.9726419983426999,-1.047210266723412,-0.6796722605330907,-0.43483886433526464,0.0368155091521091,1.1044520909726472,0.9466508623857871,0.07124808540388494,-0.614383543743,0.24265029675880775,-1.1232266808179794,0.06105576069044772,0.8346844425968001,0.7881092201908403,0.6113550430300673,1.1361123366953063,1
1.0332761550192526,-0.28721025600366756,-0.06121720315854218,0.2646177018326189,-1.0889258517568248,0.3613064952904441,-0.30362104609915697,0.6464555544242957,-0.06782918439594258,0.5305757084437732,0.36911547780687093,-1.5295899858479172,0.5227016121175395,-0.6627674378578112,1.1071440786578373,-0.2517175660413297,0.2467176437418385,0.39871463345349806,0.009648895314479919,-0.15980363318353477,-0.24445945823166382,-0.12946976657074763,-0.19464960195611763,-0.1668360255188929,-0.33217932170894227,-0.20065177993819933,-0.3076627211809049,-0.23390807329004065,-0.28691681920967793,0.2818358159924275,0
0.37175745800580395,-2.4273520606733685,3.8871757157068143,-2.2718597300733854,2.1843972583658533,-2.7373291354930753,3.2910553736019996,-3.879743372054115,-6.05064489153028,-3.3992738560744167,-2.9688177633281745,0.7383729808466205,-1.2599423710615847,-2.7884372339450687,1.1244130991311,-1.9102193551966977,-1.10985640218968,-1.4267584746410025,-1.51242151454068,-1.0011858270044007,7.100447727148445,-10.373492637176282,8.197761111765526,6.799656451399169,0.016181124338960594,-2.147927432791227,-0.3264713622928313,-3.6416184721101152,-0.9142173341356067,-1.6168039914639678,1
0.3726531058286268,-0.46411310081014373,0.7386815758503409,-0.941092767131156,0.9814451919735355,-0.2640847749181538,-0.9819193562049641,-0.5869611818783339,0.18519629125125525,-0.8020573189438359,-1.0308293076492703,1.6206532364423543,-1.3610171638428608,2.111571271277078,-1.1764334540752168,-0.5093478915321081,-1.4756229507838696,-1.1087783698398574,-0.9396928766703634,2.1387108573645683,0.6203169379004322,0.377866967975463,0.8482812522302539,-0.2697228844739956,-0.6705130987344821,0.48501442448109644,0.1513358618532799,0.003884023553185603,-0.4833816272843567,-1.197700719412482,1
1.4547272768587767,0.14236038233873605,-0.2641859767359084,0.28227348765834515,-0.8897237734774568,0.7736486546296097,-0.07354529009890465,0.9228673409372109,-0.20062789008590998,0.2449741004143706,0.36239176448711896,-0.395883563439165,1.2694595103320663,0.07655077312156222,0.9537399780232367,-1.4780816861862325,0.14026035705695322,0.24244763618546003,0.3601977730652831,0.16147046001137805,-0.11388128358839125,0.004698776951450734,0.61022118316307,-0.03866643944352087,-0.5627689729403605,-1.017010419451875,-0.9483974194161944,0.029620255827403796,0.4373137986903871,0.5405871057285984,0
-1.8524860435425539,0.39625745552386665,0.639031535054903,-0.7080378501980212,1.1369119379177257,0.9860640291518654,-1.2134241203618008,0.23101501337958993,-0.17307110518687105,-0.6571951725067026,-0.7014661871946474,1.036714851322852,-1.1242347824581749,1.3633068075955979,-1.250356414032942,-0.7571902606059753,0.10672865633010782,0.7521201218853117,1.0446623791861709,-2.0454833157810746,0.31679035114075865,-0.03242783493010455,-0.5409684686201202,-0.553982660492569,-0.7230644656391709,2.644469581692438,1.005203732141974,0.40582108724851923,0.793947616104083,-1.197700719412482,1
0.7995851143057455,-0.037022335113118525,-0.5863355645803462,0.7400870904758667,-2.1956446078784704,0.5223422750707823,0.2884803454730723,0.418646652260088,-0.10963188608264474,-0.034157682604936575,0.6350267367114667,-0.6800878486397816,0.29245405358431537,-0.25395224719273674,0.5585428970745423,-1.2381290152554958,1.9081909234985888,0.23545332757523302,-0.22348790850121147,0.36062594922745705,0.23079601846981088,-0.149145739348302,-0.6747084463783943,0.170051473764559,-1.9656011321722933,-0.9634058235571897,-1.7827364797289973,0.1968405923055972,0.4151509737283335,0.5767487442403434,0
1.2558556818092512,-0.6475341759597335,0.4971458529348923,-0.9077468542592383,1.4729114721899481,0.11089662725231375,-0.6826838855051508,-0.291929788269383,-0.21470705775659493,-0.29594214176752637,-0.1744139593191462,1.0246818875948756,-1.2472410759539334,-1.166450085967419,-1.68066643810179,1.4389277688010225,-0.9052804550936763,-0.6698330410817074,-0.34038831960214744,0.6462268635888917,-0.2688691255179928,0.10690449186786818,0.5767097336777909,0.32011238912520623,-1.0609537090187884,-0.7411925722307294,0.7007897132037283,-2.133722011825397,0.8161906293284756,-1.197700719412482,1
0.8720780528931211,0.15572675258321655,-0.11669591662446104,0.6231339987483097,-0.9599252712204203,0.48826859815889795,-0.12433945656737629,0.8686444494087706,-0.2341261884339254,0.6198634830866756,0.6114157337941991,-1.155601077704983,0.6716056504754746,0.3420703905863334,0.5191269916599693,-0.41506291446140375,0.3381787951106694,0.2456543040381198,-0.13220429650912588,-0.2669479825380993,0.07834466217860805,-0.21744355276881275,-0.5175385268715587,-0.02310199975243717,-0.22836723901097533,-0.729927246695949,0.23639957852709267,0.02077130978377538,-0.20184788109389476,-0.2857587496615858,0
1.2151007318756775,1.3944927874476527,-0.7705291568581283,0.23973213952138767,-0.4933762671085547,0.0032804202915980986,0.4151801901029905,0.22407463130929703,-0.12847847791254471,1.7216356796955352,0.46659302506693306,-1.4455011802612436,0.43279949611735374,-0.9523042538642567,0.6488968094428522,0.8155637800432715,0.5370226898469499,0.2977327124359929,0.4711289202696635,-0.36340551449030006,-0.08425105065118255,-0.0015312540595358044,0.4272106813089271,0.020251614533634926,1.229728986764997,-0.450148612547262,0.1736805649399173,-0.21171649311100746,-0.10042789060218456,1.0047346086755256,0
1.4734668065686336,-1.1281618100203095,-0.5248489887346498,-0.4448201506413229,0.277297970993804,1.4180577326613961,1.119545481266484,-0.8395630577577007,-2.6271352164198545,0.7552678593426527,0.413490704564561,-0.044716717179229,1.3513655209209947,-1.3333057421196663,0.10375966948010741,0.6051143980944108,1.0434307671347116,1.7723188021367826,1.6804146966915552,1.6026830286986125,-0.5724164345140602,-2.7206639886402484,1.9953018512175125,1.7174587288263274,0.23739351872009654,0.15627085262149015,2.2024467351258346,1.413560268644754,0.13105660110409914,-0.13346705627178376,1
-0.8915717392337644,-0.2950893739031939,-0.021664217179352137,1.053526019973507,-1.2174215057050133,-0.06155724876040304,-0.39153220698026014,0.325106473047434,0.038733986668470693,0.4408416305561845,0.26840645311197164,-0.9525002951164083,0.5065151562573916,-0.7931369572820126,1.0742491708655664,0.5566988511121188,0.9923487915397718,0.3618038801864874,0.11593159851553513,-0.9470414400471978,-0.22064262324967218,-0.09385512484598223,-0.2696513797797949,-0.006374290576684478,1.457651872743189,-0.5893260968621827,1.3469858504780226,-0.05089273671804223,0.06577430462245026,-1.2711980788469621,0
1.2683914106923726,1.033361459987406,-0.7087741179638368,-0.13322178553966083,-0.2737541665845654,0.17455271121543223,-0.19557695148278254,0.5704173111345666,-0.21900097863197854,1.1856721089422284,0.07998028286169143,-0.5351957689802094,0.9035394743240746,0.6806599686948234,-0.12962405458604864,0.8948084774285108,0.7379772676730189,1.017719609149008,0.9655100668893336,-0.6078902320348479,0.44379999556226357,-0.038243683418144415,-0.14992084730013716,-0.22042127955697183,-0.4772241057565058,-0.24446297816521892,-1.4012865549597837,-0.19035174634854557,0.07961592911946307,1.4149376600605492,1
0.8715467088499325,1.1957987859478203,-0.5837224815039957,-0.23020599920499843,-0.26817585165046887,0.31534590020058223,-0.35378862855497606,0.678713797606936,-0.23789240997907193,1.1486019728958217,0.09238092703397775,-0.7761363561405308,0.6769769962887171,-0.09908095468604634,-0.08261362567864967,-0.08442289692479672,0.3980548087914442,1.174060077386592,0.774531723276208,-0.22413820876703713,0.24607452095716997,-0.07975269312360045,-0.22447018741805633,-0.2535916301266411,-0.5189109556598747,0.2800073978006071,-1.1502434694985308,-0.20893947626704196,0.017573004346018998,1.3057636623264537,1
0.6962052932911167,0.28120223294270186,-0.07057286619871248,0.2928273457545199,-0.9032294513258889,0.6755273855548393,0.07738608935741423,0.791263235651796,-0.17533081913100262,0.38047786759948526,0.25990110953299833,-1.062586501983175,0.6564539091715773,0.6939187603815772,0.18372186224920994,-0.3346717731229775,0.6671179892339552,0.499481392135904,0.14762918160775274,-0.3488100092968179,-0.020162328851493355,-0.2156278396083029,-0.7158315821561178,0.02470997867120772,0.7327146732810976,-0.6386358187254128,0.23630064969828735,0.04865887712956216,0.10289384422136348,-0.4795632054438933,0
-1.3269771682577327,-2.306894698882039,2.685921130776761,-2.2489491421906935,1.1956130067458495,-2.75033799456322,-2.4609887304418385,-2.0489471544369655,4.564329004417204,-1.0618599293802686,-1.1874315822881518,1.0392986837336011,-0.969115520158366,0.9299200967646075,-0.8380396188127253,-0.11056083909856142,-1.1388526304933595,-1.3356767670122625,-1.3720476385314582,0.4328965116912927,1.3205228093202512,0.5321927479126022,-1.5559364463558627,-1.0258763515742562,0.2774960650095064,3.1341527751185603,-0.4891549262702162,1.5923156923609525,0.7829173594254542,0.8602705564075522,1
1.0247933216528742,1.304221093445715,-1.003470253457001,0.06789576197067769,-1.7404559889664826,-0.059447426524976824,0.01597140436466765,0.3233995826029312,-0.1537428128584174,2.5940960431527125,0.13712859550000486,-0.3240836813542586,1.2271692958012825,-1.6078317258280643,0.9751692098921029,0.29019712949955473,0.10542321898264978,0.33423201173287503,0.6000907238402979,1.0538542606304024,0.018051334992181856,-0.17411483633331168,-0.810353103801531,0.09468460225856129,-0.8497226467056288,-0.6162110596830688,-3.0449792252658354,-0.1765801005967005,-0.09969904619563986,1.197806302503809,0
0.6963323340492165,0.12525190817394916,0.08111119626276073,0.04864137909566501,-0.7053184313261244,1.2258616605511286,-0.47614077836358737,0.9181251097091198,-0.4245904678214943,0.1222100644149797,0.08300227169898222,-0.3257587009953168,0.4588568787077638,0.23251902204632374,-0.23379239484267392,-0.4712462733625145,0.4608166168650416,1.4069241189181654,0.527475310351671,-0.8105233448523909,-0.25072903083492215,0.17684086093146706,-0.10436943144918981,-0.6711756490464423,1.9740846294850245,0.19807595214021087,1.133626757352984,-0.30328080452120143,-0.29763550997227184,-1.2746217292062307,0
-0.26276228981673205,-0.5831112786684137,-0.33627121897477125,-0.3755101922683805,0.6111991088654195,-0.33780847114471596,-0.4555098526512196,-0.1861283023754543,0.1456035354046605,-0.610437657526064,-0.673367267468254,0.9864866185704756,-0.8033233031869867,-1.3012485655353636,-0.851988126291188,1.0089512549311512,-0.7106977733316414,-0.7176282047154199,-0.1865196598024972,0.6774993291183954,1.5210022365791942,0.2982304223207522,-0.082791378886032,0.859089499401628,0.3144474079836806,-0.019274451899402748,-0.5731038155022908,0.8346027270827401,0.3974597302913399,1.4875408768804423,1
-1.0972754221379952,-0.372537287687439,0.0454065557475841,0.4846507408837127,-0.25245331535972726,0.6345256265516444,0.11076650925513853,0.13553951176446227,-0.7327363649383366,0.45384143998100007,0.5162604283376956,-0.5276128884683016,0.08817715437729903,-1.8486887904269806,0.26733127627121706,2.0841541538473054,0.37136687876353053,1.307391887487577,0.49597734122637305,0.08311661024411664,-1.1847545326582454,0.8792013605508158,-0.9991719998320913,-0.16366213707220717,-0.18413326990314935,-0.5808165293695363,1.0083775209767953,0.5291554278952233,0.24420843404295364,-1.2746217292062307,1
-1.1750687598998018,0.3476011896131417,0.10855112900592878,-0.034793542923342656,0.6240576448439897,-0.08392125868071366,-0.0886302386257182,-0.1261352005784658,-0.02785364022892954,-0.4752871482055302,-0.22789781104521897,0.41589141435972454,-0.5387604110179158,-0.11916258827909042,-0.597422977768245,0.8278699325305836,-0.470618290636114,-0.5315881718068385,-0.780645275303531,-1.002681145229105,0.1591805721900361,0.007991126963659367,-0.5661674733465686,0.047380292312555326,0.3293544679950144,0.49024340878476047,-0.2987929910742437,0.46637110178680624,0.574878672581533,-1.6230553716641472,1
1.1847788969993578,-1.457872351833782,1.0933021747186589,-0.8157832901420401,-0.2485940796840078,-0.969946979272719,0.24445668047291752,-0.6369780529398639,1.4028135483103523,0.5193729620866885,0.3585679620018148,-4.221900520869267,3.5703066255310443,0.3736544080772644,4.303444424205496,-1.55288085563745,1.551770055518613,1.5454037575603057,0.07683910313709481,-0.053473839147801745,-3.6888541490667897,0.034298456161955024,-1.1617701594974534,0.8278173644814752,1.031339209009626,-0.4592911256761153,-3.742767969197817,-3.8205782368821226,-1.7681602993239744,0.18846472943414685,0
1.317659690067275,0.2640047428200362,-0.09688274376115377,0.2758419248162828,-0.9942897443210862,0.7325051021628224,0.3440938614365967,0.719459774408461,-0.13074970410600428,0.2886314781743631,0.31722567057355744,-0.17093222274936054,0.9343134184369993,0.11289244821532449,0.2808997243189289,-0.8807809495705929,0.8220903736838389,0.425560849314785,0.480954279074041,-0.12207099023400782,-0.051255470849866404,-0.20077795366740125,-0.6647930510003496,0.0013811322286513862,0.19753257115004852,-0.7021645862432145,0.23387245466588158,0.0450763788111359,0.0749842594460659,-0.8384383746735613,0
-0.4797138066078145,-0.5125547231380096,-0.18211851240647675,0.028512650782130916,-0.017451905910419653,-0.10329993122889494,0.39250614492304337,0.021284923440077187,-0.1982614081393438,0.397349787815009,-0.12866249413401445,0.2691433764273085,-0.5700520742645373,0.7328892261475499,-0.8418504633778301,1.6736543979360896,-0.6634958793362815,-0.5221366304053571,-0.6052955513919251,0.9261867076150031,-0.1945124569742329,0.028834612961150998,0.4802583090270182,0.12371934620743173,-0.8817780994561089,-0.3575422860028683,2.1551210564194334,-1.1814092956831093,1.7049162396777606,0.8670470010747952,1
0.9684380869079957,-0.581168296150928,0.11818883240534474,-0.373901824893677,-0.19100759199288203,-0.18946580354965997,-0.2637521664692899,-0.22274385940883404,0.00854701752287702,-0.33036326924197423,-0.45879985629256814,0.6839421851982967,-0.5834105857308779,0.9565790199865574,-0.6225472773257766,-0.5833635400582565,-0.9596155490996738,-1.0611841315300814,-0.7907102121786725,0.8958157749113363,-0.11176144588453915,0.30798030011738425,1.385995600515217,-0.5578803774531713,-0.4713500478855581,-0.4535390347525929,-0.025804662165894818,-0.42279469685505017,-0.0304671105817744,0.7825762440201499,1
-0.658292119587132,1.005045759663714,-0.3365443913182062,-0.04907414943445507,-0.5588813356102319,1.4486958976441162,1.909161141640554,0.4003361153769201,-0.0072450936618096646,0.20096773503657542,0.6330973031734929,-0.6370961864618946,0.552700972067869,-0.06510314041158402,1.0690071593062513,0.9191489699588273,0.5261009614540569,0.18839006390711602,0.3305544599428893,-0.17483659546576782,-0.08346732610661987,-0.10122702465037703,-0.2667730098710985,-0.21010669395178663,2.1294979869182336,1.5747686278229338,-0.5952715102360205,-0.2048522375253274,-0.051231714941744944,0.1717954733286647,0
-0.6135489360303716,-0.20282269838506162,-0.27319985369718125,1.9143625472693815,-0.9237783462467326,0.32606789632341404,-0.16670831813230755,0.48950011801086246,-0.19094564047224777,0.27927817504302244,0.37095341299770906,-0.6386909691916894,0.876149566154429,1.1309761397206926,0.5129664294353956,1.1796042475119974,0.564434500331384,0.3030478778576296,0.05462293107298978,0.02549065707111086,-0.13815497915587485,-0.11598087937401794,-0.2350029714342762,-0.2996117325748988,0.9207868204010097,-0.05366405161810491,1.705764608997586,-0.4225935998738572,0.14058832621716766,0.04641160647196525,0
1.1894041004725586,1.7496145327650183,-0.6950709664356177,-0.1272385257732491,-1.4019526454553068,0.5656933091996833,0.9867563815618676,0.2586255063155822,-0.10386658246312266,-0.0012615281006205163,1.0081130476852243,-0.04368796784656361,0.6977474545665548,0.3121575637121869,0.7831870167869411,-0.00838732626947363,0.520762233433297,0.6387136821201377,-0.6843500058229386,-0.10514745652655154,-0.16314740131430744,0.04310896573468623,0.9512329173506271,0.00497560298941548,-1.4706602998593095,0.07204837939578804,0.10332949961075616,-0.20290307936719018,-0.24882857609051895,-0.23430371629533306,0
0.6031518798454115,1.618244700997819,-0.38377635388647113,-0.028809221893739,-0.4309416546159951,0.3619522445506659,0.09297229038903265,0.42390628100717304,-0.1636789108117292,0.6375920553881359,0.48510810350539746,0.019846043356935128,1.0436323214223118,-0.45114515481642653,0.3938824899466769,-0.49255160605817006,0.7534276531560011,0.5231482956497587,0.4025544079292927,-0.006467784772333006,-0.24440207410862036,-0.1976776372924982,-0.7314991784175267,0.287418377340207,1.3160319231620938,-0.5868578662435228,0.275976771951083,-0.26519559197131587,-0.14243812634647335,-0.08931965523994125,0
-0.7268620180676143,0.8800207680305565,-0.6311656717981897,0.9746266673604582,-0.5371818178503981,-0.10306822480039753,0.3602953219007328,0.20392562241186116,-0.12102248499136352,1.395842722017192,0.4176763679750482,-1.493668025415985,0.37353482911295993,-0.9624358556346404,0.5257760830835377,0.4853943703405635,0.672935550010861,0.35807432529379857,0.2398492546709073,0.0983886110309856,-0.08190785275150998,-0.13284513863320738,-0.35651519939645027,-0.07775378596230002,-0.15336713586144526,0.07807551859887459,1.884480553052158,-0.24894025830770336,-0.02631375382024064,0.7288087527768085,0
-0.9625152920624287,0.979582656743399,-0.576333366583017,0.5377856594630213,-1.7669960724793574,-0.04492352256783282,-0.256568799495981,0.3533372852660522,-0.1699562997166457,2.143319577182768,0.04546399522752792,-0.49139168875720896,0.9701924382231026,-1.31084576675884,0.9242611094666067,1.916105325622138,-0.2247602513029794,0.6596903439993775,-0.07801548140947288,0.4644863262781426,-0.3203100053896755,-0.14246319884144124,-0.2121306983833203,-0.0072924629047010575,0.7481706255220928,0.7795653928929458,-2.060970817247304,-0.11592199679055698,-0.028329695679591798,-0.40101466654172824,0
1.0901270695376235,0.05224376263163491,-0.19614254110912913,-0.1298614811140416,-1.4250039348299186,1.4049153896539057,2.0297581499985893,0.538361255120882,0.12156418387570495,0.2531151022450852,0.35164788089961757,-0.7467988719283188,0.5941023396624067,-0.12111015063322644,1.2515035247269755,0.9336021884467166,0.23656194307136913,0.2981384597838364,0.36155913239202947,-0.3164052968089497,0.05371570293453462,0.08023324332762423,1.002828192775104,0.13732797349225134,1.470668112103349,-1.0829718434758868,-0.4455902821563854,0.21504751704270575,0.4702463103658812,0.8602705564075522,0
-2.315529634852458,-0.31925322267605083,0.10543046082579349,0.6922780944238279,-1.217603404229215,0.19878114089922896,0.3439983437067956,0.46059322080773146,-0.002461548684770329,0.7919835473190688,0.8206344198070239,-0.53985619273737,0.7436862443335536,-0.7562573468681512,0.7572155369007518,-0.8346946064846454,0.7792101962143141,0.22458715790539996,0.4604157413281187,-0.00561646737675791,0.28867834659436176,-0.1918378109040661,-0.5338922842398102,-0.1283993533020211,-0.9470331817835451,0.009316004012063938,0.6852655389745933,0.47692636718496156,0.6435948928835319,-1.197700719412482,0
0.5626350590384528,-0.4591534298182217,0.4002056034809032,-0.19944636136573865,-1.5015122682411315,0.36903694433351264,-0.2049847944347311,0.6488336635004553,0.03911128487003567,0.5642855103493346,1.2315006187277877,-0.18162834481544898,1.5685805795728065,0.2120997840731106,1.3217109623398644,-0.8209428132866261,0.21464485183495746,0.3189332979858272,0.2655142913909426,-0.3096155038241106,0.3866538525506418,-0.0368478280261616,0.7810525587352425,-0.07346365923189191,1.5012576548682888,-0.09282785465744463,-0.03986631859197519,-0.16175654126552316,-0.622637915642839,-0.7054917869300825,0
1.0915039216051867,-0.17849235202708622,0.09087430192368992,-0.3157538998466108,0.2965440379651805,2.123887532867487,-1.4439591329631256,-0.7323063899931345,-0.5629829856907537,-0.10545211455690318,-0.3022692532467901,-0.06752830010615749,-0.45057940021262277,-1.3908272521006013,-0.5166194890411954,-0.201638581937958,-0.5770435685667519,-0.2095593276388044,-0.39569410677344513,0.03554846990323343,0.411376155262086,-0.3930331330905273,-0.29315987352898537,-3.929784601289973,1.44321157123466,-2.236425097232547,-1.4516340973502164,0.7854704986940707,0.9734386035838044,-0.9581691977178104,1
-0.6086768999183787,-0.05925075026141089,-0.06978568909344282,1.5970874195737308,-0.7384271831800573,0.26204997816850556,-0.2575032578369864,0.7083891955683238,-0.1785557316491637,0.21784700585464883,0.26333268863503634,-0.5991681105398594,0.43265367362829543,-0.4086080446166308,0.4766443846452066,0.5464449005382208,0.7839854319250384,0.38751043257095935,0.1351642669662522,-0.8966571874846335,-0.2244454078717143,-0.14805779846771888,-0.5809907614133314,-0.0665618797568903,1.2912202264612618,-0.4483363453645452,-0.18690744613116608,-0.2940621955740493,0.20209333195574414,-0.9620665540978698,0
-1.261711129332675,0.8704518727071399,-0.3903082299212627,0.6794350250827714,-0.08400107294006148,0.1593313866687955,0.5157513099911051,0.35842296155020825,-0.1006372762546118,0.6286247999568343,0.6044311554037992,-0.11438736448961277,0.8020555326176981,-1.6977852426557143,0.9772254608957383,-0.6431429337828667,0.19941834622526605,0.4489272645524514,0.11496613860892611,-0.27851940741880177,-0.36157150406883876,-0.11099034514629004,-0.11474841941944351,-0.09143490992155673,-0.06154391703380429,0.8379268086353369,-0.7252049864010952,-0.16786467299997943,-0.060604452416876405,-0.07649996076695763,0
0.8085589380374391,-0.18977618260812498,0.19940966121451265,-0.234618456646359,-1.0048892237857148,0.6872940304610582,0.04781226811830051,0.6929295247419948,-0.03738063222596945,0.1452746753735134,0.4876163305944839,-0.25020039919337134,1.5354749612183813,0.961238719476103,0.4339376550662427,-1.3878745814292537,0.5104845244573768,0.5887828800968529,0.5201334410528506,-0.19149596446415634,-0.13126208508759243,-0.015536218956342288,0.5603593383268012,-0.17397911369570768,0.392987820765272,-0.5014724321300164,0.8685538596663523,-0.8186915127424251,-0.8588000369272165,-0.2051615237931006,0
0.05494593748736448,-0.037083533273285174,-0.10595607687643531,0.8102241371964565,0.320056555069382,-0.4584734612709749,1.4040536044659249,-0.009800749465000222,-1.081961979281356,0.5852599909289523,-0.07309813909357868,-0.8829356013476604,1.3774389601160577,-0.039676788660384925,0.08031199970566129,-0.48733832728588367,0.25619170560063653,1.4385564826102957,0.8064410349766427,0.47690224461142483,1.1719842448831288,-1.0682643440847206,1.2292179608295255,0.2930082815825401,1.2957558928746549,0.8442859661697392,0.13981864354184206,0.18777869005887077,0.5161795051135781,1.3729159720937167,1
-0.3953756081504567,-0.2054899159796901,-0.7525334226989304,1.063413443854581,-0.467372841205203,-0.12751361971983446,0.35801238398616714,1.0367856294934856,-0.15391408127991174,0.26740108038237226,0.3017539117366002,-0.674016112758751,0.010344499529073651,-2.0134006173027665,1.108893746175937,2.356400784240059,0.17592581717136474,0.6308852941601778,0.16901481620650002,0.24686907717206213,0.7717955436392034,0.06317267898306317,0.2123608694698198,0.9140522409503185,0.7402179552170084,-0.44105755609244174,2.2145576206749116,-0.3201629144629629,0.21111123261609713,1.4928921503782149,0
1.3992421899491283,-0.23582168503396536,-0.09167754131872458,0.5797147097328442,-0.3866581324363232,0.2002012616435633,0.17696157916816596,0.6745207143707139,-0.11086643048334212,0.19702134784754502,0.2401108607446951,-0.785271447502351,0.8437272544423855,1.264790572283867,0.16017456327144095,0.7790314395711788,0.4982905086531507,0.8111541371467941,0.4231407543749466,0.30099492074265716,0.006800303671415784,-0.13435733759143462,-0.21302762598035202,-0.1514838781937102,-0.24414920923433445,1.0362768653584136,1.0274637038868466,-0.3353547455632235,-0.06660764327838026,0.9417775105245401,0
-0.17467655534813512,0.03841276371103317,-0.20291554136878814,1.427165711193216,-1.302653195591872,0.21341904976373005,0.11124199501596918,0.5564867769093821,-0.12656981023566188,0.5230165365312521,0.30818478951141565,-0.6930982095285332,0.5879469307056346,-0.04130228532217794,0.6104768022585753,0.8424865637250465,0.6647053937676001,0.2937113975784184,-0.14538038307903386,-1.201515031063104,-0.10041831016979764,-0.11450535659822006,-0.17557476769175023,-0.018921185744289346,0.18334865441290324,-0.5774916101240611,1.422709813730034,0.009201947493826714,0.06322447947129915,-0.3614735541583746,0
-0.2864701051668818,0.8686005431159612,-0.8293622043266841,0.9581588189513152,-0.896113040783858,-0.19914040166397237,0.31806570300346404,0.12567263015538477,-0.12038663511857939,0.32343452184388644,0.8196175926041116,-0.7187558782015598,0.029995786721678488,-1.0020954439425989,0.5858862341125645,1.7962671037095028,1.4796961347027653,0.5621274082584813,-0.34455312517636183,-0.2818146864527974,0.09941053049221849,0.01920693160914373,0.3617738874604892,-0.07777079907063587,0.09878320138903422,0.08274816160676841,-0.45957000471691445,-0.16938813077475884,0.01894056661188113,0.964135060068253,0
-0.6886828298947177,0.28584513642083054,-0.05327736501252355,0.5505963670875414,-0.27990442227388235,0.46944839338834293,0.12069512760052879,0.745683250659717,-0.17102369573853748,0.03944307283018205,0.7343788460099391,-0.10279173116009235,1.0602751349474524,0.21343664032446288,1.0024022496733782,-0.07578886440103935,0.2816796719151144,0.2618921819746979,0.5964856276242075,0.38993559229663344,-0.015104412758882009,-0.026825013849619245,0.5425618335055096,-0.08070225951999334,0.020152743537529466,-1.081413087102608,-0.9285228719381537,0.296197696585415,0.37913176727827086,-1.2316569034375708,0
-0.12384185154775891,-1.0910571203500208,0.37168405785900516,-0.8304731735769663,0.7750320708607866,-0.971173084355376,-0.5254027183848665,-0.8000317222930352,0.6586290562766036,-0.8377240147811296,-0.8874052399881657,0.42390304134230067,-0.9227020073814032,0.6205608000594302,-0.73315278127552,0.1839339078292838,-1.2462239403747968,-1.272594403440227,-1.3534453009826042,1.525609671482792,-0.7244447061893557,0.37025606772945285,-0.06185791072487148,-0.7584545931639729,0.7230229056171227,-1.557900275731696,-1.4030460169314622,-0.8783971562963508,0.7885696417616039,0.890435928878094,1
0.7750020208694772,1.6528815804850054,-0.4114216927794879,-0.16169669545114082,-0.571430277627689,0.5109072990646818,-0.19067017131609768,0.6814502869448812,-0.242972933156766,0.27400013166003534,0.7302912453258663,-0.1919231873751786,1.2619035124275184,0.35625021785280364,1.1760017429535252,-0.5144730320724554,0.37649354363643933,0.21669924025908543,0.22458762610916308,0.13121718348936942,-0.16514585335338883,-0.021990672641760942,0.3929830847567468,-0.14840978594717644,-0.7167147130442931,0.42980446571199943,1.509376002627613,-0.33287712258639524,-0.24902770267938937,0.5568199977355414,0
0.37360578265218586,-0.9208904811416878,0.9266105064530653,-0.9137593408606791,1.536034482751128,-0.4687033142458159,-0.44068008982860857,-0.7792383839585414,0.5546513047566357,-1.295889274911144,-1.0549597747805253,1.5898566963204688,-1.4044225461832998,2.5526588178131417,-1.3167811835206615,-0.23344319234065106,-1.084009288118181,-0.9923643618579214,-0.5821519732927882,1.209706360503938,0.12458048818145759,0.3497363523044425,0.3195266337334352,-0.12728619760329687,-0.9102745596719932,-0.36080862148421805,0.8928358165292211,-0.2997786939912755,-0.9893683581707399,-1.6230553716641472,1
1.4311756596359784,0.2025704410815659,-0.15097755318302813,0.6527844495229038,-0.955686081009172,0.39941094043572684,0.03731929649029283,0.7306868420209375,-0.1525380896253861,0.3045104948772385,0.46910767338242576,-0.1289702612553798,1.1078463301847634,-0.32019592698498545,0.8409174528583709,-1.0184043790078128,0.4496043671368222,0.2550242464921269,0.08705055195868454,-0.13888673259353393,-0.14257284883559437,-0.16094778622529468,-0.4133338585773474,0.03468276524151715,-0.022325947292046237,-0.8967710343079691,0.2331921504934596,0.07044464956683302,0.1092859275832772,-0.6680501138341429,0
0.8500305853447663,-0.8857486400028093,0.3452149640314762,-0.5084094564978141,-0.41648701815150807,0.11308863984549081,0.8094844824451449,-0.6117812566749987,-1.5087008592022737,0.588635504879489,-0.1278650157527164,0.28485411021846535,-0.16938763842072668,-0.6155324671379505,-0.5303216739309031,-1.6079574697429668,-0.2916929196941101,-0.35915507890483217,-0.17639888536951884,-0.0090451480746198,-3.17736438262789,2.6810948055864277,-2.1460180330579917,0.42343454611302106,0.1201409167920394,0.39572031168168675,1.0672236299844087,-0.005204428438676181,0.6883330691627317,-1.197700719412482,1
-0.7036827969293288,0.06360570240328636,-0.2784192463752477,0.7359754334007806,-1.2703174874945224,0.25815874369036945,0.8128427964642864,0.7689716619005974,-0.1498629360978839,-0.44843949095934776,0.773717477656893,-0.39601279849444915,0.5200330717138774,0.2358262804727078,0.8350660803013683,0.03861001594289558,-0.12821119963276853,0.30031898940642177,1.1493873712636133,-0.32674491454575894,-0.5346873461920596,-0.33311803939018414,-1.2584871785231,-0.005065093950502153,-1.9239980085015815,-0.44823326783216805,0.3364899495716122,-0.25639481691008154,-0.07434542113461172,0.9673095366403697,0
1.1055512861716263,-1.0501380938551366,0.5808834044570407,0.008821119455743338,-1.0858302388549865,-0.3058138665640212,0.20350289009071293,0.18975768565714454,-0.01848873527935801,3.3904767690535946,3.6241017549092445,-1.3796445879784822,0.5401625761145427,-0.40492679783661206,0.2701337175192571,0.7186871438939094,0.37537539171834805,0.3814936082436957,0.2539572561762339,-0.27157463644393465,-0.021235967101615814,-0.0494225821895819,0.6264104452205447,-0.017532252663687097,-0.015898570995126978,-0.04498747557293324,0.6349777005367333,-2.6442150021629094,-0.8621608881181665,-0.559311510561764,0
-0.6659382624286555,0.885456421700995,-0.49312455455132087,0.7309303862191685,-0.29796335169669563,0.03772565949345366,0.37145284672464063,0.30610982159774647,-0.10941513950100076,0.8522370855996971,0.5676415366969061,-0.33012026462387134,0.5456645925417994,-1.9587290416305956,0.9069848962937966,-0.6123265747180351,0.5593232049149987,0.3376971820681121,0.37042477895674036,0.27253215023503613,-0.24137204855500008,-0.18692361863393733,-0.7218609176704968,-0.02216621033055216,-0.06887647651423308,0.3244955876362827,0.362625718475776,-0.23374410179927077,-0.05562484951810984,0.4747523878135839,0
-1.1225700234867928,0.3718516699753458,0.10095258434921567,-0.2330380396360903,0.5822144566418724,0.05529097148190157,0.10200596516202586,-0.1402504967931663,-0.0011099558959517752,-0.4785055702923772,-0.25016725335726436,0.5470235285040209,-0.6653596559706241,-1.254303411380141,-0.6905170259871485,0.13648795096311603,-0.14915345788828915,-0.5541384496088957,0.08489532160615929,-0.3244975961456445,0.21740839170611084,0.08167195754015584,-0.16884205935480817,-0.3130773882574562,-1.2920315324159002,1.2403641137990251,0.4455390172050045,0.43443744555275665,0.565579889716942,0.0765247654503253,1
-0.7666723625122618,0.9862930397206421,-0.35761280759961184,0.6498088151432991,-0.5451431542496838,0.08735368989393587,-0.17076970654794116,0.4477536170740949,-0.20873403427431345,0.45219161585199563,0.4963176254369918,-0.5775423232849599,1.0981791835802037,0.9969875125403956,0.6770715878922186,0.998828859462624,0.5606511150581291,0.3141995710404154,-0.12702814070419877,-0.15319575223986545,-0.07397812979666418,-0.164318363701348,-0.5396564936684727,0.04134929766386355,0.8912187180363961,0.21595415803037804,1.5239755901405214,-0.27588912238947255,-0.04686668839292869,0.08940613322285582,0
-0.9416867756507291,-1.919034411887463,1.629720269671206,-1.7373447492775695,1.743004500798641,-2.2326933612619113,-0.6474291605290414,-2.0270332590583284,1.211898627061852,-2.531884334180041,-1.982242945330294,0.9730339332271742,-1.3795167653510647,1.5960436048670046,-0.9194446378832656,0.13179778989684904,-1.74574328384457,-2.0277760706118766,-2.1279203875470167,2.0604622204488408,-0.6269615153336837,0.12732940336664297,0.48406081269150797,-0.4519185668488176,1.4994454463979223,-0.4482002848264894,-0.11369741959737201,-2.336262844568084,-1.9579839107218342,0.5763154199984334,1
-0.17354325349468497,0.06498563568456354,-0.03565458715800544,1.4160515661814503,-0.5293567736965091,0.21817292751764042,-0.1886971713347814,0.6821501131894345,-0.17537859706835865,0.17130341911208458,0.36517702789451445,-0.43063665875501417,0.8454505250233669,0.7888134429357817,0.3894322116869969,0.8593009314898445,0.5896485035442669,0.44237805335752894,0.08736841982632859,-0.40349680901529483,0.05031576474084923,-0.17361605690627116,-0.5156671952220858,-0.023672600340768204,1.3662703938224086,-0.3655769558178106,0.08549937338352372,0.07770652077707868,0.14242975567603558,-0.8704995652033953,0
-0.416229949816861,0.19590824330419393,-1.8306924073245097,0.5923950664196304,-1.285697792804346,-0.46000406887790396,0.09472635554815767,0.3668221021703649,-0.19425005799850031,1.246324520851275,0.257540182807555,-0.9380343869276727,1.0899163909540133,0.0246992710862109,0.46992035370456897,0.2612650028836458,-0.4556993617320942,0.679781803191999,1.1762671028957927,-0.16970466223916988,0.7154255514421405,-0.12379967029436922,-0.9106097484921573,-0.46513704928931077,1.5470435559204538,-0.0725879475748376,-0.6192882530312595,-0.24558757064312275,0.2506083745997924,1.6968821427302805,0
-0.7858666179827309,0.3886225274561393,0.03253118726678768,-0.158954008715649,0.1478151938768065,-0.1215937803392625,-0.5344475783117066,-0.09810722278215339,-0.07092574457719238,-0.22176083898500085,-0.3918300613582564,0.5506336617235555,-0.4798732334823529,-0.10081527646933212,-0.6098786502219479,1.2432313218800624,-0.6322814846033123,-0.45734470410845646,-0.7841522376150124,-0.3951869242113694,0.20079585102053352,0.058117365202048694,-0.15869481099856544,-0.06688619466800635,0.8882288916316287,0.811430338647274,0.794900171571245,0.42035166686476444,0.5473921391242471,-1.2746217292062307,1
0.39526887015191114,-0.7830708533583923,0.3049302478455681,-0.4729793036674273,-0.1208381347295785,-0.4117609512365672,-0.3432191635146739,-0.4781301189147757,0.13367713716789414,1.2847981595759213,-0.5867391330354005,0.7952051677478371,-0.9157455710928809,-0.06294489621403716,-0.5021364302715263,-0.9298836402423827,-0.23018195309156156,-0.2975053183814621,0.4377734765855396,-0.21932569972363164,-1.2147640770523704,0.3782984776596919,0.03879733098763024,0.44809612189470577,-0.5164667859261983,0.12083187732272198,0.11702108808012157,-1.037709238076128,0.6635631840502435,-0.9081183585512969,1
1.002022329465482,1.6808093361077527,-0.44467034332679484,0.03949782074386266,-0.41778647857955326,0.17418174158150646,-0.34314310794129427,0.45129914949554606,-0.21169896999311222,1.0341055430254364,0.5925007109062171,-1.2194929522451863,0.26964598121184236,-1.4825973362755784,1.1440434022825314,1.0218542969090272,0.35175098883428557,0.2955402469345248,0.3701899343380023,-0.4092222747079182,-0.4334504037026505,-0.0036893876947354993,0.5925441313916345,-0.022527425231267564,0.042563963727991205,0.22975075689880659,-0.2419358660103272,-0.2251689080337414,-0.18921944048566375,-0.4071181158733481,0
-2.402329033922788,-0.4308108775741038,0.16666833546980694,-0.024861977695994207,0.6688496173481392,0.07373656863440473,-0.3510917865391881,-0.18942731000352753,0.1632658465825267,-0.7411128302416483,-0.23635955730591354,0.6614966032612872,-0.39124945729177374,-0.5233826889464627,-0.5204385687557793,0.3883225831825312,-0.0749749459353515,-0.21128523798349105,0.26915725694383047,0.10631537542703387,0.03102848177312447,0.09862587056181313,-0.07773873979902905,-0.4346190077261837,0.5951393996144138,-0.027692900170594607,0.34589928503691725,0.08917698422888261,-0.35078532657617517,-1.6230553716641472,1
-2.337950218328087,-0.19351313379921578,-0.06461681363348147,0.16282798276358207,-2.1788527702323703,1.1749254146492796,1.8639053543850304,0.32373539761824544,0.10238099431017211,0.45567297649979144,0.46732244279729585,-0.759705799180696,0.526838487096092,0.00026067016825921094,0.8050332922883058,0.6037368991486344,1.0783899940567558,0.14717846266838316,0.28187623182795746,-0.49761454291785784,-0.1414667007768999,-0.08430521486815776,-0.437935395912008,-0.035163565992355254,2.190985083736547,-0.22202955806846528,1.3637426364256116,-0.7712913713193796,-0.0074609622358418,-1.4228706267949651,0
-1.3898416031360121,0.9322262869685112,0.004114639530909775,0.2281418052908181,0.44968090632923857,0.4897534369979636,-0.20623322611961747,0.5385611743983288,-0.19959406623162526,0.7179687884030639,0.25841185933761185,-0.016984199513967325,-0.5580990535913902,0.39479843896940686,0.24211955934028345,-0.052158576492421,1.645361047633172,1.6336526597317265,1.345985327276346,-1.618379946557649,-0.27289259211237443,-0.2272129126988307,-0.768765784928786,-0.10351952239355829,0.03777031000949023,0.794721694557589,-0.07376212403280435,-0.21844741055331654,0.08210430278669949,-0.7753820640142839,1
-0.8849145448764173,0.8987216428596807,-0.5152800054770518,0.9857683429801677,-0.3683247451645751,0.07851978897271264,0.9355310243712815,0.16275671736686953,-0.052104219308622336,1.010700403949082,0.5261508903116144,-0.35989585410271513,1.009909310188692,-0.4714084582003821,0.5775140183658825,-0.16163645762439935,0.6475193645372455,0.29351096358869344,0.38239620753946796,-0.05801240087798923,-0.21713520664619207,-0.11349939195923651,-0.0878928761586271,-0.08110836149060191,-1.3216422385220032,0.2796937924220035,0.7437117192239894,-0.16838184871775452,-0.058256100743043014,-0.16653425074929873,0
1.5525562801087411,-0.5737152040243715,-0.21141207499351933,-0.6665585569307853,0.08150643505891214,-0.01690932545933683,-1.3013648774953215,-0.1272322052736839,0.08591507299228995,-0.31924309306944676,-0.7176503442965154,0.27552799644463416,-0.7646777667201063,-1.0262143956259997,-0.850778095752135,0.11272095592814248,-0.48824192218555357,-0.4872568324396347,-0.41876075034799254,-0.251440693180165,0.19652676397735136,0.12186475143608407,-0.27174641274073924,-0.4272009354492744,-0.35558982027947766,-0.5794691923311107,1.1596714843985974,0.8692474367088576,-0.5643436798182848,1.2547276773992908,1
0.6411058184392351,1.7316407703996375,-0.37043383226561705,-0.129085666466952,-0.5517933652114219,0.37866736250473165,-0.6088309067214006,0.6972009201510887,-0.26921904428318877,0.6211422382273457,0.5788636538135298,-0.9969051718565436,0.5853805530016252,-0.4570307734301526,1.2031830205698073,0.42009802889696973,0.12135488342516597,0.346446247925443,0.001546320289129749,-0.14128603366422843,-0.34315683743411857,-0.03267095910755758,0.41861095714215607,-0.07622473199461705,0.14944998110656305,0.5751592270471204,0.46541405679504916,-0.2838303454116659,-0.22260922619112058,-0.12680042340738681,0
1.1950969554173767,0.3119117314234704,0.3577870988613356,-0.6288334189962147,1.1817124622288526,-0.01902910874446252,-0.02901017098066758,-0.2554213269752503,0.05852773348700016,-1.0254514909598773,-0.024245915297772994,0.014088882831204469,-0.9238893214366295,-0.8317973176718112,-0.4588029622332187,-0.10231268168422467,-1.0394405937990339,-0.9317395948059984,-0.9837336292195873,1.1939409362017963,0.26446562491457054,0.29534891226092647,0.8629014616607291,0.019295040150150343,1.0416482661169646,-0.31989866494674335,1.220377721185708,0.19345352608119606,-0.07062570930464497,-1.2746217292062307,1
-2.3543768649898804,-0.26755396722792646,-0.4118330168156241,0.8225578583285436,-0.95614538690386,0.5555173369901195,0.19747180831309694,0.30971600106473923,0.012837825866448353,0.4153343743558695,0.3307601280947817,-0.843461714657519,0.4868219501774462,-1.2737357033670729,1.044099954223708,-0.7655744408495696,0.9438501305148754,0.22002332869124971,0.6632116088862862,0.16883698923179405,0.0383082231699146,-0.1266348022850682,-0.6200004473030711,-0.1997589071215472,-1.412933582166259,-0.29083834898210686,0.6733741770308276,-0.0032289321428280154,-0.17520276594766146,-1.197700719412482,0
-0.1942555197749656,-0.41885686561979113,0.27155495681391634,-0.29909967264213577,-0.5482463377782458,-0.48400488329153557,-0.006992515848119978,0.34726270571889006,-0.2304702235476936,0.562381767441352,-0.2858457856870971,0.4884754299283805,-0.5425645782881806,-0.8694548431800525,-0.5783623824070163,2.345772635997064,-0.8459585932580662,-0.48597449095051753,-0.7836480965911301,0.9569469903014992,-0.5845242781176455,0.0059685471900145885,-0.43197331212366513,0.23439665378226898,0.43823957021987725,-1.841900611191383,-2.678996835261051,-0.7684994099002379,0.6111136572114626,1.3563677287457765,1
-0.8694135686105662,0.6900675710860449,-0.836719625741948,1.3590836589520403,-0.3635943581478968,-0.14916848259650123,1.0760578565220253,0.08671885646219492,-0.024184172212870773,1.7384055496208781,0.38205045150145894,-0.4244754931460064,1.524944861812068,-0.6695740437009073,0.29399883825077927,-1.7105867539207984,0.2146276427298204,0.5670656994997221,0.08944697306082414,0.27833585407129696,0.006412685375785346,-0.09354073357288303,0.06923941227315007,-0.1687043054574333,-0.3658546392432777,0.12041287003662894,2.073297033253655,-0.20351340477098578,-0.025871944009285094,0.9780638492317069,0
-0.5352744334072976,0.03394824236631402,0.23629550548764403,-0.6075491907261186,0.7506955216082972,-0.6477834668883012,0.4518981503105755,-0.6512769444790851,-0.29752496317367905,-0.20878989638398907,-0.5224656352287168,0.8129893958456489,-0.6379419435799318,-1.8898428261316251,-0.591823915333788,0.1959550976975593,-0.9508609363158183,-0.690478493025481,-0.7429405133367564,1.4480430856738422,0.5629391760843429,-0.30241424252651256,0.378675018491262,1.1303784524792206,-0.0576905214838992,-2.805031629912535,-1.2590674977345988,0.3168111918640858,-0.06432059794251964,0.9190366555574208,1
-1.1326838344157555,0.48856843305410663,0.06246665102832714,-0.12674364793580323,0.4803120184440582,0.3071347715910622,0.47751255332100956,0.013373336867656184,-0.03184884015212295,-0.46239546879400134,-0.0884991007719176,0.5335291884677846,-0.24400525545472698,0.6324516476467057,-0.582250243962128,0.2010033500794881,0.06108150017609677,-0.27581570610929723,0.06745990089451852,-0.8082992862522957,0.19331844920339009,0.047115653799315746,0.04641433254114344,-0.30238248804483897,-1.7031998099964907,1.1758261851965752,0.47052171473252624,0.2726005779876816,0.41057701489378656,0.07805837524246087,1
0.6125085918945332,1.6804333464092032,-0.7348537055847073,0.16631799310790274,-0.8762586082255308,0.1482467960057515,0.810580289340678,0.15787261593885832,-0.12134919795370835,0.22342368877132046,1.0529936688107762,-0.624821606127918,1.314947959015928,1.5136832377415914,0.5079460559796685,-0.3852374024570903,0.12674361760422673,0.1467636296382845,1.748180920111517,-0.39114715424338803,-0.4754530427867208,-0.31160531575985306,-1.0672594168408551,0.29204047824624024,-0.7082490992820857,-0.8815060207377996,-0.13491325710341603,-0.1959634690227914,-0.14382136459053496,0.5635622661451924,0
0.6457142164347109,-0.538725282150935,-0.6204327105967564,3.161520297114986,0.9059659156254289,0.21048187531018583,1.5344806249938103,0.0635011544405538,-0.24553367260958006,0.7650323522834583,1.8761515466741738,-1.0107493000339263,0.208782334241794,-1.5461218370852694,0.14563848771054322,-1.2335933874872826,0.4301942004404319,0.5052334706078652,1.208996717369496,1.410674757603217,-1.6027599634003729,0.07168617505486463,0.5313058301595722,0.6551679754951741,-0.5870265173493846,0.4292947386448274,1.258695288805441,-0.482225800038362,-0.27170491031393623,-0.5713750692741244,0
-0.951869750907797,-1.2185840263445602,1.1209543795404011,-1.299084568794727,1.2614579942283335,-1.3929063718839834,-1.8082783356378453,-1.490097622626165,1.239944824932792,-1.7790904050336722,-1.8489823371085743,1.6720694356692758,-1.627249918833681,0.8365915134300926,-1.7690635343266314,1.7968855702598232,-1.9055290818301018,-2.0311627184390155,-1.960397997595106,2.4086719682787727,0.38748055320467095,0.6677313844379794,-0.2827146316850465,-0.03003045064552603,0.7681236961820259,-0.12466777579796107,1.0067520497039708,0.74545941592056,0.07024344420191986,0.30224647969414664,1
0.9327903565443962,1.9457340972359392,-0.8941938284745337,0.10199601392942448,-1.6499987275102823,0.0043848345580316805,0.4188653516079501,0.10604480359986629,-0.19062955812558388,-0.19278496973491108,1.3849885848600516,-1.58365938368314,0.49867992724393967,2.3254616764763187,0.2632175845892164,-0.26402624086956017,0.25073658722646086,0.43864060427438056,0.28763412613813216,-0.1486159820412561,-0.3420647639334952,-0.15603848340291135,-0.02796339210677976,0.11751066327049482,0.08343878519904728,-0.21363642315593628,-0.3907115304175859,-0.16721344465333146,-0.14999645408460122,0.21038923218830902,0
0.8991085897445034,1.8566827500532277,-0.7489605671954932,0.03143118656766194,-1.1476592293748655,0.08447281388500569,0.14371884495870116,0.216467190989513,-0.18368120796187096,0.4853886762032796,0.9611513930064818,-2.032195897344724,-0.015228022603213423,-0.7044070090405979,0.5896563229600259,0.09327290728500227,1.4075368483506825,0.39988874408893965,-0.239854727733759,0.5569872989867111,-0.14442439940263274,-0.0436347245125736,0.23897293466412842,-0.016552707728097367,-1.6352096664860825,-0.03324755735626848,-0.22352863033553774,-0.22092274122991098,-0.20095624738417686,0.21038923218830902,0
-0.11659380817165692,0.576494993200422,-0.8827745833557571,0.7203246269188133,-0.5103602140046803,-0.05871575212504605,0.674101557931199,0.2759859344368596,-0.11554768516883991,0.9105512685163745,0.4762046446832254,-0.3579402213544242,1.0810071108650854,0.22482875378064487,0.5681443701634592,0.07008561992447034,1.0593266900911296,0.19206737157041373,0.8228709425913601,0.14370812284184792,0.4254504192124493,0.00032402607144531813,0.08606052631562704,-0.38243394525741997,-0.7462487147601861,0.20057175268590513,2.045736511902501,-0.28902749254551385,0.02725808134300571,1.3365296243720959,0
1.2081329881570175,-0.22821061094359518,-0.40638932935336375,-0.26639183540173317,0.3229352105983072,2.677134616485888,-1.5265620452214321,0.36392006358889223,-0.15047065914336613,-0.022019884552165882,-0.2062386182434989,0.5636256259066899,0.28566758873804826,-0.6779001523264591,-0.8561441825728481,-0.19604861286866665,1.5059299166914286,3.668755230470095,3.794879622022301,-0.335755959716665,0.5433042204950355,-0.10456521323353424,-0.5388763780747032,0.02833897584288569,-1.0353326127995364,0.4945668083275923,-0.8307690519525126,-0.1807819772839777,0.23065856714525332,-1.197700719412482,1
1.1955386218199182,1.4203274396878118,-0.687744254102515,-0.14860416912563856,-0.34151224296146904,1.191525209482002,2.3626453802687393,0.18575365521841974,0.07033960210738502,1.205979658921687,0.5820804116846189,-1.0702182343611912,0.9550216011214688,-0.3318862418557266,0.5813287904578593,-0.9661595088098808,0.05222250442034714,0.3941208791462477,0.12164366121342199,-0.4528776383032972,-0.13749121501048298,0.021027065955546435,0.8497353569833559,-0.16527281344203684,1.5536424036418477,0.6710665240744325,-0.5226307263644225,-0.1427197832830871,-0.15062875047178065,0.8228067206960794,0
0.20272392916998827,-0.684641621835386,1.0209157030342608,-1.08627728199463,1.560040511704095,-0.7801366889283597,-1.6325974292774772,-1.0462976857319737,0.382661638517461,-1.5351441648169963,-1.6854930444493146,1.8643927894136005,-1.9863027287503638,-0.8702276668358798,-1.796168978818077,-2.1545142905722607,-1.9407804095798262,-2.1090271135770786,-2.0405863687344046,-0.09716451648289917,0.8865934542948677,0.6008116677472956,0.022111731275371044,-0.09294612798054741,0.739586847410042,0.4264700411079868,0.1852577845742385,2.34909098940608,2.119403760356684,0.7343556788368283,1
0.764818088331475,1.3194634935110365,-0.9849721098181216,0.005302971477507341,-0.8266074203649567,0.09236449171871683,0.567806050603779,0.30713044336249695,-0.15773400305365806,0.34021587364350026,0.875267059384152,-0.4996601900671627,1.1114936567992018,0.5028136575556946,0.7531236884120794,-0.3089976288428977,-0.14428213914788382,0.2290428824729363,2.0798256431602185,-0.4686876475975185,-0.17414229446315582,-0.16225083526794218,-0.4899754762892133,-0.06104885976516076,0.05897268217442572,-0.2525515995500869,-1.6864512528712798,-0.19024616391260868,-0.07352654951377939,1.2693193655602681,0
1.3863524329872294,1.5561498784441627,-1.0117388225692756,0.20536882524300024,-1.3744702771566852,-0.14555203214992435,0.2754270505575685,0.12432358925466247,-0.15398202132566588,0.9182493664679887,0.7265050916140288,-1.364040287661421,0.4563963708383929,-0.059020658129514576,0.5379821310917007,0.9632078619707607,-0.16204755500510826,0.3838620943685246,1.5544370712213038,-0.8296272709652105,-0.4362749561698531,-0.10840408662271417,0.13730124781070466,0.08394994701304427,1.4380114013994223,-0.6697991493755873,1.4594349583316863,-0.2305285526173513,-0.11571052938748622,0.9665709663172546,0
0.8105416911531366,0.25979000592367646,-0.07705500823333829,0.43598678353795256,-0.8019214501851961,0.5165722589181286,-0.15582199534888538,0.8448556623819037,-0.2186001458154364,0.34140433368707296,0.4386199616424071,-1.0334478180800295,1.0061149397244094,1.2405243248498192,0.7248629526392816,0.3682246901195248,0.15890495766321666,0.2662513741026924,0.24325065510166824,-0.2349857714888088,-0.04455638141576054,0.051280682523299384,1.245849710829892,-0.1755310942246918,-0.0453072119039765,-1.1672483425389186,-0.4835267465698288,0.39908202634861367,0.603772921783094,-1.2815318590667526,0
-0.8469268643798824,-0.25360993722522424,-1.0809299783465087,0.6849343922348832,-1.2736534818156195,-0.3882847161803256,0.4252207929557509,1.6709658619810575,-0.22470082666306962,-0.30040251758782227,0.35499545149158607,-1.1138073850418824,0.16686494503608276,-0.20282046654664207,0.7283949623162832,0.23823584609911835,0.004548226533348315,0.31710405289336285,1.1960464064826815,-1.4757314426047847,0.7832009110887116,-0.10889440946202604,-0.90393982183595,1.8129476212423061,0.510745193405284,-0.714761429267324,1.0992988380839732,-0.38192826753810644,0.3240003110743965,1.6906409921738372,0
1.0431524208949536,1.635580342589203,-0.4415217959784562,0.1284517095707262,-0.44505847963125444,0.18319593572511197,-0.07025042436393007,0.4180529029924706,-0.18231224979277014,0.6716335804969216,0.6797060730009888,-0.08046898794288201,1.3005740599935984,-0.41263284367707825,0.9622032722023103,-0.645975032301073,0.48040167130634465,0.27505684835994465,0.07814791100437828,0.09620368144137334,-0.33466443133792434,-0.17456274619600565,-0.5434845664116924,0.28701008171639125,0.09385437132322175,-0.6183717119487023,0.3387810655717725,-0.27074943427996706,-0.20719198617222973,-1.2316569034375708,0
0.8542571745970043,1.5395000794276341,-0.3314964203423874,0.2968983009798145,0.6388898254057138,0.34792825632840485,0.8810678731415672,0.2979878141791701,-0.09770171382576658,0.4388705773146275,1.2690308757800368,-2.343141356943054,0.16248839779115704,-1.3347573098981649,0.5908401642023362,-1.5764239490175174,0.7676916571950457,0.29895485296691476,0.12979775313223751,-1.2719222333655142,-0.47157820984284066,-0.06984246876040574,0.23210323434251634,0.05386099466549448,0.7220847835558718,0.06311645745487288,0.2455847884648635,-0.20749359351729385,-0.16030116869984626,-1.0626922041712403,0
-0.08757801280367358,0.0011921471208062543,-0.12043394493935337,1.39653292149885,-0.23087691866500218,0.3284438160472078,0.1863339332886759,0.7517210114668695,-0.1973214358229403,0.30659632976347334,0.6852554288636706,-0.5341530061886018,0.3995891127465399,-0.5255458604513065,0.7437655030952384,1.5656790119747326,0.05992035485009282,0.45342206620189573,0.0436391099864669,-0.270546524460446,-0.0058648475114114265,-0.049297050587713845,0.5247394340202199,-0.009671691494653838,0.7555495591463659,-0.5801996089184915,-0.7621251467485629,-0.02243195552615792,-0.10731075914281737,0.190683634537507,0
-1.284907724078763,-2.4758367468319076,2.99250779836847,-2.3944569378860554,1.2216284110039142,-3.0207013815627284,-2.636076035540418,-2.2069751250872662,5.350961523394469,-1.013903598771538,-1.1244503217317967,0.8611621094712165,-0.831027636381283,1.3614869677068147,-0.611386116962092,-0.17618493623102222,-1.0187298061599446,-1.244075785605121,-1.3454267563907223,0.2519383494469763,1.364399809167763,0.5417492381355854,-1.7901667075017247,-1.1534421074386765,0.3119304150642102,3.803212179676864,-0.4670938413791556,1.3939595574049775,0.6918201010288431,0.8602705564075522,1
-0.719262542497035,-1.220591343276151,1.2674957695925548,-1.3116061204593519,0.7157904008279471,-1.2067672397223688,-1.4819306168866355,-0.9385117283744999,1.3449650022932267,-0.634168343234002,-0.8850694078787145,0.588315470140852,-0.9674444492784907,-0.6208473003755629,-1.0014483404115035,1.0241586732622943,-0.8748199198799781,-0.8380257335450104,-0.7817197496285879,0.2796385158934135,0.6391631631643196,0.23846754034093331,-0.631267930592241,0.1575892789502605,-0.13767449317625258,0.7252080732197069,-0.5735145977448683,1.269102215524276,0.4045500010687431,0.8602705564075522,1
-1.3295396626595561,-2.2130226948485014,2.543073679180315,-2.17006690817521,1.1776505939406532,-2.6058735965687365,-2.384403939782599,-1.9710632418543859,4.17919999600457,-1.0861290519788427,-1.2172467874537658,1.123365205704001,-1.032925192796172,0.7071607664724646,-0.9406886763047391,-0.08609976316664908,-1.197534491263305,-1.380178021364131,-1.3849719288400089,0.5244833805600515,1.299628291156333,0.5285475291108754,-1.4286981050923808,-0.9210968062192127,0.2516476271312132,2.828481070795024,-0.4928435751383242,1.6975304514079734,0.83381768410661,0.8602705564075522,1
1.3335114091281501,0.1532739348012462,-0.3506626470767115,0.16237092047215165,-0.8252436577133131,0.5618859942466847,0.1868277644169683,0.9488976674590205,-0.19065597775331625,0.5841677655720073,0.04284441151146698,-1.0832344996822243,0.9185409068591508,1.1176238273422563,-0.002625108087091701,-0.7036736472954557,0.49361050673223245,0.6781227245214626,0.4156756109598886,-0.2644198491985633,0.2803406471271781,-0.09890237637361615,-0.25313538167209293,0.4239832428393252,0.6761913403576232,-0.7316359511037345,-0.5538651817383642,-0.17092423656829578,0.15497586693643534,1.1383985018361997,1
-0.9382572673359539,-0.39792016634222405,-0.06952750558362954,-0.2661629066084852,-0.055660083346434755,-0.7154791930801494,0.8406160389817591,1.0207151998423618,-0.10670803166060144,-0.6218722755542163,-0.5196518231370388,0.9637414284164826,-0.3854855735574521,0.49170854090931193,-0.5659894818286433,0.7493462983709681,-0.5734496156076178,-0.4957452218120571,-0.675238305723917,0.7516921670219833,0.5149871858211958,-0.03432299272262021,-0.7656916529312664,0.566721031257793,0.1530169336768638,-0.3791562998542324,1.0255601387617899,0.27811981062363456,-0.48084206155484793,1.742945148737465,1
0.011107973053740628,-0.1156540904183255,0.5353045920067316,-0.7945554975635545,0.8859718269513913,-0.35684785900593646,-0.8848048895367644,-0.6920310078597927,0.15088886717699274,-1.2403727751009934,-1.168014583435706,1.5887067206054106,-1.2913180933088035,-0.2571746933056499,-1.5913614911981748,-0.17816082980830616,-1.222186843729826,-1.3990962608002224,-1.1446048474559933,0.5454996732077536,0.8981376334900307,0.2894908161566098,-0.476600089620656,-0.3146984902053552,-0.7275194607305154,1.4160428410536272,2.132701485004671,1.5707832861482138,1.4974617503335013,-1.6230553716641472,1
-0.511439924389162,0.13213493679948243,-2.0673122505163217,0.13101541570462144,-0.9860501325544673,-0.2714028694730152,0.5763023250901793,0.4697335672420736,-0.18454183960481302,-0.47080097659502246,1.159888394839915,-0.16365017447537228,0.2905732773414478,-0.3878763851493233,0.7456160544726933,-0.6356179148832937,0.041004698143985385,0.7380210647222476,0.35386726987052064,-0.352816026062474,1.0502538368830423,0.04123937220469307,-0.4106013377855741,-0.7394256274858506,-0.5279664676478872,0.3387669457972141,-0.2693528924159096,-0.33081061833490594,0.21650012576815472,1.7738701392143967,0
-0.7735247599690028,-0.026638142420036228,-0.33258140264114894,1.193003851636035,-0.5147410311874997,0.9133655893921789,0.548199735950142,0.6124243368999753,-0.14368426274888713,0.32399323914710043,0.4560871890151738,-0.31713920138813123,1.412226391886554,0.42690735948677844,0.5291845636154102,-1.45067607995201,0.2741556687564066,0.22478658651392178,0.13436571796874935,-0.5871333127211159,-0.07068462017647187,-0.06740736455642267,0.26592218445149296,-0.1386984253421292,-1.1058616562234627,-0.6125800337868214,-1.372494612013587,-0.17264846127238762,-0.1551950436483298,-0.5639182443015484,0
-0.6044099518622715,-1.120525155752805,0.41388815591101197,-1.032053762553223,0.9422702862573814,-0.8502038461063467,-0.07247037921174017,-0.9660661409085333,0.008319077007364914,-1.0428160478500177,-1.2116793126816217,1.2787194923827294,-1.210260343384427,-1.4735755505870198,-1.2315195482067327,0.10849025126524825,-1.3602585579116029,-1.3722826640699712,-1.2669001784183884,1.4731724275436728,-0.2105213066631415,-0.19803793041215145,0.47977302070615646,0.7368361146951522,-0.9797102528916589,0.21837359728577957,-0.25287193145432363,1.2324389100963995,0.14078168926032092,0.9795681874394434,1
-0.37964909070511105,-0.9049153965110458,0.6955433516962526,-0.24056687432390036,-0.8261030429174182,-0.3318918425590196,0.18278594871397486,-0.08962527298301523,0.5484481399715876,0.833910160777029,1.2450120734482224,-2.0291282637126113,1.0136372662267736,0.006977332417308833,1.8860862485063956,1.2227405008601129,1.0153095762093467,0.6513268263854759,0.07835314492019314,-0.44432745896512393,-0.03303742122386434,-0.12725107610920383,-0.688477156724915,0.43821753508191597,-1.386719199251271,-0.22321278142664244,0.11151344167995374,-0.63589449254013,0.5878793431268708,-0.6657960542893937,0
-0.9405264053575644,0.14083843963863105,-0.6391322210574406,1.2975609715270926,-1.5429226754916474,-0.02382380438642924,0.06359087775325169,0.23361897880151966,-0.1519535681164245,-0.5341034777892201,1.2224297043281809,-1.558597062326756,-0.2760090386230295,-1.1896010125369054,0.6336494964371714,1.0435207309673522,0.15575817801172218,0.668342231835461,0.7397072603539577,0.37755420696374326,-0.2803351928667602,-0.13321190176472,-0.17440376760114157,-0.04983963014553832,-0.363613602328708,-0.644194503340994,-0.32842489712691103,-0.04375401298071729,0.22302041496236094,0.21038923218830902,0
-0.959115170644491,-0.5780838227778342,0.5130422434168214,-0.26713211689669325,0.6353380601737945,-0.10172811074029452,0.06379000803628661,-0.470265720742303,-0.26827522659510084,-0.7755466886388029,-0.7253842715143133,0.8290487050032687,-1.085067925061066,-1.399765791242871,-1.1229260362440454,-0.43023097857788395,-1.193263864555127,-1.099695302361495,-1.3825036420437629,-0.9745090506259878,-0.015368180144267562,0.7529994037609794,-0.29119822077405566,-0.20389886921210315,-0.32579552737958906,-0.03768559308014708,-0.049171998147371686,0.7242581851826643,0.7629315663495971,-1.2746217292062307,1
1.2864371263917027,-0.01938155676742062,0.5897602484064866,-0.6838716250177859,1.0368647167928522,0.960703730120289,-0.9122984666742336,0.15159185232570413,0.005863109234611919,-1.063448988716272,-0.5339131102203644,0.9838207978775985,-0.6832870866777895,-0.862948336994461,-1.2753916943941537,-0.539333938522058,0.6003399918115745,0.6273744079001866,1.8809881126624526,-1.1695105452652703,0.24032668759528697,0.02840154423520843,-0.43611535349355235,-0.10500672321435922,-1.138932100447774,-1.0161202590795697,0.12930184644839862,0.3572238657446615,0.5376797026467073,-1.6230553716641472,1
-0.16706310440864808,-0.056645893239085005,-0.25727639237437494,0.27661579988630713,-0.83270088729492,0.4897405524157358,0.8243148275417495,0.07515810406059277,-0.6289147311047462,-0.4842763370876039,0.6388654761907364,-0.2524246725830929,0.16476020557635862,-0.3838867011796566,0.5059163260543762,0.9780267013889777,1.0445789521602329,0.9967785430028095,0.17791579963398904,1.5722548675814954,0.6808212294882171,-0.4677999122442218,0.9659055992079685,-0.17212517770205385,-2.158667850418429,-0.08883567920449942,0.42777202327610714,-0.2519682732670765,0.2558323444816547,0.2973074759928761,1
0.20331170167431126,-0.948657611015621,1.3247430825061377,-1.3886095055781986,1.3269342030220916,-1.6060407592861439,-1.2980513247498804,-1.3992287319072094,1.0311333323866076,-0.9827139171979655,-1.8413272366063282,1.8346097709403018,-1.8822515185632915,0.13952432681228555,-1.6918074812224833,0.8060307728281458,-1.99814670074184,-1.924395191576943,-1.771088231555422,2.532862823030498,-0.03639996046780468,0.7561811739115346,0.8788472069819623,0.470550890551327,0.9133326389352112,-0.5047589649233906,0.5516645220180925,-0.08321703695158061,0.4574173361575468,1.3627830548299682,1
-0.08757801280367358,0.9401315353547242,-0.57152139683368,0.9710630168188413,-1.0011479130332201,-0.09516595251197887,0.2539407110762859,0.19418641583406326,-0.11036236847148294,2.0120348275411843,0.18946545592377473,-0.8123310986814247,0.6682649080576709,-1.190824302331184,0.695626494473063,1.965598296808448,0.10111196400395836,0.48270501828344364,0.2132923386806265,-0.05767455187602995,-0.3250779373460152,-0.08656470916864593,0.14488941872364383,-0.029400392656067132,0.0915044091739697,0.5177081378974041,-1.4949915930100666,-0.08628639314933835,-0.00806577845322106,-1.197700719412482,0
0.9111337954928154,1.6204359692550634,-0.34015720690865253,-0.0318170812910019,-0.0540250359706912,0.4082506284985333,-0.15756428731755903,0.6433712321484386,-0.233424478673494,0.5781441512252422,0.6765305685628242,-1.2650795138928237,0.7776222635536431,-0.15947888688800949,0.9365650245751538,-0.5486177537019885,0.08417903528091651,0.3667885737146984,-0.06585242881582459,-0.3904773942751537,-0.3484059405126969,-0.06619239397705075,0.2551535792865583,-0.06164549467784606,-0.16661680372922297,0.6451850094010496,-1.100340151312907,-0.21140447009225444,-0.18576318724329988,0.2460492377586107,0
0.27321419848399575,1.5503122439514445,-0.6315738740593905,0.4216937682589966,-0.47662310679612835,0.0599349769375536,0.7525245157966756,0.08863815574330178,-0.09090351648459208,2.560629854859492,0.4812989777423553,-0.02286785725402506,-0.2345624217785295,0.907041486915645,1.6634860644754734,-0.513875242187806,1.2474383800331603,0.3203251707817959,1.1845652537597946,-0.23473035817787535,-0.25101188997218504,-0.12336621866107797,-0.10508609349189521,0.21863038522622252,0.22474884952401478,-0.9654071349833174,0.8194323818873669,-0.25399609281763663,-0.1661267220935391,0.4233473305601302,0
0.1580975833692098,-0.8591456078361752,0.5747484217723243,-0.44683903854115836,-0.5064045259493648,-0.10802948498940636,1.244488969608704,-0.2737218182107872,-1.6229438393346565,1.3802901864594286,-0.43437910198379076,0.8016659342121163,-0.7652096424041125,0.9253251217707121,-0.5084227589587486,-1.0355103434360022,-0.2533723813048857,-0.13118954593615526,0.595788107788273,0.09929387292144057,-3.3932741974617393,2.566169324157982,-2.204877888408945,1.0606512085461828,-0.3132188740473931,0.7634655843715807,-1.1237102358713873,0.9495596932328135,1.1036199499683292,1.2820958516421168,1
1.0307791077861164,-0.21041728602151008,0.16566497968347862,-0.5459871575655002,-0.08165744125081804,0.2337882665141322,0.1842913711302217,-0.20890347974799398,0.13797869053572778,-0.6517340553742766,-0.5844162780451749,0.32816345242104333,-0.821252791622866,-1.1388523450870591,-0.4380251197377509,0.3989191297249468,-1.2220293705905079,-0.8627735295770903,-1.4020730704409408,-0.09964395711780814,0.14560401753682056,0.3276278696556551,1.159407991010864,-0.27440566706652003,-0.5964802282453108,0.3625686744037408,1.5789759323299033,0.5505787898413986,0.34558016460558516,-1.6168039914639678,1
-0.31051067342533806,-0.013273213293707918,-0.3023364291461587,1.3644959284252547,-1.7933817951568254,0.17776323747917255,0.30213912099844553,0.5255231068970552,-0.14281404207530554,-0.3344807479117517,0.6424225056023296,0.09371896610795968,0.4616424043828098,-0.0633951358232545,0.6219629420653459,-0.4706477292616819,1.2338658193486185,0.43344003532016967,-0.3295754697374832,-0.2935965313534104,-0.0956075736048885,0.0534458926312531,0.7843951587255507,-0.28123626971954724,0.07145303178254389,0.06774153287276738,-0.617764705065508,-0.23608651905931374,0.08789498026802502,0.2948986140293204,0
1.0346457212727445,-0.7072479040342772,-0.8710956931193412,-0.4253993366796203,0.7978104355672185,2.3701340235985233,-1.6042531164677143,-0.6014837502298345,0.07404856760856447,-0.8833322105843446,-0.5376415729459416,0.9207250335509684,-0.6928355045114513,1.1800034390892595,-0.9257867743478926,1.2592429779342338,-0.9970514200737206,-0.7266232222107432,-0.30402829492912103,2.258695751260986,1.6526358548736735,0.2871541857451954,-0.07970404618146708,0.2902429049075567,-0.3196129448333445,0.5594357586696505,-0.2796106551927122,0.8591388772417509,1.357221397443848,-0.3242183694829079,1
-0.4133835592364562,-0.9824973930353786,0.41227994983898486,-0.6913563048223265,0.48475620216388204,-0.9460069781184451,0.11187026890369405,-0.5137542776467267,0.23525521068605804,-0.3089831234525853,-0.695191059109166,0.8687074189052209,-1.1491512860535846,-0.6801654441509284,-1.1387305644694246,2.729630564992677,-1.2021053820053633,-1.2369689657086895,-1.223286384305538,1.0768098075495058,-0.9421665678168261,0.22121983521992922,0.6430629122035559,0.16384741059079402,-0.0682994083841231,0.1305506852691511,1.2664084828773596,-1.5392727799020107,0.575629705713957,1.333559501421356,1
-0.08710333976167196,0.9730229591317872,-0.5647246353890955,0.9844915415021577,-0.9690205183307169,-0.1521365459904964,-0.018803760500700772,0.2067469288350237,-0.1347236234978219,2.074076516962624,0.20618407862121996,-1.02271817038447,0.48275091141638626,-1.5640766207894659,0.7257583696229191,1.6936592375392467,0.23876701660193028,0.3985014298754214,0.5506014134041634,0.220410835522729,-0.3199572711495565,-0.0984379935325519,0.018064934971204726,-0.051431262769433626,0.6854697197290079,0.6152184414204657,-1.5637011748891323,-0.1067427538907663,-0.002969930063835938,-1.197700719412482,0
0.7513609887673381,-0.15271817404241153,-0.26343627138850545,-0.16976132806026742,-0.006229823870132757,0.005783480829711557,-0.4990802562785467,-0.15949858221040572,-0.12851420781784523,0.4585835059915164,-0.2373502783265786,0.09865193760007453,-0.6798993843360838,-0.631579640255519,-0.5751302094469383,0.6564418335633072,-0.9259077905350757,-0.8596526491786758,-0.783623552163664,0.7679058700441985,0.12414288318963934,0.10507738833029076,0.7057948139718446,0.3907146318588313,-0.28694958806299775,-0.40276546254904594,-1.2227393043835506,0.3756094650496072,-0.5338618024221665,-0.18811054237876487,1
-0.9754369932719574,0.9072457640983692,0.3890244758256024,-0.47855146724684533,0.8511123342784409,1.6806744122906343,-0.7087307759933091,1.1272105123642266,-0.23109805481010107,-0.6284551010760168,-0.06629855191576368,0.24539768907763762,-0.28718951736851184,-1.4560562887099227,-0.958017483042475,0.4683973970985931,2.736860565275331,4.35883222977165,2.8411166356403723,-2.9318517477864012,-0.14754682652075848,-0.15203686138476918,-0.40549151892606106,-0.4865225802248081,-1.0301814471192152,2.2028208767769137,1.0516875046890266,-0.18283081509181126,0.2614768758276424,-1.197700719412482,1
-0.7143545748310451,0.9237822398310171,-0.36370917918603757,0.5057656782039063,-0.5368725062139443,0.14760326136062757,-0.2539184840168751,0.573192348184428,-0.23054264266584593,0.3015124425484943,0.48433688452991047,-0.4987417606651439,1.3476537142086864,1.3395183186533002,0.7237850907980484,0.7677384710401822,0.4675579662619349,0.33137373907122314,-0.2938376251646335,-0.02226193580002655,0.04001578950266054,-0.23236362539005725,-1.0548582175129153,0.08980938414512513,0.8550167632484691,0.09288306447259881,1.1685123366579409,-0.2974254583747985,-0.031848956130718725,0.6939597065239667,0
1.181478422193483,-0.09409576557203927,-0.31661258196531966,1.2981550935965103,-0.9019842050379953,0.3427141636760133,0.43863555551036737,0.4934179041092978,-0.15267719214462835,0.7025073830434371,0.34818805466930736,-1.324949464718336,0.8087749003111794,1.002527919367904,0.35899525957868494,-0.09671177237187506,0.5883706549443037,0.22664585503663412,0.3782009489934733,-0.449182158230875,-0.2551604419698415,0.01817125629775185,0.895937291191049,-0.028390380955190853,1.7020658446760026,-0.5511680312674696,1.0383855225868843,-0.2705224189357998,0.29832868313739364,0.29650591143910676,0
1.4494386852433032,-0.032164573767766665,-0.11378162704405682,1.9251922604629532,-0.7523817189749007,0.15306024136418206,0.2190987474167437,0.5411090374249402,-0.12394275614303084,0.6598516402154252,0.28988803664933677,-1.1565544063674755,0.33921549943704665,-0.6888261135937261,0.7074082399382355,1.6249231683366672,0.35451580597943344,0.3286443483925213,0.5277693154375335,0.3273667412511118,0.0086327853197534,-0.1497246721580772,-0.3427868293191766,-0.275384273575017,-0.06723646191321461,0.45376427695787813,-1.4713610197387303,0.19290554219636982,0.22345792179750976,-1.197700719412482,0
0.26699511307115725,-1.903531177180632,2.3868418869961987,-1.839774411325288,2.1025186979621537,-2.167410783247929,0.27035271070684314,-2.511142570661614,-1.0232963483382016,-2.3493370312572384,-2.203841340837338,1.2485489660358662,-1.6709069342596026,-0.15278638814545153,-1.0062213788236,-1.0030612006486637,-1.588043433464994,-1.6958286726102982,-1.653428745103529,1.0063162442467979,1.8791667699458237,-1.8186700519965942,2.5896124783637458,1.5076772508800793,0.7309476162293528,-0.4417404418724289,0.8033285590779529,-2.4693673173021327,-1.0985451625078173,-0.30489942725879854,1
1.5772312529957482,-1.383300656916283,-5.718485231027789,-0.09540424981658059,0.8431454744307172,4.187207689400009,-2.0943924124845927,-0.7270947194227321,-0.5234136209539398,1.9013525443587576,1.1479645796795268,-0.05362053714769802,2.2088232699782777,0.4940185141675138,0.24005451344498385,0.7598461135662777,0.2132784253476396,1.2756796332814744,0.7337829304590977,2.251580880868032,-6.1984695975658015,0.025705322749979546,-0.2861676147707138,-5.201639001427888,3.7305833871079446,-2.627241654464773,0.7434840862367698,5.936533030598888,-7.357994972013293,-0.701866570223621,0
-0.5957052316965069,0.05178727842573023,-0.5589379986679869,1.7194642152123827,-1.9244116808092488,-0.12901647123658402,0.4942785327224135,0.1602975507981755,-0.10095969482713595,-0.5033386086675438,1.3035251452390102,-0.0638000173616547,0.03634986110306534,-0.9467942434864164,0.5571681438643376,0.32891206434682374,0.2562016269245233,0.5905499470684338,0.7885565065084421,-0.49452154983093416,-0.5271448868550278,-0.04223749452143383,0.4569603946431214,-0.15946062861227103,-0.08556547372722707,-0.5025978734601567,-0.29765343817257256,-0.3504302739617357,0.034474285071784745,-0.16442755088260752,0
-0.6135027284504722,-0.19568137416942175,-0.38071686708345354,2.300789431814415,-0.11874757834373997,0.48700875807559835,1.6733918976048547,0.2790550574098324,0.009257151799728545,1.0514730958858898,0.5410338580879684,-0.03132111586504454,1.1081733739479191,-1.784529344292546,0.40124729754399563,-1.1257078440916406,-0.4336151776405653,1.1234540571853122,-0.5952412419780279,-0.08727269843989624,-0.4350414575349764,-0.17629284674258716,-0.11793183958093362,-0.12362505236543493,-1.6751670388254873,-0.8446033746865614,-0.9454577841481141,-0.4775736000043489,-0.20657820249905523,-0.12214845866930077,0
-0.14911272418677596,1.2046041665244913,-0.8347097673409859,0.7415429539558793,-1.5669066517877575,-0.16914465336636636,0.4459635559674131,0.03297800986366898,-0.12802259710336206,-0.3505375120925932,1.464165604697407,-0.3571774105859248,0.18864205677554968,0.11366879954813658,0.5170018047426544,0.2436307095486469,0.6303683636876768,0.36942839219933166,1.1961616871676306,-0.089077761521572,-0.42954293056679815,-0.11474275926056889,0.08774613589154753,-0.12604229905255757,-0.911782681879481,0.5499480726949566,-0.15668635454968888,-0.14631750898762183,-0.05547528467911793,-0.9028317856604825,0
1.2057581855934365,0.9265260848973651,0.46243264578400806,-0.7578963679155721,1.0176852600695268,1.004060295061406,-0.5889548440793376,0.14929523207609594,-0.09113099070562342,-0.8726599229796261,-0.4684103563378133,1.0564868836624197,-0.6272053967126523,-0.3920729435637489,-1.3193440572764126,-0.6124468553104246,0.7776703949954887,0.4515761776218186,1.5475943340594833,-1.8507556385236903,0.2238173707941681,-0.04171155399962751,-0.7170603590589362,-0.10853657596446702,0.025433431734217807,0.5249281085588743,0.10790739825670503,0.353286981923344,0.6104996242601101,-1.6230553716641472,1
1.1876189490924745,-0.14737967530842835,0.7395207495551851,-0.7444933522139979,0.9684565552365142,0.8759502475096095,-0.8233440122927081,0.010098080454775464,-0.011909537120522758,-1.1535520204551315,-0.8913924411033506,0.7529754424914472,-1.1375027254625523,-1.5397856785453927,-1.5409590796144461,-0.25618587066602994,-0.17023247247961296,-0.2798806947145207,0.3178998027866292,-1.84761422729982,0.39695678379661703,0.056421656746858485,-0.8125094623604039,-0.3614957624006172,-0.41891907944633666,0.3192925548415919,0.08478797251930413,0.8183489269750276,1.0558933733018134,-1.6230553716641472,1
1.023855996744413,1.2785520234430943,-0.6171536925572606,0.9179121018179123,0.6907330838094998,0.05697443728297003,1.5162101035126216,0.05395527162646156,-0.016452408842118314,1.170885445579301,1.055769887988997,-3.068564743082767,0.6504122721988658,0.45694255506117143,0.09614795071089116,-2.1194349269767674,1.1706467588728882,0.22451089058198045,0.43998774298590915,-1.0882664679751455,-0.09850926398962241,-0.051499540129245784,0.3703194261090488,-0.010207971660418575,-0.04342508808641879,-0.4288903519632124,0.16182312866334178,-0.128230915888355,-0.06703365096438214,0.9209235675260131,0
0.7462089113957112,1.6948334358260693,-0.6965136324015705,0.05767885504027927,-0.7777767472531293,0.007510097048106842,-0.2689987828088756,0.3331751947665414,-0.22764050102786837,0.16610288949190805,1.053907005147142,-1.2318637980661624,0.35964973138092077,-0.04071111248633558,0.823282374289331,0.5920077637486605,-0.16413750232359361,0.35297281999936686,1.2181311696348527,-1.1229208183256096,-0.6193252373555448,-0.12612658014617933,0.06392672470120933,0.039536673312864486,0.1029900856510211,-0.25742803452932667,1.4854817990873836,-0.2684992353355344,-0.17674165959401994,0.6598468426132329,0
1.2932046653167972,-0.2820774933228032,-1.8968560429136487,-0.7962080049714295,0.4816537735632766,-0.21472994879129934,-0.2514727085495876,0.49877657516563007,-0.15768178827151008,0.06962437228403555,-0.5733438394578224,0.5884277479283905,-0.565521244951344,-1.9418580391249463,-0.8067311361328202,-0.6671216129133605,-0.2120205892343473,-0.07806862287137824,0.5530598403285534,-0.15513254605861693,2.420633065880639,0.33211223031829157,-0.8295134537570353,-1.18945764619204,-1.0721349473072068,-0.36010963411269487,0.7778371136356618,-0.03127869348663615,0.9371330208657546,1.9862632110127467,1
-0.07031088109684931,-0.36780810058783053,0.12603774304952262,0.5683739196035641,-0.6889001192246474,0.07622507607505345,0.11377493888029036,0.3757761869615123,0.0038145205695628718,0.5367394539849438,0.8233031247661402,-0.17008318948153892,0.42397601534320256,-1.5409954653895925,0.7658283758917709,0.459208898301356,1.0525290152158508,0.39113227020066316,0.778468932513343,0.012987423302394037,-0.1061979434836543,-0.17685752038694647,-0.7168190898746781,0.0917368144204122,-0.22606005836711723,-0.2582852284359369,0.02421455514996407,-0.6717431483894063,-0.26680664456873804,-0.2857587496615858,0
0.16230134524170103,1.6405053931461535,-0.39399683109686967,0.10004054510084258,-0.29700631992575177,0.2533408224573135,-0.15649733446553554,0.43875327946038933,-0.2390615931445399,1.6950030107517997,0.48955388451724896,-0.39878331367461967,-0.23436499819257242,1.974870876802962,1.9815139136938393,-0.11699879289548865,0.41667599934023186,0.4892016427067674,0.2794223254963923,-0.7373739377482688,-0.2860077855671295,-0.04874088989888997,0.5105781876617698,-0.020094730688982425,-0.16495239123478933,0.02379611024079579,0.8969897240552562,-0.28400159776341843,-0.20135857292147435,0.2900430370364156,0
0.20331170167431126,-0.948657611015621,1.3247430825061377,-1.3886095055781986,1.3269342030220916,-1.6060407592861439,-1.2980513247498804,-1.3992287319072094,1.0311333323866076,-0.9827139171979655,-1.8413272366063282,1.8346097709403018,-1.8822515185632915,0.13952432681228555,-1.6918074812224833,0.8060307728281458,-1.99814670074184,-1.924395191576943,-1.771088231555422,2.532862823030498,-0.03639996046780468,0.7561811739115346,0.8788472069819623,0.470550890551327,0.9133326389352112,-0.5047589649233906,0.5516645220180925,-0.08321703695158061,0.4574173361575468,1.3627830548299682,1
-0.7576989710987482,-0.24260611351228242,0.1908113719922127,0.3428895851359673,-0.30509634414402376,0.3527394862270359,0.13274837619024824,0.5562884175702675,-0.07276763503566146,-0.07660291491420823,0.5188715065892266,-1.471367536401799,1.0393123914205,1.609459407514919,1.025477881908231,0.6952602522518825,0.308043269249495,0.3670128775603612,0.30290349073156025,0.4449502885742952,-0.33168486554611204,0.004167443664277678,0.2792197139836787,-0.19929386044069328,-0.731666860085215,-0.006723788720982746,-0.6975622864259567,-0.8683148679063771,-0.05516269542446276,-0.8704995652033953,0
1.3471153798093256,-0.011025588727869897,-0.5397104252739389,1.810652971529607,-1.6533104571614399,0.20362774301483128,0.025894945076230653,0.2762753796431034,-0.14065704113732008,-0.011121461591921965,0.49484209504003857,-1.1519933057276517,0.2987822917462195,0.7601686674593532,0.31986922290028535,-0.06767139714045159,1.4555264253888522,0.42399900698998366,-0.3557424380013175,0.2673554991848184,0.14729014396815102,-0.08335800872466732,-0.1909339216340145,-0.18136586134508495,-0.2389702083909564,0.6410907577146099,-0.6647749969023724,-0.2504100776237073,-0.16208264281048565,-1.197700719412482,0
-0.9656139470320394,-0.7734985150059973,-0.40276082197679314,-0.6307804024847233,1.3098971583492072,3.2042133157971113,-2.1976256108794043,-0.19935262412902433,-0.07445206389683524,-1.105134868729035,-0.48521066246602274,1.284207465838892,-0.7648871698640645,-1.0337400084280441,-1.3742990487708102,0.24883028248763356,-0.06209460178361852,0.6454332499174198,1.0589099606446235,-0.8105421165987284,-0.1955638913576005,0.0028671466412993076,-0.08991185330891469,-0.23533803664447187,-0.7200149945389364,1.3257797184986724,1.2595368357383074,0.36229956871634617,2.0518962551062687,-1.197700719412482,1
-0.8686724190192471,0.11193142913042824,-0.28220347880443114,1.8785802970370822,-1.31261600008791,0.02758014908567886,0.09569540477166198,0.42019003025760326,-0.1481505134912073,1.2473948450754473,0.0782790445671637,-0.8435603594592185,1.2994474882500486,0.9200295826921328,0.40985089493477367,1.0333190503569314,0.15026392836328797,0.35082938919552437,0.5427195724445724,0.22592413515365503,-0.09322463551000695,-0.00691673843361202,0.7495141006163882,-0.28649573009919116,0.8677654519899362,0.19783313864598076,-1.205620821314184,-0.06355821845851314,0.012910547693545861,-1.197700719412482,1
-0.08681442927681365,0.9582729444804446,-0.5632878282724039,0.9178286737155454,-1.0910878596113942,-0.07639366463393239,0.2834753982695914,0.19389839309739232,-0.10960792644612617,1.7380107639405005,0.24984049100817515,-0.13556484447256564,1.2821125023888782,-0.7664957754132973,0.72738506373009,0.7279381911365599,0.365864437771204,0.2776330035153618,0.9606538364192582,0.5214521511987046,-0.2416036575481822,-0.08372769424863853,0.1234899639413105,-0.10797976851049859,-0.01733901060684376,0.6878087908846103,-1.5637485361527195,-0.10518689396819472,-0.026476523007330124,-1.197700719412482,0
-1.7963522680308903,-0.4827325926922595,1.29775800674895,-1.4554203652741344,1.934120634975541,-0.5093707535094386,-1.3737175601177913,-1.1498263412349672,0.6434103090704267,-1.6229016408895864,-1.6662764852424488,2.3871070313219707,-1.8966310646398967,0.0955630677060297,-2.0514040843989267,-0.3455285617949364,-1.7801724556488414,-1.5537433397967062,-1.448367994439439,0.7333407857312797,1.1828272048769706,0.5666636425155772,0.2372843996756563,0.23107638990417825,-1.8876587099339093,-1.0800735782679176,1.206123052240613,2.4554609538828633,1.6330415963794387,-1.197700719412482,1
0.2727688063167731,1.5419033388570518,-0.5599245302789807,0.6505801822331199,-0.3813871483843402,-0.06066452289190218,0.36024862927453394,0.11757310252567442,-0.13383129658064502,2.3482792465373734,0.473914516031818,0.2646033011524419,0.016917858367028957,1.9868481230450237,1.4882850941065564,-0.7288954495384616,1.00182467938683,0.3728322971174485,0.8223260537198076,-0.442252202797759,-0.2690287481792243,-0.10587206074025544,0.1382337928630511,0.26404306241806835,0.06813467029555778,-1.035716997316426,0.8072835548641439,-0.23564339533194434,-0.1701279398829716,-0.007478244669433443,0
-0.6695677058523839,-0.16014691445780282,-1.0350623837774973,1.0015831618153255,-0.2412680655956291,-0.12465320486627705,0.7954582875512419,0.984212644854815,-0.14261873825065519,0.37685562215243923,0.5050034634938046,0.0018959318319606698,0.18806176967274374,-1.9743745719049393,0.9713796993337137,1.6390259757607064,0.4376009435908653,0.37718299969358177,0.9077692605656392,0.152094614492533,0.9790371733142759,0.13147257337603582,0.6808016112110978,1.1589309361288618,-0.08126779598734078,-0.5405049271976572,1.3276008495278273,-0.5149040032016927,-0.41759456186883714,1.5687843779766426,1
-0.9527302736350085,-1.0229807447644026,0.8247927275514786,-1.0598845902456724,1.34030247741626,-1.2122448330234532,-1.2229635153802898,-1.2672999429740788,0.8185827969586884,-1.888560782304651,-1.6392753094674082,1.527109451094583,-1.6534250054814035,0.4861010196587449,-1.596275138558579,-0.3504869898790531,-1.9628360630203276,-2.3024137347154805,-2.2656030927425075,1.205060514815402,0.42897238444265545,0.6562784858679506,0.04603634637108292,0.16296232835573013,1.155099404993538,1.1568582164878731,0.15256192604628882,1.6320660542028826,0.0038830784154228774,0.7776707280899926,1
1.1976616824015358,0.6023504486875588,-1.288943337855001,-0.2642371688072721,-0.3115753780111792,0.11689522033688146,-0.416252184968419,1.105825987071663,-0.30257532723652236,0.5721893514243945,0.4390366740175137,-0.9456022531012516,0.7149628045426395,-0.053764423955500344,1.2556308172491923,0.5521990980131533,0.18930605750152704,0.3400378432288228,0.0538631026859617,-0.3278921558360852,0.974459993039438,0.10486211547288862,-0.026809301166034753,-0.5658484118237554,0.21228835594612153,0.020632385570404945,0.17331475089443152,-0.4068584463210398,0.03529135866303471,1.7048153603957124,0
1.3144957961494939,1.5086326452097558,0.00046499465942521006,-0.1817372406853464,0.7250130868027123,0.8142431633413494,-0.012230421225682145,0.6620413816924413,-0.18156284124101826,-0.2666967092024879,0.6815871909349818,0.10702252107332041,0.41049073661345803,-0.6762945489713306,-0.224944817806398,-1.5910476603974206,1.785703362715477,1.2529567935373105,1.2446411214005453,-1.5863186758433254,-0.3139719455385778,-0.14298011773887498,-0.34648684567015575,0.0020254685504454166,-0.45624496945932136,0.17046129118260264,-0.022194602452302398,-0.220214938465513,-0.05644224692403401,-0.4016892245120402,1
1.2644844604414947,1.943330707674522,-0.5647507287077911,-0.17929042284851432,-1.1945910451164528,0.34334775770776566,-0.2537036246050987,0.4601526481561194,-0.24852985060222665,-0.007304346547768206,1.0423424693295456,-1.2023766119510353,0.10692697291283779,-0.26473050096346956,0.8713840597491838,0.002630387974135994,0.8180329745299474,0.4974821765336472,-0.43628164066530317,0.3845557488046877,-0.1542279857519862,0.02504560229323268,0.7192376008264418,-0.08694062680820484,1.0247194998814115,0.7071060457686994,0.11835997900096867,-0.2785658447398681,-0.22620572428690858,-0.9581691977178104,0
-0.9255780756564148,-0.4707106829031203,0.20411672183120128,-0.6066044291157449,1.2115940370958878,1.816007239864987,-1.3761157748123294,0.34409011936552764,-0.2271332314786036,-1.032486432339376,-0.5046939271382201,0.97224018973659,-0.88096916851259,-0.6707816311664299,-1.4555384033011378,0.9168805290151566,-0.18207823711471607,0.6451436503585426,0.5499626901131508,-1.149100275393558,-0.25014228654472365,-0.07672664596113067,0.13913571135442857,0.9363402680328223,-0.5374770680055885,1.8774118848634553,1.264366442409615,0.31783191449593917,-0.8518481876189264,-1.197700719412482,1
-1.4161464071017724,-0.09479502870169336,-0.1043387610683976,1.5902325295044282,-0.7286663908881701,0.5174546380101336,-0.2390627180146643,0.6846232899067197,-0.22957642084406835,1.310846832985435,0.2808982889945438,-0.20165212315146172,-0.35231602835003867,1.495443483071288,1.1045827830360204,-0.35205990882607036,0.8161823570558958,0.5223638626574236,0.29951101487463944,-1.1775678135432557,-0.12238342713381438,-0.24940628470897808,-0.7222959302838469,-0.12949515616882867,0.4851386141229819,-0.6158328585177161,-0.3872546464883018,-0.1668078037931159,-0.1603292669855263,-1.002651535868572,0
1.3142781298928203,0.5947780014943312,0.3336792291201013,-0.5758994464405258,1.0842189242485336,0.05090080310588132,-0.4843816998150496,-0.2345743574805027,-0.03111182787134239,-0.8345429355104202,-0.4754976546583305,0.5340209960257803,-0.8238756589170348,0.5667061193070264,-1.1072189565469235,-0.8218654850585397,-0.5997728343998904,-0.7541854782816242,-0.7918650285948284,-0.9282894447629371,0.3350075007153323,0.04310391541327762,-0.7498541285009036,0.09105293031552177,-0.6135161712978607,0.1030835905034872,-0.34915795798651383,0.7544549592071946,0.7513074177532691,-0.6771641580075025,1
-0.9635817164038497,-0.443298352773996,-0.23119959330000156,-0.9738179675595532,1.5149124110198522,1.5000837239824114,-1.5870960404591044,-0.07342240332836483,-0.026250901566253277,-0.8546599316710057,-0.29706738416981876,1.285458603144215,-0.7216935637907232,-0.7022291174153522,-1.3669224989872848,0.6980311114799019,-0.07557782012695766,0.7636626394762803,1.1835779058488456,-0.14743927807423368,-0.7437541729150284,-0.033010311685931486,0.5781131992094798,2.927428253800778,-0.8920065303850642,-0.6835108017157083,1.125944048195605,0.37181503529329996,1.0995999208090053,-1.197700719412482,1
-1.2428634823521851,-0.04660767218636891,-0.5814626413627612,1.561996328492006,-1.7529641821395574,0.08016156332891095,0.5553669044778549,0.2053322210865369,-0.1618316548923885,-0.5645802093516664,1.2375033598572207,-1.854947588208504,-0.011203931275238492,1.540250790844513,0.2779046474217805,1.2822678774909002,0.3377994541325232,0.4483411527163266,0.9975397396990584,0.5463092786498277,-0.2187173979499225,-0.11661838303975602,0.12038816256133153,-0.21949885272241454,-1.6144562621902108,0.581627381808109,0.1849222925212471,-0.3555547216816047,0.21419748987086168,-0.21530784480705817,0
1.4483344292288838,1.6205460379816798,-0.40000412750403475,-0.04375223759188768,-0.38728924515737434,0.22868570737238453,-0.27874138297432915,0.4102312380122692,-0.1744819671218453,0.8933824888169577,0.4703881116183652,-0.04444573412730437,0.35554656433802806,-2.1461462232126447,0.587983263430064,0.43899826300525363,0.7492839833239606,0.5190094327588194,1.291688678617154,-0.35808297715444926,-0.4227256354968745,-0.0034293925594023364,0.5481123361377057,-0.03577822276507205,-0.11333597362534413,0.11219515726144143,-0.2711646675946998,-0.21478665236992606,-0.15580801648044448,-0.3728243785494097,0
-0.03819269875542373,-0.02040610424312081,-0.3335141039999439,2.3990768736635135,-0.18851278046306033,0.28833343641387904,0.7111058434775153,0.5660968667427195,-0.17791546148552886,1.3241836875232358,0.46063084570773755,-2.132596304568426,0.3229261645912781,-1.4537475404086724,0.20805002389433738,-1.7630940510015825,-0.007059103376041643,0.4819104699944683,0.023359216844116588,0.5012199464650233,-0.1277413538070837,-0.26692828659279166,-0.6619219473271101,-0.22113065052140216,-0.3083119663321643,-0.2056808496488036,-1.4173299830869395,-0.48133846189116075,-0.6443290563791345,0.1701166923322351,0
1.1716370456591716,1.7446334921629683,-0.3952503983230993,-0.0025695576717209186,-0.5365612620329608,0.46621375908722557,0.28031598280241254,0.4637970346335169,-0.20015494536819292,0.7138585910582332,0.5800759770565567,-1.4352398637207562,1.14854183775673,1.364942315340823,0.6219122818673303,-0.024958381237364383,0.4816259107203206,0.2306835161537837,-0.10920738293808505,0.11861423579615608,-0.18459774048111788,-0.20993093298631124,-0.6973802470448448,0.2143442571177632,0.0881308539386712,-0.3065087852072555,0.3986554785657263,-0.2626510466150572,-0.1831356945748246,-1.200704124404151,0
0.9834950925720805,0.2196664373904996,-0.3074793925865831,0.11644623078740192,-0.2144590553490951,0.6269585083434942,0.6660713445918514,1.5152838105194228,-0.26232701127889363,0.1406383874882787,0.5283101338945336,-1.797207935156079,0.4527751302082075,0.4711565078034863,0.7368596366614188,-0.41855439938644456,-0.030145851415183493,0.3224733802988198,0.23628429037405022,0.4707823903902252,0.4626609465434589,0.020593966847961397,0.6526574364541861,0.40148138727438454,0.016494774365264787,-0.9902372083981331,-1.2891381894674203,-0.1489656257800218,0.0779067801079174,1.3132703459190087,0
1.3214748626160797,-0.1859914161324309,0.8495918255822414,-0.9974984164984338,1.4478420817571507,0.18399469260729495,-1.1879353065412785,-0.30331403885080754,0.21795090119867633,-1.2538457456609795,-0.7670119574097852,0.9016186955942118,-0.9444911756099503,0.6869318480491011,-1.5119152811914494,1.1402222259250359,-0.37364996992013033,0.025160307326259432,0.4092134402903513,0.17155714163730668,0.4538308162674458,0.10394265004638077,-0.504901766556361,0.14027976076739726,-1.1854592917520093,-0.0577449396313871,0.9924108054625121,0.2246610398520928,-0.17317543508292507,-1.2711980788469621,1
0.9191809361551599,-0.15766850090757423,0.26869422407379195,-0.20194573088144582,-0.5923387258443084,0.3556402451307957,0.06293621333585146,0.12839467018377884,-0.4936959234321152,0.12430381627736514,-0.08240119664957964,-0.10712173910086661,0.5488809215945408,-1.2862693516402925,0.16239293860348297,0.18640581575710602,1.4712566963223253,1.3071249804540377,2.386108397842013,-0.4777407893777538,0.2852329771541224,-0.4553552237140715,0.9125412791275743,0.03769762615198897,-1.1414361250197562,-0.6470250174568917,-0.34186284712891196,-0.2387109582247511,0.12854605351142936,-1.197700719412482,0
1.174890454860325,-0.43757254306498417,-0.7899190848578211,0.9201696169601835,-1.2429482041032676,0.4578423353810915,1.1964516801454743,0.5468254232009334,-0.13781925174682763,1.0584548501140243,0.7153986475987583,-0.12286792876420712,0.32952838282694,-1.2211403645491277,0.5270429453887506,1.601634385450966,0.38440938796934526,0.3359928893808989,0.03327846374469677,-0.30946477519747967,-1.0788940202697268,-0.11013154747550838,0.867997465170975,0.15041049460235012,-2.3584212650983534,-0.8523120602870959,2.491444366334676,-1.0053134745458077,-1.1012864491243661,0.9848586971425818,0
1.5147361681109397,1.744233594777847,-0.4233029942425064,0.0009679173820073444,-0.5161868318679228,0.3954003625478791,0.17540906883460042,0.4536827036499772,-0.19920432346059294,0.840146492670661,0.5921712708098207,-1.7636537143319686,0.69280746720904,0.43732435199035724,0.7276631985842291,0.11739772924456202,0.511273736787774,0.23794045368362618,-0.06535701822592326,0.1455151536419062,-0.27336125179033793,-0.2170052717276997,-0.7413603063091552,0.1619301966010611,-1.709887174542705,-0.3474312888543733,0.5187098381011912,-0.26150753462441967,-0.20816784947217257,-1.0005491283496541,0
-1.3476379405769827,-0.043819929810826844,-0.19296442643757195,1.3625009245073676,-1.5143237178100584,0.392971524937588,0.30443535256928,0.6004209161452266,-0.12776696937376378,0.246327425790576,0.3436946996767014,-0.21332416079544542,1.3177595974782643,1.1239285174538072,0.5764018533000446,-0.28638967415438343,1.1792899728538888,0.0827604242544757,0.4808481671750381,-0.30091051369310035,0.10187875627703533,-0.10678974120237358,-0.1713762580773649,-0.16210675291680418,-0.7770600005667564,-0.41712086805702286,1.416071604141327,0.07730412864363663,0.2629860914126506,0.09731456617345466,0
1.048951042531937,1.4115970582387825,-1.2594773179042156,0.07025109095223886,-1.4526040795485564,0.44976974600061104,2.50404911475947,-0.10526628321155723,0.12435790789744543,1.1030883866907648,0.7556648979045916,-0.9478297510883592,0.5396047406795114,0.04808656659505952,0.2071215671554751,-0.8572018742452441,0.9622621040670447,0.5923753638276921,-0.4075950387814023,0.3197995684241544,0.22858067006540225,-0.007292526752632125,0.3898728540804333,0.07934828881963905,1.5254015223812265,-0.6037420371578938,-0.3907019882655101,-0.1357857772725705,-0.09824745097102833,1.0865167860220213,0
0.961685960017835,0.9417797066553322,0.4827259730603157,-0.7428924209270078,1.0583068543135687,0.9097169248335716,-0.9034097861274604,0.1823393745652203,-0.13141606144079046,-0.8116707667357669,-0.5032873994391264,0.714526008314631,-0.6903024183124836,-0.018242245342463527,-1.3459167648846053,0.01848883553331393,0.5565607600336987,0.5772804780669127,0.9204442014500073,-2.2582754937055465,0.22536767209743652,-0.05109926451124797,-0.7343888820549461,-0.06532337276297073,0.8043609335503972,0.5226947534707874,0.09940499647030518,0.3614039799768378,0.6410508678560279,-1.6230553716641472,1
-0.04306160030200294,0.13144965629995425,-0.07620623275557362,1.3194643110015245,-0.0837543538548373,0.48955954700107085,0.49280503178118934,0.6077992386358063,-0.14620799957544806,-0.005427276509156868,0.6302942107873485,-1.647838726568132,0.6104151566921053,1.4533005195503113,0.46909548835139725,-0.20232704139820196,1.462636980293728,0.041390289346433184,0.4971131773128467,-1.6351506089349779,-0.18961625466016113,0.019993411908125786,0.7072963367971211,-0.09082129187258085,-0.7761509375775042,-1.3629008532949751,-0.4736758655074503,0.05754774002297438,0.4279245487000437,-0.20379386580916906,0
-0.17459259838619054,0.9194395390520496,-0.4890088002453607,1.2314737799266189,-0.2300824816813495,-0.11436834284344483,0.2824173667884221,0.20062321761864407,-0.11672251097009638,1.2503010749302668,0.4842928567901143,-1.203074702319296,0.427592332820517,-1.1391007550302967,0.5575399333872696,0.3342985467154061,0.5695889709314939,0.38292301984908705,0.23245875946190572,-0.24913891703154623,-0.26542170591117353,-0.12556470289692442,-0.19616893108409783,0.0033914920576827877,0.7576510633085985,0.2320950522435794,0.6251874239453787,-0.18491448627175575,-0.016569703696272725,-0.16653425074929873,0
0.011107973053740628,-0.1156540904183255,0.5353045920067316,-0.7945554975635545,0.8859718269513913,-0.35684785900593646,-0.8848048895367644,-0.6920310078597927,0.15088886717699274,-1.2403727751009934,-1.168014583435706,1.5887067206054106,-1.2913180933088035,-0.2571746933056499,-1.5913614911981748,-0.17816082980830616,-1.222186843729826,-1.3990962608002224,-1.1446048474559933,0.5454996732077536,0.8981376334900307,0.2894908161566098,-0.476600089620656,-0.3146984902053552,-0.7275194607305154,1.4160428410536272,2.132701485004671,1.5707832861482138,1.4974617503335013,-1.6230553716641472,1
-0.5081937965483639,-0.590397161766552,-0.5261635374012557,0.06122586147476991,0.619500309993542,0.5187148320891604,-0.2849886977798805,-0.6163577871242978,-0.01226136155670782,-0.2991451353777146,-0.3396583213127135,1.12817124387973,-0.8063056865388204,-0.5813782100189371,-0.8248761658254297,1.0837755002254765,-1.3006810200370884,-1.0804999691172104,-1.2745277121825482,1.6356515418533086,-0.07094523320647153,0.057624389753070895,0.08071808843306155,-0.8025092845936632,-0.47958739671909645,-0.7782514473323996,-0.6300110146126012,0.8437805195008029,-0.90367201330088,-0.4858902450625418,1
1.238486480931718,-0.6840886467045069,0.31753180242169626,-0.5810045453237713,0.025559583162909887,-0.10388884960644329,-0.5039904876304269,-0.2978533779085022,0.12902591135164876,-0.34322451508522855,-0.6316211400593933,0.7813157437861263,-0.6277247584262641,0.7170691183301815,-1.0117332838656727,-1.4186223177504722,-0.8263194656443691,-0.7633350027215959,-0.5661206830181513,0.7944185105796681,0.0661592574922113,0.21060481273250778,0.6143918771966405,-0.3957621721809039,-0.8302361728774852,-0.4323622969170821,1.1237602752418903,-0.5257144166935932,0.11106290621029145,-0.20152278180598837,1
-0.5910839745506908,0.7521298516232151,-0.5393044416381187,0.2685971426732989,0.06952227419409145,1.0552950180665224,2.472171066449806,0.19876756096204137,0.088181553311263,0.46262923995478245,0.7637039028559746,-1.2398041569466915,0.6344131407452035,-0.17182465750441872,0.4911945643944228,-1.1594579536375758,0.6336425521258932,0.2731623691752667,0.22029858816114933,-0.33960885399510965,0.08930134714819361,-0.12788407192507728,-0.43689087702886553,-0.21474615772532224,2.167116709120932,1.0309571919849614,0.11554687661950336,-0.18640343231539366,0.01157720078065847,0.9703904613603619,0
1.5013453025391983,-0.3742056626689542,-0.8245357891852394,0.09478255364690903,-0.1560777248963126,0.2368837542311465,0.6806829464942514,2.289198547855314,-0.3752711436891982,0.4186209641609475,1.2790192641783245,-0.05357312592462119,0.21665483020680754,-1.4081036954258583,0.8148089361539685,0.28446739001986554,0.20868530734471905,0.18788386004270546,0.6266287756585174,0.44781533058666284,-0.05732796196210909,-0.20375802559899842,0.44884453109323735,0.4307221749261071,1.538562401774442,-0.3103562270821101,-1.3746417608996366,0.3821140919144242,-0.24943884605937905,1.6492066977930726,1
0.3402713718369607,-2.2163795539702202,3.0358776323817644,-1.9882679593663088,1.8024979963356556,-2.4304716857644726,1.6901698772714573,-3.2088366879617864,-3.4897632196137676,-2.8807999102855795,-2.5305356270495527,0.6674070856025506,-1.4257775833577933,-1.3989057907473477,0.6900414899133037,-2.672626685646878,-1.4027542005592935,-1.860867828371484,-1.9422160807320845,-1.3160181576799794,4.110711106895639,-5.531273418110726,5.518241203138973,3.0407451637072933,1.0005171674510183,-2.24704596911354,-1.0358594315837062,-3.1596615669088983,-0.718179065531365,-1.197700719412482,1
1.2985912542338705,0.5672008364071986,0.4361783480489523,-0.7226951715527478,1.1104615486959726,0.3180257121200495,-0.37303661004496,-0.21716221859851548,-0.0005429235648213617,-0.9676406048183183,-0.622147800391549,1.0965994105842876,-0.7909297826958547,0.5528748009690835,-1.3488254883647164,-1.257711376685334,-0.37984429499033245,-0.5593065498972069,-0.2541875605507575,-0.9274043789900673,0.42035710319573727,0.03214850985740665,-0.8093642335232457,-0.04277464079896307,-1.5683982580931672,0.2794470455631939,-0.15887691400467435,0.7832429539965563,0.8248400335328537,-0.4237607663740644,1
-0.6498445736241578,-0.3131822112425345,0.005630235482834418,0.2754293300201145,0.4683238822852278,0.10551647701915569,-0.25241862652695274,-0.15266254932440534,0.007352871030020224,-0.2312903364628324,-0.2853597915894851,-0.17228131434624805,-0.6980543458438819,-1.7783873395914285,-0.599507786041277,-1.2067282780369981,-0.48473410566993935,-0.5894680153850106,-0.5959539046455946,-0.7353273991137139,-0.08721351200083073,0.051172095672978465,-0.2263433654086771,-0.3286723736866797,0.42727880942371543,0.29024232939584427,-0.10977264391379266,0.38459453162686913,0.3870261351246393,-1.6230553716641472,1
0.7184205992827454,1.2634491495794589,-0.8440554063220918,-0.11206679194136021,-0.9307433714383088,0.9618500491511436,2.1867516712047137,0.1747177051198242,0.0618509552404772,1.2476425239993183,0.44659251359488167,-0.5053225752156651,0.9729192555468271,0.07263040213372321,0.8003771406334602,1.7435538734909755,0.529795107726085,0.20931562336631576,0.2208630952015109,-0.49405761708067886,0.13734787350632646,-0.09046622406415272,-0.4246914864340754,0.16729800952225832,1.305805321100255,-0.6842679019179667,-2.190043696257812,-0.15115311571953305,-0.06475879270633177,1.167335690186641,0
-1.9586563915991375,0.10564929420594493,0.7285738611691036,-0.8455188945830793,1.2803240373186011,0.47839714272748735,-1.316112910326622,-0.17068405253499117,-0.042376574172939725,-0.9429757206027721,-0.9746451503455833,1.6748986516428341,-1.3708275417346856,-0.2836119793701312,-1.4514999198796192,-1.2811833758909743,-0.5227605526004191,-0.2735023144668157,0.3352414005994305,-1.3825963116213333,0.4846045611555927,0.10555288144168258,-0.4962499088990941,-0.5472439253952703,-0.49242246427263886,2.5897300438538737,1.0083266506163382,0.8776024537138459,1.145978037872317,-1.197700719412482,1
-0.2931945095146523,-0.27624896410025235,-0.5920925879992814,1.8061424486405482,-0.9261430687874851,0.06434874913174884,0.1268995252784683,0.23190975326494445,0.013020289387000466,0.6490080984052241,0.15000914781822755,-0.1984829926124697,1.6348187281491247,-0.1845529170574405,0.5636940488702155,-1.596745325826501,0.6887234020598046,0.3679375337587625,0.2420575227226048,-0.2771145449536376,0.0383309179083828,-0.07204678432845955,-0.2860271398670707,0.033138393045119945,1.1691411966917062,-0.2569271797825541,1.4119780075229829,-0.3677742230807472,-0.4655634781288995,0.627218327906376,0
-0.5689455915256635,-1.3863743809692262,0.7794869098552449,-1.1371146141264385,1.0126703280710943,-1.065924440264093,0.3912745904067383,-1.4184970251327582,-0.7416026526620116,-1.3722293488753257,-1.3410372135654356,1.1705156039829094,-1.1134811537582192,-1.4335720350000245,-0.9490869389799464,1.3485189725983593,-1.2573409119271073,-1.3412847228956657,-1.1597480216221432,1.5797575412187155,0.7305202249374401,-1.0489002661673366,1.462803463649401,0.9372362306290356,-0.9466733794011126,-0.5236262498658623,-0.24503311994916002,0.16903685518696993,0.26730449489887775,-1.197700719412482,1
-0.015155812558042379,-0.09582269857799222,-0.46861090546557754,2.0527280848135647,-1.5178340723670942,0.015789040035826526,0.19990316015879891,0.4666780009751392,-0.12226247134008875,-0.17115720147073896,0.4994256533902662,-0.06822897742234049,0.46160832413783365,-0.6337442852045888,0.4760922302722407,-1.5283482642900856,1.1723741098466443,0.5141451371002835,-0.2945458977251969,0.3065911171133859,0.11536999574003598,-0.06036793530653661,-0.0787314609327903,-0.09850684052802937,1.0011490935912866,0.5539967055985937,-0.9953610299342488,-0.19057801916441125,0.04837286832417179,0.7229416791891851,0
-0.36225224441867204,0.10948618226115801,-0.6677331390863006,1.5750319976755467,-2.16140379854823,-0.14423237465163194,0.3130343358944337,0.3002978253183496,-0.13402699866421172,-0.4629616151794238,0.8937006256062547,-0.9372137392441497,0.02982257636621493,0.17739617251197407,0.38290953299537556,0.3729867841046096,0.33719009208955675,0.5291296185789292,0.2726180608561852,-1.6210499502372826,-0.35512635898191025,-0.052150245228315587,0.3773708601890517,0.07799566745333394,0.04919965961630818,-0.4221117550229958,-0.6385999466754604,-0.12646010795659243,0.034689767698684267,0.8022813601661026,0
-1.6367013180946965,0.8544315501409477,-0.11937429051360027,0.6827038423744411,0.46182261814071296,0.3037917225757048,0.3433285549894851,0.3937075591425707,-0.14976078672429616,1.0420973613136886,0.3448386979478989,-0.0372886511523971,-0.31490349222021274,1.2317268389979534,0.4780573599571536,-1.010764434852075,0.6464649682080398,1.4546297618675519,0.1822696034970708,-1.58874069399232,-0.30510267987286993,-0.2445843007078819,-0.6989112198585294,0.03331716841916238,0.29017898539788045,0.45975586052945505,-0.26951675188459995,-0.17977556123917507,0.04269298671327971,-0.6899591503068163,1
0.6399898297575833,1.1735088945903136,-0.9962466619236587,0.30507662312732264,-0.8286092212494427,0.01669696997097831,0.9677583090835301,0.17806444303667188,-0.06263120216058146,2.0972722960342884,0.26897011070081506,-0.8243952203691178,1.3966553513293272,-0.09914378582794492,0.45364046011982023,0.5124736989796411,-0.10090191135209785,0.7599997535918572,-0.593009791353701,-0.639173242834082,-0.0037364478119254825,-0.1086756782759557,-0.1687500864158179,0.2277728854903474,-1.608216514458832,-1.2722291185303685,0.9318667230794206,-0.19176329770475883,-0.11726650324382021,1.167335690186641,0
-1.832200213817527,-0.6948685242737943,1.3142249160749837,-1.2780151158347153,1.626861308028693,-0.31937453645231917,-1.3283989635751239,-1.0111777419885186,0.5484987465412701,-1.7898766190765687,-1.8264816136116155,2.379160810445131,-1.9220015421928807,-0.29572329631201055,-2.076061925931378,-1.2369744171464985,-1.7111797432651186,-1.622224137885195,-1.4968677512812405,-0.6459735341056709,1.0997409252930483,0.523097666347916,-0.20635312831000632,-0.4698333733385643,-1.8916487025183868,1.9282144927298503,1.1580811876883266,2.3686868860560986,1.828742258897452,-1.197700719412482,1
-0.3526419602893347,-0.5972537098643312,0.06677813629740753,0.5383719395560358,-0.6939827335667711,0.09486375803014381,0.5298828622938174,0.44788525624028913,0.04958424232974189,0.29813530658626014,0.5963088069368908,-1.1693882378473666,1.1981276440884736,1.7062094684216527,0.7374943265985845,1.3188794667334933,0.7100846691966433,0.36499579965280554,-0.09191419547660487,-0.1474734718660323,-0.45426686473084227,-0.2501049519599777,-0.6629917258113821,0.25748750473620846,-1.2560623597353295,0.5759861399043433,0.25339797045964524,-0.5672582920594472,-0.3731954170368652,0.7587348813788883,0
-0.9512877577839248,-1.2698193522030847,1.216315508737903,-1.3581279818116645,1.422374925705234,-1.6902596106136496,-0.7728594653816455,-1.2281050684243269,1.2172071103722915,-2.0759534336039525,-1.8290219955579015,1.5306936360126793,-1.621731042092496,0.7673688570511937,-1.6306942541390639,-0.25307947203032527,-1.813109324344862,-2.1508964026890607,-2.1794318298275286,1.1375141954323966,-0.755329212669909,0.5293796234732456,-1.0295261842494496,0.03789500095546386,0.8696299644683307,0.6483356418647295,-0.662497838595059,0.4040504522308381,-0.9360637622143239,1.5179190840233752,1
1.4661666398198607,1.573750014222479,-1.0789784842690948,0.6816788550519524,-0.6085930040180838,-0.24735366132726863,0.9994964895558607,-0.07009024359452529,-0.06746005899472554,1.6627725006355696,0.7688691618182338,-3.1477879478340447,0.6301142812924182,0.36230198292610305,0.07724968361046398,-1.4725134325221203,-0.14355371793541633,0.4127706816310415,1.6661007275396362,-0.3511520104116535,-0.5576166060402691,-0.20625308278485804,-0.0712551765810405,0.03016931694859583,-1.5583010921705354,-0.6690038120871576,1.5011841005917028,-0.13712180022811002,-0.12870293478220504,0.7291153694845175,0
0.860521555547126,0.348760352083044,-0.3811876000372599,0.20880097548526302,0.38131386614877094,0.8338201798067567,0.1697037480356767,0.44803165289126795,-0.19335951262739792,-0.25085955295888746,1.528159116057293,-1.3467769077974712,0.22192248872461598,0.30290853663638,0.7793796115011614,0.21535297389592445,0.1931266518736145,0.5811358897431425,0.02769949752167418,1.0955042350785036,0.143004292646312,0.03485507048283549,0.8455256362395657,0.24640754882573054,1.7159641108902657,-1.7707226837131762,4.548712267398405,-0.40870710684254513,0.2769731434116883,-0.3936529728167755,1
1.1326813304081518,-0.4485396168158685,0.4128370335145091,-0.9243362391064356,0.5545897162800011,-0.9632659960009632,0.40249950055005124,0.05395195412544211,0.23845648429292546,-0.5823883768282427,-0.9322386201356394,0.976023135943258,-0.7508208468194701,-0.661343458794875,-0.9910992658915104,0.5552780618011307,-0.9384588241790162,-0.46693398293399085,-0.22041894658765626,2.208497801846237,-0.4294243074142355,0.14619369344779426,0.30705166746304213,-0.015736748402359373,-0.4871414651427808,0.5507811807620296,0.04381305815708268,0.39577807903541434,-0.9706355972227131,1.6696932870109493,1
0.5774419240696033,-1.0418580446767236,-5.126643533342025,1.6699404598267307,-0.6808806934213509,2.1791848046794042,-0.7034779366498959,-0.241070504027695,0.06865854389070893,2.8043237108275814,-0.11661525592119837,-2.9619947990338193,0.6246014609164795,-0.8278387003686322,0.2732241842403902,-0.9981936020161934,0.2603748977843668,0.395822855398032,1.0460624931275508,0.16278723327149383,2.415560900749194,0.26587133183024275,-0.03618478423633738,2.6182546052401725,-0.2716019053452138,2.102554335177036,0.6813920735420319,-0.5846326441361425,0.4347372161051727,1.7005386998307837,0
-0.9198827855354347,-0.6877638630162303,0.5148566871838851,-0.6785136615148915,1.1456956121837534,1.591029509609984,-1.109995362455782,-0.019096696910004204,-0.6405542991365284,-1.1253932617253106,-0.5961846194900028,0.8992916863302177,-0.825798511206503,-0.8736437290578632,-1.3864848310930633,0.5459541463860506,-0.07462674541999949,0.7279950088471445,0.5496787843559386,-1.5004069534213935,-0.037247607563300755,-0.5747507088036237,0.5768218296508165,0.39109504427653974,-0.4828774989713393,0.975533423059587,1.0693026804982344,0.675150637087194,-0.4669067238800688,-1.197700719412482,1
0.3727102705075455,-0.5337006584433891,0.7851997064463778,-1.1149282717237303,0.7737814529048648,-0.6473572907275285,-0.6266608502756329,-0.36046760695673485,0.20001125292292482,-0.6474415915574221,-1.09114716956184,1.55237596368166,-1.3404984848649675,2.0920243658338205,-1.1650309694796326,-1.5405431407671657,-1.3441096995995363,-1.176660543615318,-0.9916254645158317,0.8823644559293267,0.010977756155018453,0.359942174147749,1.1034269077247718,-0.040863295510631406,-0.6540624317014122,-0.9545800097236479,-0.8765827379116284,0.4860213397673535,-0.5400116287334447,1.4018863820317184,1
-1.088970011351298,-0.5302410538648077,0.66860081736114,-0.5005132891139159,1.0081762639780396,-0.5329382830751342,-0.3487666681230566,-0.6858161821605343,0.3130189682602061,-1.4437475857120339,-0.8969115454515055,0.8175195224725386,-1.150348489929046,1.4302467024786027,-1.0454160187431452,0.5500276042403655,-1.4502697470749646,-1.5381682899957063,-1.5945507345726406,1.826703070746101,0.7776784786965202,0.2942120858863913,-0.5084859889294009,0.05641772060036264,-0.15024635615366042,-0.7887124398815766,-0.23670482470960666,1.2646727293886864,1.3484004607602775,-1.197700719412482,1
-1.3117136408569232,0.34764124969359245,-0.10010265797896559,0.011324499961595165,0.11336014853599936,-0.28453366498609756,-0.17422668538975863,-0.2397841052448026,-0.007046350837215469,0.0885243315402976,-0.3836619402624947,0.4106400213919265,-0.5692915134107492,-0.6864839606230145,-0.615187036970036,1.9717197900384922,-0.5051111578653051,-0.5183196640426395,-0.5778818837803401,-0.545689862738679,0.21883093538827925,0.12883264333590053,0.2778823700847796,-0.09459618155553576,0.49605884484703544,0.4384853270424304,1.1960697453218094,0.4520541554731006,0.5665411857864666,0.17762459868436786,1
0.20382105725864091,-1.5931751413110595,1.3646918514636577,-1.760613742481669,1.9860678650777033,-1.8839951543865072,-1.7703760574934921,-1.7363591529772255,2.1204909345664538,-1.5575510947386002,-1.8275516103831138,1.4193297017864799,-1.7847691570532693,0.6752880306940868,-1.4383306074881632,-2.180381497758101,-1.687879032646002,-1.8661564511270885,-1.896461537875655,0.2630886049240526,-1.5885892285352845,0.8537352608843819,-0.2692485614580164,-0.3917903856033146,1.0145973757241307,-1.1518801326966237,-0.3757122268748075,-2.044569626848247,-1.4104774794549964,0.3030381869480877,1
1.1411683298333182,-0.8712333102385728,-2.9322074654236756,1.1362023437877389,-0.9614119318574395,0.39979620049213077,0.023122229603043373,-0.028762982794549204,-0.010147891267921282,0.7737309268253435,0.36159131439142433,-2.3702352490831724,0.3977986375283795,-0.3697304506143762,0.32272625192678345,-1.118242784196118,0.040191487830421466,0.4679640935919617,1.2725258054060775,-0.8800303332484799,-0.614306239093826,-0.2692470700469172,-1.0284926333225872,-0.5951812784304679,1.4336211880815914,0.1057429016030422,2.0635766308194854,-0.5488552698628361,0.5629200627811346,1.288053207774488,0
0.4986501494604187,0.6167015681473224,0.3804517388472985,-0.7202643226756773,1.0826535808248778,0.4352770962017847,0.12420288550504796,-0.2579878949881951,0.02168172209606335,-0.4160856484776925,-0.5928200018861409,1.047446527519779,-1.1963765701636868,0.731695058674753,-1.0122917009607848,-2.0263175821206945,-0.49053398106158924,-0.5825134276236856,-0.20965213350807196,-0.7191279906629926,0.28336425832083845,0.016099006210085105,-0.7568164824074716,-0.11216062917450965,-1.1138259481378747,0.6328765750550029,0.08775721029415089,0.6982188748664219,0.7334143764600348,-1.6230553716641472,1
-1.9571644882705692,0.3617163243738125,0.34433495458898716,-0.7318950455923385,0.7926651097143664,-0.3746234647790928,-0.8764826193333366,-0.5452416452023416,0.11907352223799668,0.08879553309218005,-0.765794504080263,1.4829951502431975,-1.198231247538991,0.7553026205228848,-1.0186281691710601,0.6231831042990513,-0.9027560679289244,-0.653645045207983,-0.2710216474580353,1.356858677181081,0.4240791529798309,0.17782469271027337,0.005738919475245186,0.6209820361251572,0.127297584326607,-2.6075645303988755,0.6285698395913965,0.5222742872977744,0.31192626917196353,-1.197700719412482,1
1.233026760578292,0.13306928135241108,-0.2739949069425996,0.6300352381713298,-0.6623020075618636,0.40148666895754576,0.38268342655200205,0.7760577926743378,-0.177885202846871,0.5050040775508199,0.29778944947303015,-1.453876979486841,0.6840479946210001,0.31390249433749984,0.6117698436318203,-0.26599862924172796,-0.04675046446655014,0.4767552186346401,0.2348539977246842,0.7669816364281897,0.1285123217646866,-9.767162611612893e-05,0.6595234941925917,-0.07580058016899141,1.4982483423873398,-0.4147689612346475,0.5045252256645119,-0.03386321746286534,0.3350631860572669,0.8048625829225865,0
-0.019066594648767015,0.8573328278860735,-0.38971030996030104,0.5172680113806937,-0.21340257933797657,0.23373486033733015,0.46395346220134226,0.4037701714483369,-0.11995625212934333,0.40955477091761383,0.633411514571278,-0.055975866839613315,0.696691152627596,-1.1508921725690189,1.1618192262174287,0.671938709769984,0.49717088069853843,0.28389181049184253,0.3847810113203615,-0.4912276514726912,-0.22649952864259504,-0.050901632543219125,0.09531538094323426,-0.16821678268515006,-0.597909654500241,0.8286234523826291,-0.6617547776113599,-0.18343852901922583,-0.049318436790787484,0.540681021059487,0
-0.4392210413680512,0.008560013233643207,-0.10837648381160554,1.5718943076260745,0.10965418626451114,0.28562514661831007,0.5871849013400796,0.796842624925512,-0.1338929896841903,-0.20608304296019064,0.6121871903783452,-0.7986548468017549,0.46549488206178824,0.3161507964416245,0.6967948134251436,0.6031802682343904,0.6719946609779768,0.3003484288050805,-0.04014872949246899,-1.3242995209198967,0.033853981778861106,-0.059331650636493954,-0.06274588711128021,0.12389161693856024,0.052564383011614396,-0.19918845512115746,-0.2606652694623073,-0.193647817428115,0.007288782298898642,0.9106811427719416,0
-2.137996213079205,-0.4291003409234457,0.11656259298891357,0.33676982954824913,0.23320004486936124,-0.01168460441026312,0.42224891756447236,0.6010692484210346,-0.2288757507137959,0.3207819224956724,0.06635710982466679,0.3084802117448976,-0.9734411829592775,0.0643847662835118,0.09112144960866991,-0.7198210908750703,-0.4196191956103289,-0.5108141880137358,-0.8015045624042217,-1.4013075414481433,-0.5247752995581196,-0.1959097280632342,-0.8023230946845543,0.12171045118321656,-0.18632391003881577,-0.3301797502242576,-1.2311688927024742,-0.1522049290040225,-0.3698188743145271,1.2457755356759261,1
0.8597942379983853,1.4314176435638264,-0.30472999448994864,0.14120928522494436,0.5270832792253832,0.7414100953677726,1.34958461977814,0.34319371918142855,-0.049366058138222375,-0.06513611127143208,1.3972123137933796,-0.3310402939246369,0.771581206412675,-0.22706841045777068,0.8948612340135115,-0.7299761005048027,0.5724183784859949,0.2995318539984163,-0.14672941008928744,-2.2183892676118213,-0.4582081514561267,0.04911584891704538,1.0619109583381778,-0.04843750610577413,-2.4694345914621607,-0.024846844630048024,0.6942662591553073,-0.1836982515656943,-0.2250921411178794,-0.2051615237931006,0
-0.7311433164115322,0.8698291453708747,-0.511552201741672,1.3108393157011977,-0.21937534678087925,-0.11430811281666073,0.4325458577123578,0.17751260504636016,-0.08766371038618391,1.2676629792712493,0.47079121179436806,-0.857543853697944,0.44052052592437313,-1.5067862612815437,0.6100152154647476,0.6366709135949833,0.34696274373655267,0.5218086059502671,-0.0443687209846211,-0.6545023978939698,-0.32854880625359056,-0.1088297309203163,-0.07250698725642328,0.0709967419967422,0.7703492351587644,0.03181317983687364,0.645542248039322,-0.16960012638296715,-0.018159779914712584,-0.16653425074929873,0
-1.2393824302583305,0.03525649834429614,-0.1912546195339593,1.5390723514266915,-0.0756876508391536,0.38232746044999755,0.4084754900421934,0.5886726849822506,-0.14627545439380651,0.5378981536750052,0.6470893948837834,-1.1066253642620425,0.17053551545972806,-1.772673277154108,0.7158417943662494,0.4512960282252665,-0.1056594777934219,0.643529715651304,0.005341804942285539,0.351465330902622,0.03219753619202111,-0.12169809409209673,0.07317080932556706,-0.17102992397446495,0.04375091005804928,-0.35178387190342875,-0.546904486361243,0.07703602214873168,-0.10517474814134174,-1.197700719412482,0
-0.4247577397280644,-0.027415863116312233,-0.4270102067597803,1.2704543295545694,-0.05015852669911539,0.15392451074387414,0.9672300849350535,0.9157626228502477,-0.17548701456380217,0.21892851555464812,0.5283909842466842,-1.1779686957174356,0.2602451545372333,0.2326979017779979,0.6375020733057599,2.7101379584085903,0.16479898463981305,0.39621060752754894,0.5946724065779999,0.6581224501108055,0.6781293395655931,0.03591820864237402,0.6130124335159755,0.294798481117668,-1.3057840541583476,-0.20307474345563795,-0.08679682361697706,-0.25566463706805853,-0.19214853765093998,1.3267359795575986,1
-0.15831017409654952,1.0744023460650431,-0.7525496062611059,0.6200502547053373,-1.4835194952465711,-0.07972395712660757,0.2644326656611098,0.1953131010605737,-0.1644266087867261,-0.6383639508259459,1.3907909184531053,0.21270867748380892,0.9193236407704897,1.3056706248697312,0.5836396827326464,-0.09358522930346778,0.14671830810020908,0.6051670015191597,-0.0698565144677291,-0.2731656053174058,-0.30977634296479084,-0.28662627458251677,-1.0663236195141237,0.20992375439285982,-0.11638565175972211,-0.0910505073149199,-1.4543467940534591,-0.162132373266583,-0.028248640227705235,0.5311906932829311,0
-1.9689047973951048,0.6911370067127063,0.6794728660146626,-0.9038369253393711,1.3953407577441117,0.6345772919183915,-1.1642100625450194,0.017459171791083597,-0.03052614680920208,-0.5927390874064066,-0.4789459835354825,1.4188766445277665,-1.063982759668108,0.7608015915870581,-1.1850887772146779,-0.6738003335917593,-0.05101029144725761,1.0454767422894384,1.9207432669795328,-0.2960195088215284,0.3546406818782343,0.048272733902944294,0.0749188403863188,0.18597334560731804,-0.44309734820655283,-1.4939639227981636,0.844794765169734,0.5190473573416988,0.23598496881998607,-1.197700719412482,1
0.67031342182849,-1.0423987222218538,0.99185908518602,-0.8788920727284856,1.1342415522815776,-0.21986108914435157,0.7191093303018143,-0.5387173481549615,-0.9350233553243618,-0.0298339276900783,0.8341486424296376,0.9539105430066068,-0.750839619730635,-1.0057169246364879,-1.1185233386334292,1.1195507390286954,-0.3286760966495174,-0.255273984433331,0.36017340471797016,0.4576141428313822,-1.286752859386918,1.7399026721755113,-1.3227432833368618,0.9244529781069143,0.28258898315019937,-0.02304313344120293,0.9016504819501987,0.10899416824122399,3.243286094024529,0.8861578601751677,1
1.5587761821381536,1.6145054977647588,-0.34513292552427877,-0.23054066098267628,-0.41075909796624105,0.716691715404046,0.4110541789877963,0.47574842872143985,-0.1617053175669429,0.8340850146748575,0.2494536369876496,-0.28785280833501425,1.1154881942638908,0.4067517705348454,-0.0365411271732699,-0.8415486187969696,0.7822596653117161,0.7571457825470693,1.252339338044161,0.24035363439770968,-0.10696658364185632,-0.14751171078022499,-0.2929753862397899,-0.10172020636120134,-0.7991262213030788,0.3993118377002333,-0.6460263971566498,-0.19000992263067693,-0.09769486391078579,0.46441558173418096,1
1.1348895032335373,-0.11235672821957518,-0.012527101300250618,0.9280492558407536,-0.9922303466047013,0.6487416444333042,0.5504414977298256,0.8319945485465586,-0.19028533396522646,0.3212684246621841,0.7665956091284847,-0.5348848950026194,0.5504066098573381,-0.21900112715131365,0.6520816925416816,-0.27406779337891096,0.3755762411523775,0.21489647546654375,0.4252956922484143,1.0200586848724549,0.2513274622305815,-0.23672704627478233,-0.7786118445625243,-0.4094283095842695,-1.768590272551743,0.7962220973686228,0.9251780352898742,-0.302617735444838,-0.22846367096744297,-0.7936738991586758,0
-1.3868024868772502,-1.7796798873584394,1.9444407292303096,-1.8136602016639212,1.1559810540178195,-1.9869167306364028,-2.015738907593066,-1.6410627289817399,2.6515848908486626,-0.7669116270999058,-1.3865199146234601,1.630682202558844,-1.4896471854124682,1.4131748851415862,-1.13632759026767,-0.6976222796312384,-1.4150586396043148,-1.4861965806701647,-1.3729947264889255,0.7320068576415382,1.1927106433192523,0.46292614818416683,-1.072185375476493,-0.5441075260990575,0.047033190118815835,1.5754287084202703,-0.6103594231346642,2.056290468814309,1.0468685456235576,0.8602705564075522,1
-0.18270085830692112,-0.8584607066182985,-2.050844630945048,0.239267602751204,-1.4174412336753746,0.2963583974087776,-0.6784494553316356,0.10056981294393295,-0.05455503388209205,-0.6326217085714658,1.3025889789115244,-0.1865000936184547,0.6200102654283619,0.851629952067786,0.8431060720813595,-0.6304302540737771,0.7177081072011207,0.49321909335448794,0.3037749351850057,-0.22973303949800894,-1.4965055756977166,-0.39767276526112455,-1.1757991557098078,-0.8320144631143989,0.15357326233821084,-0.31312277312164066,-1.5255103607949978,0.5221844940668856,-0.6328109339264584,1.2341094797420316,0
-0.08741290428700134,0.05774062699222162,-0.06575811732883707,1.3510567355664098,-0.6654253602168922,0.323762332845015,0.14386272547666576,0.6860737797576194,-0.1653321234665563,0.18677263278688164,0.43247532732358096,-1.0050471785456936,0.7225507319569039,0.989381157850056,0.599839027255254,0.8573114486113845,0.6245036261348037,0.23746580217653449,0.10847108024558519,-0.06675276795646536,0.07967655781612332,-0.17865818505093237,-0.5518520661042908,-0.1107219466590643,-0.22811920555048196,-0.24141253702865562,0.18737768525958365,0.097684568815552,0.17328740436286783,-0.33416301697103373,0
-0.2733918608123905,-0.42298621265162845,-0.5606269954798558,-0.23160998902857016,0.20460609821836687,-0.7639312246482016,0.6629794450023611,0.4345499246735185,0.02990392459679323,-0.09346580892216623,-0.6801946224721733,0.7460351882149832,-0.24027143108785695,0.6725232340965462,-0.6705426221249523,-0.1699874041466575,-0.7992009712974583,-0.3704867676192531,-0.03345189996835541,1.7562058579723097,1.7819186962480291,0.2997000389295177,0.5222860226200156,1.7656552432078398,0.6224590553947533,0.7743735763511832,-0.43213330238535314,0.08582849356523248,0.4423484952634998,1.7537751081104247,1
-0.5515188556655698,1.1122144889984082,-0.588512212659888,0.3719914875417894,-1.1187489375639244,0.08320742771987968,0.15879284137566077,0.2900143189439339,-0.15396079555243286,-0.05248156428712022,0.9895691580944772,-0.28083344815937744,0.08939347296347525,-1.523543576662307,0.9716159816056983,0.04202826557127513,1.645579053902505,0.38924707306507395,-0.19639316513495123,0.8289619272699056,-0.0822773776711378,-0.16844115456322142,-0.7944372614182025,-0.013863541710315246,-1.0010396059431235,0.477093319909166,-1.1088358107973788,-0.22898005332976987,-0.07945824132216506,0.190683634537507,0
1.4141812996031355,-0.019576318546261604,-0.20235845782564457,0.169689916072038,-2.4701004640803266,0.6604311998801494,-0.24258529516920935,0.8489001983148778,-0.37004451401501154,0.6594969103447891,0.17381958030560077,-0.12774507159545534,0.7983693333830834,-1.2908807470116084,1.3855771719385563,-0.10608674048482847,0.016916060890326292,0.3110172834329544,0.5435165841942036,0.5263092448805912,-0.5642701863125722,0.2673250973645431,0.3949789713990711,-0.07382814284295872,1.6020049615819796,-0.05396457426749512,-0.49703030509678847,-0.12428414630088225,0.21376520270804583,-0.04060051170732257,0
0.6038324674163806,1.4097908796353436,-0.6829820816501445,0.3377254752828941,-0.45389032572110194,-0.04265914026062538,0.19331899359358887,0.23573606896400143,-0.142373944406083,1.0353971466408576,0.6514078637970978,-0.0974717494222047,1.1587581221993781,-0.20471409323690926,0.7443486486202989,0.19721889655290037,0.9518137356497796,0.18563672325452926,0.7029915482331245,-0.34892481723026886,-0.08656058174172745,0.018508523020711085,0.5647852408409894,0.06171360419745753,0.2095728065892475,-0.7404056426066001,1.179537678023263,-0.25405240331000983,-0.1491429825549555,0.8891697002574932,0
1.1095013701835794,-0.3699842200446892,0.5846660970227594,-0.6747941470404474,1.366454413061515,-0.217899927204112,-0.09565977451739643,-0.4865452984014737,0.3736665276745821,-1.0328853493925811,-0.5658053109616166,0.9285155347711765,-0.8657600721635825,-0.788666380451883,-1.1660622810684869,-0.5931624968811825,-0.6600886802852054,-0.45200920209494716,-0.11185617123617231,0.9705896237095223,0.3468132283188196,0.16757785416814514,-0.10185331243056998,0.11722227909679898,-0.7984890939112929,-0.059742754720067584,1.0329299494257282,0.354113835775304,-0.15180398257714386,-1.197700719412482,1
1.3621460620785726,-0.9932660156597727,0.5997801654870552,-0.28011819201022137,-0.8649683539304357,-0.6780368614143149,0.3602798605927776,-0.4596420758937265,0.9880127814485112,0.28469735708125843,0.1383835561181106,-1.3104338682023342,2.5012626063505956,-0.14722078973999445,3.0803395886546983,-0.7311670654236373,2.2381854223796323,0.7530023775714414,1.1043967162981292,-0.2708130672792098,-1.8333997993713353,0.12497991373068057,0.11400193200305328,0.6912080567461534,1.5346541313042812,-0.6860313124270391,0.362543110424859,-1.9944590671724916,-0.9483515795045415,-0.14626664304553091,0
-1.5126195948663335,-1.8415024274563014,1.8103998941662611,-2.0691595449588873,2.1811436047887582,-1.6307831334865348,-1.026198542768809,-1.9620062082509697,0.2650070297522804,-1.7877847197621837,-1.793999194155809,2.0345162050394427,-1.6548776584520388,0.906541057583266,-1.617464186705018,-0.44088501118657614,-1.4230910756713473,-1.2955806513495036,-1.3645544410287187,0.23367206015537925,0.7901003873300674,-0.99946484579802,0.804334880736933,1.2277370811497141,-1.6993285297037775,-0.03773266203540849,1.2794168165777773,2.7473422594131915,-2.634826697226309,-1.197700719412482,1
0.030869962079680985,-0.5552572099670471,0.2036069319966098,0.29157507376107156,0.43547708081466857,-0.25253170762751115,0.5935017774289696,-0.49103000478447806,-0.6066717982969698,-0.04567388885632961,-0.4888273255092309,0.25775503861767907,-0.26364960883799027,0.6529133091746901,-0.7044291266263142,-0.3048927436965453,-0.7738311451219123,-0.352105806703796,-0.6015986400064546,0.37919963114935595,0.5358430152560877,-0.027344909327274014,1.0532062810263754,-0.2720621671663741,1.0516211737665053,-0.4248344316790243,-0.1422793360012063,0.3235087283435799,-0.13417122693034214,-0.9581691977178104,1
-0.16096797000347954,-0.9488810454965897,0.5925342868632077,0.04292714893765848,0.13460671501349883,-0.434918521820323,1.3858497957087896,-0.783347605971947,-1.7027127381127516,-0.4984048796432404,-0.17514958769542158,-0.41519027494345107,3.911682664995653,-0.28031411855890603,3.4124856131089754,-0.5406130936126116,0.7225266240425796,1.173966552632784,0.6351537864514918,0.9159882656119641,0.9781298589597944,-1.8360993095981701,0.9178211431827608,1.0219273590823617,0.9447867822606584,-0.11264778869102803,-0.8296912821144657,-1.0113509731403296,-0.600498717385541,0.5405871057285984,0
1.3947984968498117,1.6681222431394225,-0.43413497834541726,0.07596480606904449,-0.4955942574812984,0.27895952249108064,0.09592651429601226,0.42531778802366405,-0.1815152417853883,0.6458105434349085,0.6734744954898464,-0.23105435975386168,1.3950608180791884,0.12096219185473513,0.8814563311840273,-0.6616369839536633,0.5560107859510621,0.22275052022439162,0.13186547255498918,0.23220817076954042,-0.28766560359272403,-0.1843617397754001,-0.5834376491530461,0.22356124027099658,-0.7271786360693391,-0.5032840831880674,0.39513845740606635,-0.26831286758422956,-0.21483889808033935,-1.200704124404151,0
-0.5290429997505869,0.9941990003404102,-0.7153913027705113,1.230023358665422,-1.061074739609132,-0.14441963780148048,0.7058303629430722,0.024816469785792487,-0.08118388585042974,0.18389721018128224,0.898434441537761,0.0812251731092421,0.7942575130157026,0.9248688260276724,0.3977804022380614,0.9060254799359498,1.8860206865924005,0.3608487263506861,-0.023661217736480906,-0.10191470286952534,0.04682672954733395,0.09421079277676143,1.2217261843544027,-0.14302934918721083,-0.4454944797901144,0.33157701002253465,-0.044243603163469584,-0.11806447774891606,-0.028548931904134153,0.10243407006464625,0
-0.3273052022722382,-0.20264605614628084,0.13127671553384748,0.7213949468770293,-0.5476807484576233,0.051988139607808306,-0.15289661233244467,0.41024792646918273,0.017272954475016155,0.12360873956539271,0.31992753101360766,-0.7878929411213007,0.9549412655570821,0.8093051838887121,0.6405517095766659,0.8375349472331751,0.8331256148271331,0.5175636951465316,0.19176607039843424,-0.33144151460455223,-0.03913704473556867,-0.16286700754614544,-0.6124700246547773,0.0410423054011843,0.6359563518571372,-0.1636974810660859,0.14825075979997088,-0.07193805876267435,-0.023099135361807074,-0.23333650222765445,0
-1.2550965974613526,0.7367338822185994,-0.2857694041350917,-0.2855521442032483,0.052064113455626046,-0.5225947390532557,0.11050039632620903,-0.40755755160716184,0.14160627554797747,1.045160137761889,-0.2633828792792838,0.6124448546424011,-0.3152677589327391,-1.4336553049103624,-0.2703217686852583,1.2134673553578659,-0.9441170435435714,-0.5284017925404163,-0.43027951704526085,1.8973371091746596,0.07213804217569013,0.23214295156479137,1.270760698477282,0.6701582655064903,0.3084609337098074,-2.4948000297960986,-1.2166830516482359,0.3579884396558911,-0.16640602965119333,0.3028799536833356,1
-0.9320123869768941,-0.7896741248893314,0.5097955675028145,-0.5548085027474408,0.5752886605403932,-0.41310398588003144,-0.15044638477696323,-0.6717313557085943,-0.051507728332434936,-0.6191942864152803,-0.7951204115722671,0.7665517750020993,-0.9829416812325,-1.0268947939697544,-0.9628956549862518,0.6764973405399474,-1.295756001303771,-1.00921514113985,-1.329300882723511,0.49420685326423214,-0.3373776255119148,0.8255344617389805,-0.06585546056886905,-0.30004966995474613,-0.184657460460358,-0.8428796501084059,-0.6583820234298289,0.0160584211146226,0.22077203532319067,-1.197700719412482,1
-1.9504340313282695,-0.40299860839363577,0.5761780316402151,-0.5457804507698241,0.3448656164738496,-0.3321525976803213,-0.9160065993589027,-0.4765005277394814,0.23705411719809766,-0.18487636303179622,-0.9599386816072726,1.4185677537400911,-1.206193142759712,0.47350328956660576,-0.9966492205184065,-0.4752964035809164,-0.7484038491957036,-0.7122804110387377,-0.3375918275298901,0.060930378318051134,0.36999827612564673,0.14354121796922073,-0.462020307938523,-0.03777763489928878,0.10586892455458771,0.04599954967093591,0.6021620775286275,0.43641603386039635,0.551718511950043,-1.197700719412482,1
1.1208083324597549,1.8755956313920747,-0.6420631873234193,-0.05286160608379084,-1.267028839593872,0.28101282844059056,0.2669311603768355,0.3074950004501574,-0.19009412311914936,0.06741992419935357,1.04267489247665,-0.45331315980822906,0.6831045182133314,0.6924319610101138,0.6333850828826164,-0.9452343602255973,1.239649153374577,0.3456210839031964,-0.3011239361794123,0.8619430516046747,-0.08827242433323837,-0.08198697747884606,0.0373853111422765,0.01073547365504841,-1.8149647041921857,0.07046612017112823,-0.505420623212061,-0.23094005418757282,-0.23674562115917602,-0.6174815793277706,0
1.2580811519636819,-0.30648024356626274,-0.523341479792988,0.6742384116013622,-0.8847724642325255,1.5647672397338461,-0.3370320281339712,0.45850569858476087,-0.14353567682915105,0.39571759817196417,0.017644390778786885,-1.8498218390545669,0.32556276469730544,0.13655418291906116,-0.020509101916865325,-0.9138760714282617,0.7946528003221547,0.6579033893089724,0.7310134001813444,-0.43999378508085496,0.21626009984673253,-0.0793633809143337,-0.2176702328703735,-0.44596090205758493,-1.730173580532276,1.8963833596372024,1.3997771487401498,-0.2772812749619794,0.10536226233633887,-1.197700719412482,0
1.5375585401877616,1.3798667206313888,-0.5702253198691821,0.1767609418132335,-0.04966749258342777,0.3072574845681814,0.7748855256261311,0.38429516003418124,-0.14376899439245563,1.1405555085825898,0.5149228344304366,-1.8267570236539643,1.613475807942548,1.3313571592050315,0.3845780610983014,-1.1736373778509743,0.27003051396691613,0.3108899971041676,-0.16347215431037834,0.06799736561930395,0.010979780454513652,-0.2645050594993112,-1.107888470809425,0.20701875390617208,-0.05870588819691541,-0.4262938655130077,-2.6464818779963264,-0.15530670024206267,-0.07754603147452664,1.0029310110924368,0
-1.6356056400961199,0.9302411263199133,-0.10679123074970694,0.5203822751670971,0.423521717775956,0.3949167279243447,0.3474487960476972,0.41836990682866615,-0.17036766953590504,1.0602256480527636,0.3577585196567905,-0.4558299839507792,-0.36519494040159106,1.6245655062274986,0.4268224935183191,-1.200375174028732,1.0614350904544196,1.1372199506415859,0.6556343380410081,-0.9686531922399114,-0.23078315597385657,-0.2745328105237414,-0.8921125312181282,-0.08805647545287372,-0.6208692207755823,0.7788583578728033,-0.22506389807174146,-0.1961826653245736,0.03368157213783036,-0.6899591503068163,1
1.3892738239326323,-0.43792819287846657,0.051139534671093695,-0.24267553082152774,0.06202083057851827,0.39249646391053455,-0.820001857804327,0.20626703265474508,-0.2583797157965714,0.3979163928725896,0.02740168727912845,0.35400966927580807,-0.43295695047364363,0.2505592684907978,-0.796372451905605,0.13783753576371197,-0.44613500773112813,-0.4223868879757152,-0.5259345780717573,-0.667376470992568,-0.18114213726116116,-0.11946057280939172,-0.5355408925549029,0.2027381042417723,0.0873828255777475,-0.6164526653074814,-2.755022499007961,-0.8538442750910259,1.5060784257291713,-0.5732561129360267,1
-1.596876268293949,-1.6880039222109164,1.1939026406518336,-1.7268911118306132,2.0901540906343175,-0.7403615321808844,-1.5808607000881132,-1.8930065569350445,-0.4291268285764472,-1.9316307173409317,-1.8817672247903308,2.202586546521859,-1.7494985334499609,0.20657652315783157,-1.776500194756314,-0.3015957354183261,-1.5442128906653492,-1.4055872539740157,-1.450885379480396,0.22958787506151904,0.8752643142301462,-1.0566001807133405,0.24457037242975518,-2.553560087263369,-1.363850734018275,0.14243999455062212,1.4271886829087914,3.8040070676651605,-1.9073436123480147,-1.197700719412482,1
0.9446916069658123,0.4794016649062968,0.05626277738686903,-0.4974071530033196,0.5674261882096429,-0.06631330143073196,0.1880928059158477,-0.06489117424679798,0.04469966785604121,-0.2828181917893604,-0.20893293678838332,0.6641750857314708,-0.3238448571631801,0.2884193571150379,-0.5874024860890381,1.007174868443368,-0.5243456005889284,-0.24571393242561637,0.34202527926353515,1.2819050491621458,0.47521639784034675,0.21551494931284015,0.9902084223683016,0.39350951349815083,0.9400758468280436,-0.8216393707454391,-0.24653542586626884,0.09864990154911034,-0.1932574125159973,0.9787825015894107,1
1.170086530088999,-0.3817763698629904,0.33677278109599956,0.2063614012390286,-0.29810123964126556,0.3972188739196748,1.1475556170437664,-0.02511567581369904,-1.2602484706394177,1.7568947496304599,0.249911440796458,-1.7587315707742939,0.3822086521174206,-0.885319882782246,-0.4121111998035489,-1.4094789761974684,0.788055113964173,1.4816476531308937,1.7648958621350748,-0.8527603316547314,-1.6459458075193631,1.9406486735988366,-1.0697015281020543,0.3997869219698814,-1.7001725517082658,0.23113020340930834,-0.7143337281394695,-0.1772140106777302,-0.1671776614320054,-0.3419022623404551,1
0.7830921648965027,0.04668194839483335,-0.241293267373261,-0.13888987759683108,-1.2741428028670472,1.8943131650506997,1.902154514715612,0.5293355950154561,-0.006937551502079878,0.4436900017572141,0.32841713368379083,-0.3886086660346696,0.3875978275798881,-0.20822446569034073,0.29206201868716264,1.3421667843407306,0.42993501544934914,0.5526749584704354,0.720267662883938,-0.43361178188992044,-0.37654197649103044,0.012586816470391808,0.7500636212971074,0.0031909842054169907,1.2616404585734466,-0.577926768039217,-0.3531166233291821,-0.33927360515881866,0.1433689676646363,0.3108817071964505,0
-1.7221236869889915,0.004607589363043717,0.14048968147654434,1.7602609169500782,0.30210170099774386,0.5479847075063358,0.6754630960223881,0.7369914997603647,-0.24040860626684213,0.7483703755108579,1.3832993673078426,-0.5003244453638683,-0.4086875130763323,2.56829205787371,1.234992345857275,0.648638661639848,0.4241877829462466,0.45997318571778667,0.45725767807133666,0.4725338718044995,0.5385589924691009,-0.2950661338263929,-0.6582502531230418,-0.17811779554110796,-0.9332897102711214,-0.46615564827580713,-0.18022619967331036,0.06803952625057774,-0.33789229328640785,-0.9581691977178104,0
0.19609764813095415,0.22100272732064505,-0.09831841016621694,0.6743376087510449,-0.7994100092484969,0.4787122493248213,-0.09234127879916186,0.7609962522156045,-0.21115021012576282,1.2803367002306127,0.27712024313163286,-0.5487749827880761,-0.2112066076589752,2.223451779392793,1.6333204941207857,-1.1587467825166038,0.36988265681370436,0.49415986464067035,0.003910856115648729,-0.41849515834265477,-0.11003256919702468,-0.23891532424771655,-0.6503798994065193,0.030327516109668187,-0.3200757204266468,-0.778558474945659,0.2029739039931613,0.04407653258103867,0.11915155983042199,-0.31617350285085954,0
0.7976709281192202,0.3147535729855468,0.4249642459241394,-0.38090845914366267,0.6661033839744244,2.182042796200142,0.5491734996044797,0.8244154517567817,-0.279271045947942,-0.6231492136442784,-0.12289470667280167,0.24607172867015356,-0.17372788494347055,-0.765496109708511,-0.9466978671819778,1.1394171576112757,2.4240690041500788,4.358946755948452,1.6578560322411489,-3.7557497580660204,-0.2884067119775248,0.08948947355763313,-0.8428594520644429,-0.39928029396430664,-1.6950616258442501,1.0975052492034179,0.5247851349584811,0.11487383356460046,0.8095129046532472,-1.6230553716641472,1
1.3660743051364597,-0.9644988041328675,-3.8869464735045596,-0.6650857783123937,0.9244697693669295,2.7897593810679253,-3.069945409909941,-0.48520262716330914,0.044271219885327596,-0.08579428157805821,-0.34382020897417587,0.000286135265429801,-0.2176054864714316,1.1275837936300903,-0.5677295160407699,-0.1686041462835826,-0.5559210161166084,-0.21733789834917705,-0.1906255610317883,0.10952665605349003,2.3841323301564006,0.4231143124382595,-0.162124066500217,0.7992660004176084,-0.5028329805552351,-1.6095963210558129,-1.6365124408364606,0.45295601861576107,-1.9786577631806148,1.335133010273131,1
-1.3800888227619976,0.8817731902166385,-0.05362398276409124,0.14262247163186123,0.329841298506,0.6421762941020968,0.33168943506159937,0.5088168234926718,-0.1216174766866248,-0.11549772301475952,0.4222905140689604,0.24213543286058145,0.3124397661771177,-1.0285259197651202,-0.10745315720797245,0.2632851417530031,1.667027581775275,1.1729006608959593,1.2056684492709548,-1.3755672059123194,-0.22617455673716233,-0.14839727326311056,-0.47682236542457523,-0.13710190051791568,-1.0225321235962994,0.7442279032866729,0.07327741720351727,-0.17749733642243368,0.061731676446829496,-0.6935032572056496,1
-0.9894075128470725,-0.12307752832710452,-1.039853509334949,0.40262446891519893,-0.13149090663448362,-0.40564625294676804,0.8915576461237037,1.6837119748205975,-0.2097172939848619,1.1034896235922118,-0.04729862392553992,-0.4532585162350322,0.31267953208633215,-1.077593581029966,-0.039059147232766045,1.3064258834097235,-0.1431847754280219,1.5679580692803359,0.8649407911350908,0.8290479682208638,1.4097209746235397,0.07387692097777729,0.4141504907165029,1.674951521943474,0.36131305352924276,0.2464515099504523,-0.49475193434563963,-0.4900242291750255,-0.3921619448647743,1.7300689521689803,1
-0.40254386521871127,0.8486001991519838,-0.10091671199896471,0.367293483547494,0.3483092922803769,0.394900016104039,0.28919117565386826,0.4143632136043946,-0.11029957901779353,-0.03746314905718255,0.48787430627751266,0.34340104476316885,0.412575223385504,-1.0863823130116645,-0.01910381468229926,0.3980340602013195,1.5508107739126915,1.0445677143927803,1.0888661292614146,-1.6310278779538652,-0.2600311484907283,-0.09023174187935627,-0.0961433527598496,-0.08533837025907198,-0.07631202099820382,0.5424622109660576,0.1338638386098046,-0.16521571541688346,0.06096974313692848,-1.6230553716641472,1
0.9366717362207017,1.6441056446196334,-0.6322901621663927,-0.07923465251526414,-0.34995265589406155,0.22692630688036536,0.12510959225804996,0.42644886855488734,-0.18622126837594813,0.04498040559861001,1.2415151656395336,-0.7335481782465989,0.30973745125360674,-1.7632954789127755,1.2361520958741905,-1.1328947162123888,-0.2712228429240254,0.34224081640224796,1.7465684858297463,-0.6008070656160763,-0.7924247746637624,-0.19215864786921852,-0.3700141334924559,-0.061127163030219395,-1.005415516249117,0.39111110475063887,-1.0850585991011492,-0.21371680889166,-0.19787388348320625,0.6851687049555862,0
1.5151451040378825,1.6602038113449347,-0.7291291015783091,-0.0014986467441521403,-1.1310049287430763,0.16176017159268918,0.16270358410556723,0.3300810485449143,-0.19047547762903133,0.013670598760673199,1.01439849615892,-0.0031497127750405936,0.9808728601332883,0.6442976255379635,0.6580103447337345,-0.9801497362691175,0.9775656910033286,0.4644202054349996,-0.42748291267657273,0.5534887139681378,0.06545910367746026,-0.03960844867155476,0.13640053565694793,0.10597229535765086,1.4880104358964092,-0.16825133146338614,-0.7574509320496569,-0.24868887213537993,-0.17272090723060374,0.7768477058881507,0
-1.5879226449362336,-1.5394373178578586,0.7672797091436394,-1.6549543350164349,1.893568020996389,-1.711058565037172,0.5310466150574987,-1.8056786939968898,-0.3756668767039976,-1.5257564707898759,-1.796626977364247,1.8982015109835957,-1.6427703799851583,1.1635185416041984,-1.2697344717388144,0.3659550505408511,-1.648453973536865,-1.8153826745631751,-1.8039456103407507,1.2843855217682094,-0.1733298520903876,-0.8992861207095943,1.5172258438469997,1.3794543350349422,-0.963729930052617,-2.249387921989357,0.2977147647542926,1.330736334256577,-3.366907693404135,1.1422651308764673,1
-0.935536308631471,-1.96898555813135,1.738563396006521,-1.8723587549956857,1.4795783447631632,-2.3636598910019018,-0.4978380118326294,-2.3128495488985648,-0.008555695900620133,-2.36023057666837,-2.2089367081725717,1.0758922289206703,-1.291256726766107,1.3102571545838004,-0.9626224189365258,0.9073514027929039,-1.6518515266699532,-1.91170870752388,-2.0491313039214107,2.1051176715086615,0.3050484316344817,-0.9370336794980212,0.40035731752567333,-0.6691651744411278,1.3275618611636764,-1.4209671277881954,0.23345870630024418,-2.5365551558312767,-2.358598522399273,1.0106698677403279,1
-0.3698935809087591,-0.06801038698339135,-0.20712072088136138,0.04930358374961395,-3.5093956852909542,0.9103948613359042,2.127100924941276,0.02454539782261685,-0.7481617344389315,1.9067693405310076,0.01743001275624322,-0.6214168419726624,1.444221505921101,-0.32756251761916394,0.9148229752431182,1.020241123930656,0.10423914153686145,0.34446251130582417,0.4056127539263677,0.5340453352257784,-1.0231898193447497,1.1116662311127576,-1.5948532109055444,-0.06251308817412414,2.025556863601323,2.189065643368904,-2.129913255673992,0.23406050627643743,0.3818847398191715,0.6108374310540573,0
-1.3851517730169598,-1.8627367449782117,2.0222593475860484,-1.8855116027130439,1.1270014203897984,-2.102301052487692,-2.1095666529615973,-1.6913531526899088,2.9193700503687263,-1.164868957970067,-1.3165958945145328,1.3883327958932206,-1.2244968518015802,-0.01608032654013419,-1.2436698826507278,0.014271131742657218,-1.3765319977621342,-1.5237446508983952,-1.428137149041937,0.8180108722127044,1.2263727910152222,0.5139776696699226,-1.0166692928007666,-0.6429482021132689,0.18363401589556355,1.8005752588903248,-0.51983073360674,2.049815885394407,0.993957393199627,0.8602705564075522,1
-0.3235174695563355,-1.6006509044574764,2.3730199453423895,-1.1471220883054616,0.5005580316288258,-0.8572478577736173,3.007958932844901,-2.0920646462327386,-5.5806317466772475,0.2395181532099072,-0.6838063236776812,0.9765709983834983,-0.7002883394287626,-1.7612578098300826,-1.1867838529015795,-0.268340953348221,-1.1980519342633762,-0.70516801568907,-0.95741051932441,-0.18071907127057482,-4.324160422816438,7.914019732244883,-6.381406178372348,6.560340072846447,-1.0954615517695523,0.31799954254328255,-0.24781214686214187,1.4144567159072419,1.9767011822099552,-1.197700719412482,1
-0.749272823762502,0.8272177409160506,-0.37148690945894713,1.3547764486200664,0.32630875306112106,0.12648918531985404,1.1464888843555578,0.19211176452400489,-0.04738613367080894,0.5163728554328288,0.7928347455160324,-0.33097028237062753,1.8268548298779224,0.6264679437285675,0.34432268954690115,-1.8262381244314385,0.42569290237647556,0.37313835371024273,0.13146911636839162,-0.6587403323954998,-0.235693549711961,-0.05506177297702557,0.5171669351174634,-0.1797588642785393,-0.4368450041096921,0.85288389996912,0.4745573967638189,-0.12442153090620604,-0.043388721593967235,-1.6230553716641472,0
-1.1734646634653105,-0.40482383107309633,-0.3909237429562466,-0.15110555832968348,0.3012614443471439,-0.6492251819177463,0.5054545401813713,0.49159273663393,-0.0044168486493433145,-0.6010148747973776,-0.40742018014327985,0.2896199072132267,-0.5099115085579414,0.20566508518695206,-0.22026516995427547,1.9788996751418313,-0.8196686584303647,-0.551992548495863,-0.7927289026112496,1.0119894196920292,1.5402188410460331,0.2757181845217759,0.20748547502374834,1.701453336271201,0.6119883965535434,0.06857902664005865,1.3143465302039004,0.016938768840853383,0.4293263929694412,1.6983124102367315,1
-0.0325314961589704,0.7950356469996529,-0.6379019493824369,0.9844000463315677,-1.0994751532321871,0.11144738154554298,1.2678918980831206,0.11295992951453698,0.017149018578207813,1.717877744766739,0.18146757731040344,0.31335772733722783,2.296004927131938,-0.3596050904284743,0.6629718682097064,1.3957983724257141,-0.241543832170639,0.7821796289149335,-0.3739574576575188,-0.7271062960776512,-0.35954353823046037,-0.04524592531845166,0.6006726482937956,0.034461784807437806,-1.6347758480074461,0.1605987528819039,-1.1830856313076414,-0.02183833688058925,-0.04940542784308718,-1.2746217292062307,0
-0.10107250546938476,-0.7550132467797361,0.14973164281467066,-0.18277006772658166,-0.8349914811982702,-0.10840097422547779,-0.772154002081636,-0.11069724924051319,-0.089622903634801,0.6371530628180266,-0.45735499813166597,0.4595258857833954,-0.5304252411243355,-0.9289443622560608,-0.6850291859103806,1.951676371928342,-0.6558610351535686,-0.4468013349163673,-0.5576471514482667,-0.23025508585190563,-0.8355122406207381,0.11035722059866508,-0.1051970010566076,-0.9370681134664616,0.4914038691335235,-0.127379289500684,-2.266900415396185,-0.9970005824728884,-0.0640533899401018,0.6259020145720157,1
0.9140930491579641,0.21218182518263085,-0.630079772019055,0.9682649161676136,-2.152303152872479,0.2092009034623275,1.216819912615443,0.12347816501467367,-0.19617395225525192,0.13906282147984828,0.5420542633432541,-0.1722396141599905,0.3475467382455686,-0.668204898471829,0.6139571843607498,0.19192615178777822,1.411927646030227,0.45932277017028117,-0.441734188668604,-1.22321383538347,-0.2724785372924076,0.3430906981813987,0.7499955058581907,-0.37459369963436817,-2.463231490637136,1.3801159755322263,0.16472875261552064,-0.017170561228580898,0.2962837620196813,0.5853278671805128,0
1.2937250174120292,0.17253386511856716,-2.1204463448903628,-0.23686108494750924,-0.5151977398955998,-0.1627229138706046,0.013260854116356892,1.009223626286548,-0.24316894897006514,1.5780798400880343,0.17570304864475253,-0.1869215511871755,1.3570505885794444,-1.225473225474807,1.2668291359262995,-0.4217825785737538,-0.00025352126865403406,0.39772560282755864,0.6435767621141256,0.3437345846671582,1.4807730984119742,0.1636589594178559,-0.20023889482482848,-0.7921676380044433,0.18190076476562714,-0.2044879568721227,-2.6851089443839173,-0.3619413050339588,0.19002542005015846,1.8652090794486007,1
-1.2253917804004004,-0.5256941187951512,-0.12306885444009856,1.2197842182658345,0.3801942079651691,0.35921412245395146,0.6129898939081392,1.138980306599631,-0.6111970863088089,0.49757533793695335,2.7011993940551764,-0.2039145860422434,0.23448872028843476,-0.16980721309982574,0.2612103277471609,1.8899810949666593,-0.03345966769622623,0.42136751315197746,-0.20265268156347743,0.15810744911377247,-1.1698495728937766,0.10896673642711617,0.23812846780641814,0.12112732284067403,1.2406700676873563,-0.8581209259558356,-0.18417654297292183,-2.064546049774613,0.5777190514059345,0.8815352122935047,1
1.090316400962946,-1.017106843385549,1.0581812583216548,-0.6307835611417626,-1.0584670489114028,-0.5609801085165371,-0.5194138114954192,-0.24341187031537834,0.8943203241132631,0.9789417997623319,1.7125079878780287,-0.7632969123976704,2.816250104081984,0.052763375423892867,3.1834795300079466,-0.3770553736513722,0.8542791925054473,0.7787317834525779,0.8451049505804742,-0.42120243145073416,0.49031591746621384,0.06764134903614732,0.8694715145004117,0.5750225620611787,-0.06992681794515451,0.07362936792546156,-0.3315228629747043,0.6654026819005193,1.050035664741775,-1.2815318590667526,0
-0.6114932020010263,-0.9853922424702959,0.0393316315425729,-0.840970299558253,0.9399326862963514,-0.5159305104895356,-0.5755303342131142,-0.807990214768677,0.4604723331412619,-1.0184940604663963,-1.1713482473707986,1.3493720921119183,-1.2696556110419894,-1.4208076258352693,-1.3239012247683979,0.2962933755837408,-1.4276361553370642,-1.4072632676185608,-1.2753912688797344,1.6653666822581212,-0.3790126621878791,0.28769512873861897,0.05815001376643413,0.5304536371303973,-0.9862821019302025,0.8496525194893269,-0.10629209033700295,0.9599035841984486,0.2577985420152068,-1.2510809211110454,1
0.15519462197697897,-0.7036505781010256,0.397941883379807,-0.7918025581749883,0.26270101385689676,-0.14438652358888185,-0.7784227859664359,-0.3120841121325523,-0.28531432972367476,0.9787026607929058,-0.6249602867505751,1.1003237804360777,-1.2218435206389044,1.5071491910380064,-1.1258273540438635,0.34561198304719837,-0.9131864848604728,-0.7323255584686427,-0.5670727955162307,-0.08224253474390777,-0.7814406364936235,0.4065944153621143,0.1900099082682548,0.5113662877350315,1.3131013453930898,-0.5372167740135401,-0.915011617901068,-1.332337569044988,3.0178418980355244,0.5652542692760231,1
-0.2833581389670402,0.037807611537666506,-0.05164032511222457,-0.34644752739908435,0.4804864093111336,-0.31222456995016096,-0.4673679153868706,-0.27758160457326986,0.01894237982928639,-0.38624941680453223,-0.6229088447024534,1.0389185970766102,-0.7855712978700187,-1.4934362930911413,-0.8918626318163245,0.6407145774875616,-0.6586364298879983,-0.776327518493271,-0.37190466595928723,0.009162680601418843,0.7068586468619987,0.18508830084402877,-0.2769657955059634,-0.33445113821654654,0.41932161864092454,0.8900426396147887,-0.7043082442047894,0.7131603924764783,0.8975340085588451,1.2225688414022997,1
-0.5843337683570509,0.9750467509599702,-0.5138481253688408,0.537870061211761,-0.5754368900313915,-0.012837232571220646,0.17205834309461562,0.2148850641411749,-0.1484490971549101,0.07317701588814632,0.6200426438149759,-0.5493237503921177,0.3097304001232085,0.08701072278964068,0.11982200196343193,1.761708156965242,0.008023454108572973,0.8682157105724106,1.652402256192197,-1.758739000497721,-0.536347306011013,-0.16982784426671202,-0.17435174468300121,-0.06909069771731026,-0.061215957981971644,0.2851537383457269,1.3095185303237946,-0.1672700536781468,0.03730502666424784,0.3718465057680874,0
0.37373914589429785,-0.9147189968157312,1.0232023332957294,-1.135266502370087,1.591632663597816,-0.787642081691388,-0.39922717036056043,-0.8547257779126828,0.7459116451587976,-1.1048635749459863,-0.9829458099407001,1.5622466528497965,-1.3571702423609877,2.768188932349786,-1.2806276795049714,-0.30422045225096545,-1.0014915829720075,-0.9730966224755507,-0.608864671129796,0.9126323813367068,-0.15295464605121661,0.3106960393138604,0.14611547879454034,0.22972677724150387,-0.9355808471909137,-0.25430771972828103,0.8167140406045704,-0.48001536112879994,-1.8260553392767451,0.9413666247767262,1
-1.3279270026589531,-2.276166873649177,2.6385139550600853,-2.223003268030259,1.189637962355764,-2.7026007163852066,-2.43545807612352,-2.023161598498181,4.435544474975039,-1.06996841524995,-1.1974063833293749,1.067606417006053,-0.990753921342086,0.8556138131968458,-0.8729720317640663,-0.10242512950696442,-1.1586447329434493,-1.3505928005583836,-1.3763612578957503,0.4635351941931155,1.3136199690267991,0.5309857933771761,-1.5136175519244555,-0.991108787299482,0.2688573474932613,3.0318090492555925,-0.4903883256574848,1.6271965091279663,0.799889245262476,0.8602705564075522,1
1.083170286645447,0.263447199235799,0.17237270395133478,0.3100441123458794,0.987272358610389,0.7825527430464998,0.6082097924574492,0.4753685220600953,-0.1332689042189363,-0.2191596206548899,0.5472161624429971,-0.4341795561600784,0.25395940320360144,0.6960221222956805,-0.5926545455643218,-0.32951859128883887,0.7653918619165062,2.4281558335605893,1.551553770232867,0.17428000802196084,0.1044386030438772,-0.10112224512863939,0.12555399273881973,-0.18490761845442646,1.6185481080340762,-0.429079137953962,0.914831193815684,-0.3516643972376126,0.06463968807249014,-1.2746217292062307,1
0.6921387716867896,1.4703537908642104,-0.4115720495193328,-0.1455443645267529,-0.11094253743386331,0.5373484633129019,-0.07779637490698911,0.7576935023327427,-0.2435375075099382,0.35170666679392426,0.7035294066729207,-1.136443343251186,0.6409327756464497,0.05710927052631245,1.1309765587723462,0.22334510478838387,0.25206004607559146,0.26808660245314186,0.08938739238181323,-0.5314592888231012,-0.07166972004695296,-0.018765878849497993,0.22964198163571012,-0.13396394473457457,1.3428973012571892,0.6463138945912137,-1.1949936184897418,-0.2551679251390761,-0.13621585625784466,0.9968185422596874,0
-0.16057025902207836,1.0366526068064128,-0.5829881938353494,0.512432712365179,-0.8049191157323778,-0.028606095018804147,-0.11676383576220097,0.3627414533855831,-0.2180856709554425,-0.010148972562631697,0.8433553270215413,-0.9492899763839282,0.7847365121378028,0.8491562559899444,0.5775071504281672,-0.15443384354657397,-0.29276257222281016,0.5082040532532945,0.650121657785529,-0.6279782295737057,-0.4651597831995614,-0.2419566062424033,-0.5811858091847765,-0.08113183670932113,0.8989896793623153,0.611285470907286,1.9969764993286445,-0.2657559357881404,-0.05354470779169572,0.5205140725969017,0
0.7224357891262925,-0.2666362687395223,-1.7191938351261369,0.1677120560499486,-1.8800456803109638,0.40035097328533126,0.2835260158762561,0.8057833818373987,-0.15248807108250723,-0.004428551898452211,0.439879046580911,-0.46653194838669626,0.8937875468422447,1.0699965846400294,0.46120171780241476,-2.0575558191962116,2.0303364133522313,0.17186894907330472,-0.26651168821280974,-0.3810121420397843,1.1388459769174823,0.06171999660515947,-0.26056054083669283,2.150991341009551,0.11784282925707976,-2.579266460273786,-3.015024685651018,-0.08719479143978974,0.8083987395610684,1.5831519508820515,0
-0.3774599684463442,0.9591564497529259,-0.6406000119361059,0.3696943733805893,-0.8994803693550972,0.049563099259288285,0.27290475760099103,0.258824430757779,-0.14974725523229745,0.041411975159152924,0.6840018871628806,-0.11534348266792241,0.38895207000535176,-0.20835348947936888,0.197142615415739,-0.5728743216453253,1.7267155053889462,0.7262101907020614,0.01480639470815398,0.6764413505596414,0.1669872773849224,-0.09648475084211003,-0.29307320989678487,-0.1962577113070546,-0.7770845117470017,0.7001098446230677,-0.6328033727159328,-0.19422591371361897,0.0037825626678053936,0.8512188722125005,1
1.4031368152963088,-0.029008362003354354,0.8794056441609173,-0.989865616320052,1.4678201006903058,0.16811312078936777,-1.1775254046440427,-0.3344084733460169,0.16669519547855774,-1.2648136122143665,-0.8359975327185621,0.9935137804905833,-1.098171621750329,-0.11077154602455432,-1.593160270479922,1.2328951819987157,-0.5647077039128506,-0.21828372154507866,0.17164471269747034,0.2809872861384606,0.6407127911914349,0.12342794658620947,-0.5439989174509129,-0.0067724163928319855,-1.2719461895543929,-0.10850787823498537,1.0253087091000173,0.5773168167119782,0.32659956087893144,-1.2711980788469621,1
0.8589071682041447,-0.3343544008855539,-1.041245845209809,-0.37240487506117914,-0.384528315411085,0.26677961485758617,0.21929903930258088,2.2898473585287578,-0.4118734186444035,0.5131351688493143,0.5311573736118883,-1.7108727712763705,0.29106557815966966,-0.21673597174502013,1.0638484778745132,0.21511905328784303,0.009902537070346518,0.2989792279381166,0.25809070561713704,0.6007220015495017,-1.8403245583819359,-0.08303702478755191,1.5560787284185993,-0.17093022858805748,-1.0070620274515572,-1.430837999752676,-0.7472687252460068,0.6440891368110989,0.7045383797082941,1.7003343468689842,1
-0.6665936591728072,0.09693374950606175,-2.275941612810651,0.7843762204651454,-0.7016825304578216,-0.5140368014750744,0.9843623097180006,0.1723236217997668,-0.09789255425298216,0.08148841012806414,0.9472094463922179,-0.25923002024053693,0.7823382862819047,-0.30047280587915487,0.24219131727460624,-2.2064038324198907,-0.1433385766844627,1.067956281034167,0.11218444502253684,-0.09050748726232336,0.9821126967109212,-0.04416782880562198,-0.6308293059366031,-0.5548388812081233,0.46799761731445594,-0.22847710758792455,-0.6621415810379598,-0.24233418159467315,0.25846501420557305,1.7586085829973344,0
-1.9954281808762344,0.3697495918764029,0.592997181424627,-0.7141407326238446,1.133604776835966,0.9699326487444094,-0.9660845691172053,0.17464487822997588,-0.11947036006999952,-0.5426496608673873,-0.6982043254744497,1.014164099934781,-1.2342377397834292,-0.7147644225121168,-1.1987684705900477,-0.299071069284097,0.02361112915326355,0.9430240116183093,0.861544180179388,-2.406763986823994,0.16331200905541843,-0.02999911422211089,-0.5812508955204237,-0.5043993636985593,-1.2125108344475664,2.3531872817693884,1.0667102796736567,0.40899985789209153,0.7778695366372681,-1.197700719412482,1
-0.6318882985219144,-0.001388994701656724,0.012010074959761793,1.1162386366935844,-0.6164804977157409,0.31088724612945917,0.1303004569252999,0.5629513925206231,-0.3194193439314108,0.24412813598061942,0.3921337388007604,-0.8275849851735354,0.6547996209251209,0.7018625982452161,0.39820581945202177,0.9241202687960026,0.7429949274134409,0.38649828779269985,0.2345810727048461,-0.20197431646241426,-0.09926165294212413,0.08576509448338603,-0.8336795161976862,0.0018457777642207347,-0.07522221202005547,-0.21185417335621842,0.18671812851206784,0.11591878632041254,0.1427470711926738,-1.0005491283496541,0
1.3113307066682467,-0.1510903377288661,0.9351795348479557,-1.0084343977089063,1.3829387894303318,0.24342967548631655,-0.7808182336194539,-0.32563446188672673,0.2768766833696286,-1.3001652314827365,-0.7049113399206793,1.2534230988781787,-0.852343705210746,0.7955652401088193,-1.500938615250852,0.3476859303503307,-0.32056327657561157,-0.039035154202065284,0.7811772510837985,0.392242778626362,0.6447758237466678,0.1093892115512425,-0.45270518748467353,0.0134312191170712,-1.8310169647374672,0.010121436794821076,1.0295185013688062,0.41984890603939257,0.18597258181754783,-1.2711980788469621,1
-0.013282894225495862,0.966618762789166,-0.33713858711519257,0.6805417120722788,-0.4030466462230685,0.15345016105290812,0.2048757317501992,0.3855859106153016,-0.15468149664112157,0.3481735749655471,0.6105735883048434,0.006421396555528558,1.31076673831647,0.29101286325955117,0.8691236835066828,0.354214038587585,0.8430583957534852,0.19581921192555002,0.32097929344503645,0.011448047434193729,-0.15737804724892812,-0.17070368740288733,-0.6164788757154052,0.03820775268499619,-0.009485073955786492,0.2643290235334423,0.18272421291886748,-0.22753809883971815,-0.05514270029835213,-0.7214947606589237,0
-0.9501240743008501,-1.4903874781425175,1.1590707312694635,-1.4250712132607581,1.455188624308286,-1.773851662554873,-1.203799019335277,-1.5060703958502857,1.6934740007069002,-2.1224642651696324,-1.7844462833665256,1.3006077151149322,-1.5328403774132522,1.1824048242293257,-1.3408600471723213,-0.45482365331842906,-1.8216858450637423,-2.2019740831845604,-2.2929798645307184,1.3068139300305353,-1.1611705561567651,0.6481265164779874,-1.065546504197406,-0.06896366246658137,1.2218392874319586,0.45785352287686243,-0.9644265207399436,-0.8207197503526201,-1.6026198042854791,1.1043626705972065,1
-0.9518950572476961,-1.2173283957951393,1.140329442576779,-1.1507034294560108,1.551358309902689,-1.4013055260452738,-1.0307916522668032,-1.4098618394760347,1.1629771263165591,-1.9919841558543747,-1.7163085891254317,1.5615753628955782,-1.6568154575024352,0.8313610809481877,-1.692964057796815,1.1404949857807618,-1.9136427766876978,-2.1338262803611854,-1.992816314484399,2.0271713427638063,0.42509049216336675,0.7448498889444518,0.5527694210783781,-0.018965905381710974,0.9713107210325115,0.654648124036424,0.9333595016515727,1.3062716825144458,0.33960131921897796,0.8034706430833234,1
1.3145962555909299,-0.14367888280578933,0.45167968927654567,-0.6677568335013988,0.44608129863135476,-0.029647050688550267,-1.0151897619773131,-0.10101235951610812,-0.009020058007144402,-0.82420319508865,-0.8375151034441662,0.7664369868120601,-0.8351437971219683,0.698362984146829,-1.1268273826311848,2.2286883627996876,-0.9759204400645684,-0.4472201131683653,-0.3803513587971195,1.9331340256348712,0.8372045865061127,0.18848700326271192,0.1344111988337217,-0.19951048657328901,-0.5266675467537892,0.6981187360728772,1.3867743906232353,0.5915916728957858,0.6329859507361616,0.8362205573813193,1
-0.331095965709232,-0.3131806345800836,-0.895930781827566,0.6382024604236156,-0.5647919162958969,0.22033282059379233,0.500060309322097,0.6534997917219366,-0.2116630455075493,0.11058711643393755,0.8087008233586636,-1.5437936923204019,0.4315766502949619,0.10895066324538343,0.4365293612436251,-0.6976262928133006,-0.24222166656413777,0.3972447485199407,0.6511778152796444,-1.6095569825543223,-1.6931741714525348,-0.3365242486012672,-0.5650112704975618,-0.39862077508350624,-0.7192658270161686,-0.0985459045579872,-1.1190944427741523,-0.16045542897085105,0.06716648515353214,1.3679937380852276,1
1.2371345667503792,-0.4519944403468132,0.0901809450363234,-0.3195701345222047,0.30569219621393035,0.7094908903262318,-0.6355661924372102,-0.19883386685613785,-0.5713183331139046,-0.3343404873348149,-0.39246700487026664,0.10265767552025662,-0.17340028606800262,0.7791500776103153,-0.6354427621508134,1.1880179212389328,-0.02358140579289246,0.18966410983099793,0.4888103292650883,-0.19937855568169133,0.23954010082153274,-0.44028188315272637,0.7584779672843497,-0.19608227111586976,-0.5226855941979325,0.37652591515635625,-0.588088099215045,-0.03432161481026379,0.5371854896071316,-0.26991459329214307,1
-0.23179678618700417,-0.05718332777212167,-0.25247646959181475,2.6488277442235404,-0.16683206120437602,0.03265036558234718,0.8358120100706925,0.26642223504643864,-0.04810441650136311,0.42349659251217053,0.5380011278975092,0.0269068180995333,0.7850940692720043,-0.9010114894330901,0.6272666589610266,0.6901501064249828,0.08827749224936637,0.6475067220160854,0.43233488374431067,1.0231241834438325,-0.008773787039449834,-0.06376717163492289,0.21860518979899332,-0.19431868559073218,0.48896978882997943,-0.42594509701394456,1.1345400032412236,-0.20353538236389074,0.08852398343364311,-0.16653425074929873,0
0.21331447497215003,-1.7347372452405228,1.9515277435583285,-1.842969043626844,1.5225796526372908,-2.0246035386393006,-0.6253496844280059,-2.3144486820693055,-0.830403499262274,-1.7088347025618427,-2.260309682750699,1.3219419473833336,-1.6445837269079842,-0.3870545002916692,-1.0997652088986454,-1.84886157348384,-1.7304754889772196,-1.7933784752544186,-1.8598449187031798,0.9070409326729261,1.3129974675534999,-1.469988080832718,1.536125567750083,1.7534388989307155,0.7216861144367587,-2.0085726870023373,-2.4192297394211306,-2.1238966497795393,-0.9602506091980313,-1.197700719412482,1
-0.7950047000495858,0.9203320386909886,-0.22010204492925278,0.29027718403583924,-0.274998518837953,0.331372358935177,0.029142902478720128,0.4777416745658944,-0.1559956777964779,0.21862661429199223,0.3470890735284379,0.3887359575846565,1.0487726767403307,-0.2531447216399005,0.21891797922774814,0.5306371113897225,0.6920847631471615,0.8638439475974209,0.451446339187988,-0.6542200935752852,-0.1903826180928955,-0.10975239501131184,-0.1554070300482741,-0.07330985427484646,0.17884429186246642,0.6049735682049259,0.7179047218412331,-0.2117198892340402,-0.004112976037851561,-1.2746217292062307,1
-0.6205322664088261,0.7005575442413279,-0.6222309989055363,0.5655148155200381,-0.5742577177877107,-0.01047199505203228,-0.03659904731588912,0.45635289626948106,-0.18465043588738006,0.41516209840657764,0.5235348933106653,0.1785208853846432,1.3928172487429376,0.17942929307754255,0.8954979257905898,0.382725280368736,0.65362336686658,0.2793483339434891,0.3171168237346249,-0.08442029198421015,0.22531519166948183,-0.01446655502660806,0.07832796283880057,-0.21897011389524573,1.2616251756313743,0.3036396870007896,1.9407507382596327,-0.3185551070555239,-0.014773416318249733,1.1608477911404458,0
-0.8602588956359295,-0.3878009571994037,-0.30076526613096244,1.5601464782922125,-1.1192993516738277,-0.0214922792592972,0.8076258867513192,0.32610120390882597,0.05579362909504067,0.5856375791367147,0.16184528762110292,-0.2922717190857241,1.642132454877173,0.17642559202327582,0.5434130216140007,-1.260310009595284,0.5696332714294587,0.42439987423262726,0.06081226746749687,-0.20552503087023924,-0.36243787857154014,-0.1176892219033669,-0.2428777063747452,-0.3155129109618242,-0.39119504706059127,0.004110875088249172,1.5707154010086644,-0.7400346336691135,-0.846428406457627,0.859953794156162,0
0.8638024621443688,0.9257979750838767,0.4399281285849257,-0.76115409129404,1.0204259463207523,0.9443318373814409,-0.6081538095832961,0.12807677310376414,-0.07504570413008098,-0.8060984761922707,-0.4608844298346116,1.0026516592080617,-0.7386992364585903,-1.6264254480733724,-1.2912172391363004,-0.47655333045303805,0.8254869344302457,0.47712766494939973,1.7190670146510016,-1.842199069183813,0.1475792740485118,-0.04716569096567564,-0.8012898247721909,-0.09464036888408345,-0.04086312897370446,0.4519352695543535,0.11691382288587722,0.34285116724026554,0.6044994049176783,-1.6230553716641472,1
-0.6919797902882273,-0.22499646774108906,-0.2753886145592682,0.43762444608505974,-1.168303263782091,0.8473407262561707,2.2214786453017985,0.24952135734513886,0.1621484273440677,0.4546281715594485,0.45155830059403634,-0.8316227570224769,0.48828808468884566,0.26493015500840905,0.6964183133333521,1.558960412542526,1.2448593698192498,0.14809861921237147,0.8875148325260609,-0.15653575130967257,-0.22854122029278287,-0.058483733499482576,0.223598958107288,0.3004065051828752,2.1760230972115164,-0.649434554387606,0.5316239192822946,-0.010435352338802606,0.047339495982990996,0.8413573679372844,0
1.5424681964007096,1.0779206115539783,-0.009475749698538816,-0.6144607599996785,-0.046662298316392056,0.4069921458874338,-0.29101166796217887,0.03551685834218721,-0.0947996899371151,-0.10855264014464025,-0.335372868742491,0.5635351044526443,-0.43163777975400636,-0.7100841497975363,-0.672261069875312,-0.6411729658786629,-0.3857309113510448,-0.2836698708897484,-0.08951765629200821,0.3479281309996936,0.12330260705647553,0.04670239454582439,-0.024525640539711714,-0.16612095533986518,-0.17509816933389233,0.7460599155506693,1.39947172790688,0.2377308292226226,0.31527405797469193,-1.2746217292062307,1
0.3669149381257649,-0.13842676606132032,0.046936618917136595,-0.5432725968674467,0.08751323497403483,0.48303304948326925,-1.1672961146478105,0.006796977084061211,-0.04886534637633781,0.09452057658085564,-0.5587489466325489,0.9469408254671524,-0.8191006091047118,1.255261921265445,-0.2943827754385486,-1.2662922237529186,-0.7153470670700137,-0.2682302127660584,-0.01339669734398601,0.5483618319140093,0.31949161547676624,0.18837231624350126,0.7031193636076405,-0.3019134837715981,-0.30665992117132934,0.5621515513572454,-0.4907507457880328,0.24150867799852554,-0.10726773318018124,0.1494916364878432,1
0.9673714397891565,1.7618325586228485,-0.363697213947495,-0.17229506185003232,-0.6007694985901965,0.5653884744713057,-0.20984099927510405,0.6978732585150657,-0.2596274946854024,0.7925401856807242,0.4771568611357755,-1.456110647715284,1.0449205701559965,0.6826285569043964,0.9162296142045256,-0.10079904548140974,-0.007911391495235258,0.3218693945239968,0.024302631274318212,0.1643085591520892,-0.2942332822802411,-0.04563256511115161,0.49836456032477455,-0.2024944539234428,-1.1080833214571335,1.1009857851117688,-0.5994988421258095,-0.2199690989152506,-0.2214366166791052,-0.40304102884226267,0
0.8964081896233287,1.6213455372611072,-0.38568572554646546,-0.26638221063429746,-0.5641233900867418,0.7679120528161696,0.01147640061550344,0.803795926437251,-0.2436908951671464,0.34776032402148394,0.5961434213829924,-0.1696003704931876,1.7035101980715193,0.6209142727696149,1.2290689308488854,-0.7371135145697705,0.006052243694863847,0.26995572609633733,0.3018332092947107,0.16251904987238655,-0.146579157776952,0.05017005380321026,0.986482871507485,-0.31717363434430274,0.7267380517225686,1.4669720959676162,-0.5122775624025651,-0.2580577280219026,-0.21867154706166314,0.6770963704355955,0
1.1532672490922276,1.69183827167126,-0.3876144933583884,0.103709237834286,-0.42643615162197823,0.2518132990879312,-0.15732448065108387,0.48914796514120196,-0.22746123736141938,0.6931917262807392,0.5825669156224499,-0.987458365498623,1.3899359210494269,1.254448563276478,0.6465912873139428,-0.11804257027213493,0.36404021891084987,0.29421034089014764,-0.21309083622547376,-0.0672759553115996,-0.23166859173681853,-0.1926303759562356,-0.5638135811389634,0.250495425351114,-0.17025097068502004,-0.451604304090261,0.3921940735412945,-0.2570136339894037,-0.18461149291673343,-0.9620665540978698,0
0.8200192741506401,1.7490881014014676,-0.6105837197163452,0.09338794784093314,-0.638555721218501,0.08075877535996323,-0.031329669797452935,0.3429424126398643,-0.2259277920364022,0.3338549485995385,0.8638099531191246,-1.2965382263242318,1.3029674661653219,1.4142779762549273,0.4987864541872348,-0.7981117122276119,-0.44851008763775024,0.4768677098433513,0.8378525813212022,-0.803407345094126,-0.6891654378109218,-0.15281860635560718,0.26172130947977224,-0.01599022648806331,0.04125214766054835,0.3852469999684463,-0.13526921343033535,-0.16323279631031892,-0.1733913517645733,-0.1602409407297468,0
-1.8980936458939608,-0.2875194991949878,0.016669061252158536,1.0910498049991229,-0.3921355709614112,0.19354342926270085,0.33238201351713914,0.38746873594099285,-0.061254543333279045,1.0041635977582175,0.6084955182200484,0.4513296756261777,-0.11899267109109697,1.482280364810745,2.202568613766544,-0.06603653983699886,0.27968224592840935,0.7279747014447718,0.4698030307219612,-0.054803137907567696,-0.20198923884670425,-0.07209889950829028,0.4123796779012309,0.09854334098078044,0.3560895610901,-0.43126001323410446,0.8178635566267459,-0.20713895696476892,0.19979072458421296,-0.8821874744376296,0
0.6973848688726202,-0.5179832023896919,-4.21049217978567,-0.6488178131742262,0.45607062431013135,-0.1820215885594597,0.3803596200966256,2.579329517234179,-0.35147189960258296,0.13270463374817532,0.351446483171058,-0.38276955426828124,0.603234576233912,-1.1221233509018433,2.1166669623205356,-0.5339521642593615,0.313889357238212,0.2966083875396544,0.8427952193409005,-0.8350570423806712,3.4499340685852373,0.5520319355486638,-0.29528887162724426,-1.8777695577392293,-0.593639876467626,-0.22145307929299723,-1.010312537888259,-0.6923746162885676,0.6431307957214971,2.1781728452349345,0
-0.11864881671350856,-0.06882813350762856,-0.28485607017693987,2.28793378336494,-0.8128417860874712,0.01613142763709048,0.2719012725899884,0.5053298270758335,-0.10940975611407026,0.7231141500086594,0.22726025862378213,-1.3333810157740047,0.22101332102959795,-1.2398251691502518,0.5376581628332388,0.06112458355603873,0.8501346786693519,0.2604164143872596,0.46538778900313793,-0.9854154022527858,-0.17092975205104455,-0.01949811056378346,0.33384515127504677,-0.16288711815453177,0.7684965213309606,-0.04592417852585655,0.8091149636341057,-0.1620360306795551,0.13427693209912217,0.6180787313231432,0
1.2875458348546485,1.8117627720253342,-0.6257003206638589,0.051494250160045524,-1.070698971265347,0.08172375525569613,-0.2898182756871079,0.33455980962326876,-0.24578418458227136,0.07402554498427873,0.9770242600139778,-0.7646637673961862,0.6057149263099082,1.4459325980811422,0.5286902460464802,0.21621862794959687,0.9805731436856072,0.4583889041990062,-0.44385326340801196,0.046274643672272506,-0.02998174138993044,0.07838361891585144,1.190923702669175,-0.0654883815273999,0.12817611458039632,0.26055949077103036,0.12052148646250219,-0.2232616880823624,-0.18979633811206392,0.21038923218830902,0
-0.9510347487856616,-1.3796986834639218,1.1528117818864891,-1.423164682111605,1.6847116697477629,-1.6506824657146428,-1.2296563841457417,-1.5206297878355264,1.5334643612076715,-1.9989542981216415,-1.7808904239623295,1.508419188807989,-1.605112948516038,1.177121889451717,-1.655977927913773,1.0549902175307149,-1.8166306471776663,-2.0526491667999327,-1.9432280376604254,1.813886670184327,-0.33586949937397587,0.7618625784446711,0.2659048797028564,0.0014699980681133387,0.925282934490458,0.14934159498683364,0.6434115254147393,-0.01973830772395147,-1.0002538252540312,0.9359505436392304,1
-1.6827865633906267,-0.7997774407653271,0.4028194412600599,-0.016111068425351333,0.2832306641985521,-0.025438120031929756,-0.12155331580314377,-0.0033203634536353977,-0.7513390048494102,1.9232677192291356,1.1207523226104372,0.6992871281456426,-0.9712443882095291,1.0997560470344616,-0.33048292762077663,1.1333496206209828,-0.9695003875056867,-0.5778369059200575,-0.7173259892456622,1.2100274129157642,-0.5624088621857144,0.5918771551199794,-0.2291942477554463,-0.502608847591107,1.2892699860460968,-0.6169882771995447,-1.3962159145421182,-2.8086031318702154,-1.3389280682933622,-0.17120087700361789,1
1.0550565637219271,-0.4440126981054364,0.38111785716843294,-0.11739053322668647,-1.0845843650917728,0.7476676488279533,0.0683766178234353,-0.0320575385012511,-1.00984621727968,-0.34276369724441863,0.08058707050722709,-1.545858559501587,1.4606425059329562,0.42975373547917145,2.0684767802658173,-0.9131467381794128,0.27711875868031627,0.5439929588486626,-0.034861357406949664,-0.5392164534224441,0.9692570480545609,-0.936336215894327,1.3872740917352089,-0.9226830593504712,1.6741512484533738,0.8686423538333183,1.7768262872492813,-0.14656356908253557,0.3239694724165797,-0.9581691977178104,0
-0.1394731064675381,-0.21039639840324248,-0.0677894753775448,0.4054564044727886,-0.08765228249561183,1.0687682036377548,-0.8421002235442338,0.5867091828759203,-0.1675904997305309,0.3588841304319067,-0.18514018514599817,-0.1899361419368376,0.1730853064370787,-0.9268857466847985,-0.637990466841321,-0.49215006437238784,1.497277994347098,2.2733816360685366,1.691117442009499,-1.5950540674583547,-0.2750239588221425,-0.21046832479534094,-0.7386421175816602,-0.3570747261611482,0.5504042287157654,0.6133825234719439,-1.184304111927006,-0.19296358877002362,0.20957971461854852,-1.197700719412482,1
-0.7086246170899889,-1.4537018420843357,1.4754407438726704,-1.4760768029045173,0.7486112974772692,-1.4409151348113265,-1.6694089098474902,-1.1069457640169134,1.809488067692719,-0.5874341722160816,-0.8329815786848549,0.44745909034396597,-0.8726849615089205,-0.3306165605468964,-0.8662179701105618,0.9914979788575369,-0.7797774394714476,-0.7613126844113253,-0.7637396560441075,0.14652867962268162,0.6777999973331341,0.24686815413807417,-0.8456905443596483,-0.2806838429450685,-0.07800110990396639,0.955202206047343,-0.5864694677688077,1.1458776258769363,0.3681270101604804,0.8602705564075522,1
-0.2790904911910356,-0.261874591767017,-0.05278693679258259,-0.022783739225801704,0.3673004350876979,-0.44941107369196553,0.29492286316623884,0.01222164793342045,0.038930445924033996,-0.26430625624468346,-0.5006045983296278,0.1441452421378016,-0.3580576735114692,1.4919638783410543,-0.7061612643058943,-0.05438556633015226,-0.7551698113386809,-0.38955250047126533,-0.4931071757592726,1.4410313432332613,0.9944412040098143,0.1731273841667624,0.3693613299425238,0.5074936112029034,0.6020661336642392,-0.03332115795447144,1.5518761937410706,0.2678753592270927,0.48454887588160067,1.3655027814636838,1
1.2140839142851927,1.645942146279593,-0.37391017987253194,-0.08385644193804147,-0.4381388847198709,0.3607358900506467,-0.09381945858935387,0.44098009066280786,-0.18512681908042006,0.7616606057177417,0.45400505178758266,-0.12079403015292198,0.6990127606627933,-0.712109064702972,0.4496768033533854,0.3007308464667123,0.8060875674875821,0.43001700690321976,1.2737829850700135,-0.21716612515955058,-0.30327380879254634,-0.007962917133581859,0.5719049056250242,-0.10785419542176523,-0.8642663371736358,0.2900720654088725,-0.21802054656337538,-0.20668592803074168,-0.15791958542347828,-0.15443875289509043,0
-1.3462455486861855,-2.0080048785094906,2.2514481270286404,-2.0019819317701626,1.1413651041393977,-2.304661645982948,-2.2311353083907393,-1.8102281048231301,3.420610155616377,-1.1341613572002658,-1.2759175891501735,1.28436860157576,-1.15153830286721,0.26326734719442973,-1.1290338022423567,-0.03665568858527103,-1.3090895644728069,-1.4670585493140795,-1.4106908802764104,0.7049120819790121,1.255699598631931,0.5209738072901594,-1.1715062980426953,-0.7072245612827313,0.20063994534535792,2.229774739377451,-0.5000846715988666,1.9134391347115447,0.9352652058383526,0.8602705564075522,1
-0.17814099129125752,0.854357888362663,-0.4827614349875788,1.1468678207502019,-0.32534095488161957,0.048210451258476054,0.8226448931419886,0.1975345142899821,-0.07996464319845638,0.8013909165788711,0.5039720754751799,-0.03839386682643487,2.1305500831958777,1.0351905907607557,0.44781932637644833,-0.376551120993553,0.5001013487418189,0.31734983482163187,0.15748847717545697,-0.22053670950019028,-0.10113738531656866,-0.09149825976845265,0.09780831814518816,-0.05388518345554579,-0.43614071332659676,0.2555493167192556,0.670154103434819,-0.15920872072836695,-0.0359120798197288,0.21019621264644328,0
0.5652993729385871,1.471824887096635,-0.6129519457634728,0.2927024231241004,-0.524710145900072,0.08330790893895601,0.45479987762143814,0.23621980819317487,-0.1369684779897091,0.8706211495352729,0.6347326470192087,-0.027135697631197112,1.907554580347802,1.1970985029265881,0.5826240902813492,0.07543319086884581,0.9299042503005641,0.15528630461420032,0.6027232240327428,-0.3213925885320797,-0.02120734836498743,0.01496195844532637,0.6221085148961198,0.09496815360314699,1.7515294317134886,-0.6204469082452496,1.1204388782685797,-0.24453221791828628,-0.13971999449980227,0.7529702683618636,0
1.4486475907379797,-0.0023952699724844166,-0.12940303814677898,2.087815728938408,-0.7721616651716202,0.21340990362811643,0.24095568200850861,0.6278649164276142,-0.17444139569281725,0.717180794404894,0.3559461727437233,-1.0324054323060166,0.39934650539155486,-0.3256657634167783,0.5609806389456503,1.605817389221535,0.3012709348586295,0.2933730732950305,0.47064503444409816,0.32827673729648593,0.09964267482147766,-0.16718703541478455,-0.29403006037249074,-0.31276740996584024,-0.04630784852402377,0.4329635030381393,-1.5435659075312227,0.009735568592687009,-0.22590520483366552,-1.197700719412482,0
1.1631652052849233,1.5500676525670147,-0.5599572967552241,0.4255732281801261,-0.4988605877988734,-0.07471919341763064,-0.042477360969960826,0.23168022221669088,-0.13487417345987096,1.2820553308449911,0.5683398503391816,0.022318037661445807,1.0850205608221342,-1.3047730226829355,0.9114970352066866,0.029625157897264637,0.6035098993174992,0.28176346076179876,0.35606976154626696,-0.097293169740625,-0.3967249529173364,-0.14853610029190684,-0.4143488931179641,0.4226157001829826,0.9284743556798989,-1.0409286234956343,-0.8398435089288815,-0.20012050362852746,-0.15560976711612828,-0.4795632054438933,0
-1.1212347943128915,-0.45494426814165656,0.3273911843616582,-0.2783235835261191,-0.08818551459328981,-0.2531603974965495,-0.35687439896480494,-0.12685678655119725,-0.5813251118695019,0.2913756716951518,-0.43437285067106013,0.8507402613071583,-1.0534842891215337,-1.1056308584516337,-1.2529050173461826,1.0254659146009666,-0.9507844341151784,-1.0550304234608452,-0.9383993670907198,-0.07994311066386249,0.3811763647155419,0.5289018026987403,-0.6756383112387152,0.02241008841422006,0.16712410635093322,-0.18336555107040522,0.47400212973916805,-0.45352551442843597,-1.4688757216421435,0.961649349567978,1
0.8975731881183588,-0.058197218810476015,-0.35693215854906746,0.6206044252952507,-0.6206569606257617,0.49127747431653407,0.8072397204597102,0.3282261984590974,-0.15344759963788235,1.1422045070040692,0.6537040152179138,-0.3733513660676006,0.32937294703713715,-0.6994354790243248,0.05624912241495719,0.6599300696041401,1.119164102771788,0.4059484362082602,1.6450966903958972,0.5490857455417537,-0.37897411337443204,-0.07244997947602765,0.30393166439238173,-0.07484898758918342,-0.36744001840689,-2.510059768622832,0.4653393871934904,-0.6434987467169057,0.4168982281334611,0.5697644972504504,0
0.7968478511915108,1.5191040187248341,-0.06964034687365059,-0.04080593909486944,0.7108183170758829,0.6537947785435871,0.4575876226969601,0.3759426558097568,-0.13405977189433604,0.07933870785345942,0.5839156979843728,-0.7984471030100605,0.13872139298295097,0.09853972376453089,-0.3786944930384828,-0.20674385047263474,2.3482241360127074,1.150715047209841,1.6452291689848852,-2.3714199676932814,-0.2409071931303561,-0.013011347265954496,0.5894446603750034,-0.07008447943253321,0.6240301361442692,0.13258591126004998,0.5460689832164206,-0.16041788631882922,0.005420353271142138,-0.7617264531190988,1
-0.4966491451134916,-0.7071429442678138,-0.21270546448783734,-0.08658178558878375,0.7453015608466748,-0.5235593175264878,1.076615940383382,-0.068437081361084,-0.004354257797021448,-0.7350597966298966,-0.4008724129786073,1.0808220915164863,-0.9064850066009723,-0.3140205401944484,-0.8232969103909685,1.0639771982353003,-1.0104456952202792,-1.176244627852023,-1.1213913255497412,0.2500787643881523,-0.7674351253890831,0.1203573044720635,1.192970301115395,1.0110956827110804,-0.5599773978819997,-0.08795051018922118,0.4598355399620573,0.9749296895469638,-1.3430872309022777,1.5141000598579446,1
-0.9597746246595907,-0.3971414867425444,0.6819356696080762,-1.0627810567595273,0.6761892266507508,-0.9145636248254948,-2.100761221094146,-1.1566531445799695,0.28945032172392077,-1.150214855474871,-1.8841540025578052,1.9506537706317455,-1.6882738036412954,-0.09146693364394648,-1.9845092286652317,1.7311666641953356,-2.0578394014988466,-2.1339364340124902,-2.000072386568797,1.8931064540733564,1.3650080489071268,0.5555199183335223,-0.1863746488971357,-0.3314237723134392,0.5464896054383218,2.255976403734731,-1.17524112364697,3.16816954580732,2.423867830921874,-1.2746217292062307,1
-0.23213647748885682,-0.1843019563627642,-0.18746175447531088,1.630948852648559,-0.4634726893341189,0.320360351641235,0.3291902899179433,0.5248745890320791,-0.11733249041671646,0.12887682731551744,0.6538674602887076,0.20938430816412656,0.9772839414439874,-0.27535836483337606,0.8582799422321553,0.9442150751156223,0.3145087023487343,0.4002784960278971,0.12800604131416918,0.2598946186071628,-0.1379369475672673,-0.14799546699769198,-0.2723455005347603,0.2655862361789758,0.3658407063346549,-0.5029697641353061,0.3642004600887039,-0.0361563608880944,0.13020357655005793,-1.0005491283496541,0
0.20344884018570566,-1.4257204970123358,1.2394735945077926,-1.6662420527681001,1.5933962089681448,-1.6884225675729487,-2.126760234971339,-1.6587673788494681,1.6605799871146716,-1.043095860256889,-2.057750199299435,1.7538877941101607,-1.8205334934856459,0.3013206498546266,-1.7667908391251064,-0.2832780296697879,-1.9156392565982212,-1.6445359546408085,-1.5897634326844505,2.607739370346577,-0.7568791724979098,0.7822084502708423,0.06650171884450604,-0.8696489805408996,0.7731573306361221,0.06879181388738805,-0.07178491976049464,-1.3916841482242195,-0.8630575392860287,0.7471280968940034,1
-0.41386886410726575,1.1490570809988363,-0.8325897396823138,0.7095368258577112,-1.3524786991979738,-0.170245900432635,0.3336758018651422,0.10476943174708268,-0.1462953480228883,-0.33959478867791937,1.363948813426451,-0.2595169166798327,0.47617038376359616,0.1461636548443675,0.44327244246114583,-1.2284096383258896,0.13459691708174837,0.6180382875132049,0.4120763507884438,0.23822381320041752,-0.42448356203139875,-0.22451019279801038,-0.5175595779535616,-0.02785429926267932,-0.04682055730320729,0.5693940047529663,-0.5938651343868785,-0.15720505615809796,-0.05321131046931519,0.06302333639982315,0
-0.7866393417209077,-0.034524991676337845,-0.35232386311805336,1.785401139548809,-1.5803790900428216,0.04562487974715501,-0.060721339383433236,0.5194927204360794,-0.16923226050704143,-0.21591899519304666,0.5289835275041876,-1.1386573273262655,0.1717466913505167,-0.312409348767603,0.6288351597423126,0.43921592890736333,-0.04885532062952899,0.34170294573551785,1.338681860267238,-1.4057428150733815,-0.5221380328346904,-0.1562704644963358,-0.22282390857266693,-0.2552216129345369,0.7978628254207889,0.39143731020670675,1.9914196997868134,-0.2441497437785491,0.03332131573887067,0.31150348564170055,0
0.02102816880971118,-0.8294789799689205,-0.016344024860413402,-0.6362894644858155,0.46789752690994185,-0.5278639643058846,-0.7622116576017792,-0.7947172739331507,0.41137622258794687,-0.8912449876929326,-1.2601054724760514,1.2141678828551552,-1.159783506748127,-0.11485455329735628,-1.311480266026715,-1.7446509155446748,-1.368358866067703,-1.5737401757708231,-1.3961524392449003,0.8147074094225725,0.5142905574628442,0.358687194394516,0.00033686438231013486,0.571034033237224,-0.32918552184977967,0.6147417692556119,0.5402003062735955,1.6718947702932172,-0.32079331163194985,-0.13346705627178376,1
-1.9925575693182647,0.6040855514716891,0.25533724381096373,-0.6575304351892791,0.6712055992567775,-0.2422240322597686,-0.5369194276668766,-0.4344415120179391,0.08706400319876276,0.19119496141910688,-0.6071202568363406,1.25288805545624,-1.045025642763787,1.6626644255722218,-0.8216321226367478,0.5092576570183406,-0.7285550815322422,-0.5175899231813961,-0.0709925785501585,1.405430301843613,0.37339083798618145,0.12410963779459772,0.04436112324793476,0.5421288883004097,-0.6603847583550486,-2.527329444839328,0.6856258071555165,0.4889859355571693,0.13481733128938966,-1.197700719412482,1
1.3090691954335578,-0.7067857753377634,0.6200083527384583,-0.25257584062734695,-1.304839869583538,-0.015568115111252641,-0.927047174386164,0.38921216792655816,-0.29750846817959115,1.246169599319941,1.796102340456762,-0.7706762043685905,1.1730253534368165,-0.4075017543022535,1.3700025634857758,-0.24993436270920483,0.07805752321875092,0.5833373404576693,-0.0879464539903308,-0.921632741969957,0.3020548519095319,0.4800384165326744,0.19180923740339118,0.16586622134779777,1.9260339218132483,0.15402182359208924,0.18130126016615636,1.30711246027907,1.365618074990832,-0.36022791148073713,0
-0.649238527027817,-0.024310686008554707,-0.5587690401041109,0.91910918789056,-1.8023678646343186,0.5555857118919768,0.25452064196871566,0.4711659368630865,-0.16573756306455503,-0.1386405140445974,0.9112823490381176,-0.7176311845484541,0.26576302859765233,-0.2946319337214539,0.6596406226809751,-0.34316538391938356,0.09943501517694739,0.1313895792939727,2.0920096908478407,-0.6514806244927652,-0.1842927515473808,-0.21760300299316232,-0.501545312780604,-0.1181255050550144,-1.6289007127529487,-0.5372319545590707,1.6508957353821512,-0.09165762856335441,-0.14451161878004648,0.3275331434381518,0
-0.16532388676046827,0.142202752690264,0.027242384568267684,0.4251761537613049,-0.1981235106053599,0.2670708902944912,-0.1864138843829339,0.6478346166262292,-0.11579724576104923,0.07586974004912127,0.555145444358707,-1.005947951792886,0.6961359779270708,0.2710133519711498,1.1039022199759205,0.6424736080597863,0.20963442416540273,0.41119500490225674,0.22571045057821967,0.09086880826400001,-0.1308285251311261,-0.022785496811141878,0.4743437089203198,0.02373518891922537,0.6541731934538406,-1.0555573646885588,-0.9214208189707366,0.15036502387876366,0.27758764594457236,-0.42024846557626405,0
0.032969430769295656,-1.0797752089434838,0.5257900861066288,-1.1123482655405386,0.9610887195046705,-0.7171786272803292,-1.2510455536239369,-0.8663525032865125,0.756490194253117,-1.3297446621772833,-1.212607419372585,1.4091585355841838,-1.20359761225914,0.2785243740893268,-1.45055389721217,-0.40414904098945253,-1.0753304584004169,-1.3190120019420077,-1.0708225761030439,0.4497716193046202,0.4092779145620198,0.3021160279423138,-0.4928222713893758,-0.0038651887813328798,-0.6453063628750202,0.4654297758611642,1.9253167043671406,1.548274162082342,-0.599698340290516,-1.6230553716641472,1
-0.12991390509247486,0.5685269326345835,-0.9076314861124637,0.8151086644280611,-0.40129396021457997,0.055207868231401246,1.4359178089490845,0.15225856230958862,-0.005498293031372239,0.06656438723735189,0.8407594503245788,0.20624602633854436,1.461441705252617,0.17406368240743525,0.6826033769167827,0.7812000248327718,-0.4739157573098079,0.7545595021120075,0.2896111301263498,-2.476906371630745,-0.34105069971457985,-0.06771500234680428,0.33299758450636435,-0.1424588183718665,-1.6683185335991233,0.06540363078960656,-0.2993239995852934,-0.08112759068290913,0.023707505613440837,1.196598109915526,0
-1.1664877806251486,0.9584966942800794,-0.34548416245988733,0.3927267680416638,-0.4699546945653544,0.38968449093693136,0.662303933137541,0.36220717534505875,-0.11106324662361183,0.39707404457996937,0.504109864454591,-0.17072025773237778,0.8716558125720801,0.03204266331397125,0.5986892012636426,0.833359476434483,0.9610454145765058,0.30128983511655544,0.3932100314760573,-0.08514169207447975,-0.14672273918315712,-0.19098081844107265,-0.7399955549993302,-0.042319194011863986,-1.9036587232255433,0.30113093857437484,0.34788063224093796,-0.21005876976670051,-0.05298592036677395,-0.037671088943056166,0
1.4035510329995915,-0.0902484288397821,0.35876677887180664,-0.7655780362512322,0.42889696637928043,-0.5790046722526861,-0.6973880528494334,-0.3967692630885303,0.1935023765648143,-0.6636106163848585,-0.5903513474639354,0.3906572122953435,-0.7994828575877562,0.4205503166237069,-0.5202200390876333,1.5137681604874942,-1.2377354283589268,-0.9941354211569843,-1.1082116175725858,2.234310004113404,0.20858025851692866,0.30958686922570877,0.653391483026078,0.14658417406494617,0.03732365867453198,-0.07744674957429779,1.1515565533475485,-0.04811404556733012,-0.4055729024604869,0.9681520311268713,1
0.20895134908521182,-1.6229138541125636,1.53389248745004,-1.654662732389933,1.1604103522292648,-1.8303095582477338,-1.3361262350436123,-1.9935619883431028,-0.13904606218057627,-1.6135511525482409,-2.045009019616914,1.3289531279849227,-1.6887793682838768,-0.1186958188070812,-0.8696931712204831,-1.4786111900513117,-1.9477720095258428,-2.0209401215583562,-2.151456189188913,1.6043625024179202,0.5375799915275307,-0.4301060386435197,1.3011888068075068,-0.1628510260650647,1.6131404919237184,-0.14372412888481573,-0.5685398071818252,-1.6573559050104263,-0.9199268284700337,0.4960928930442646,1
-1.354786283533326,0.03378969366624071,-0.11089620341112649,0.943916342973485,0.12575054080713519,-0.03857694634671706,0.49679429648471807,0.35102875636468306,-0.08487159329263291,0.6827913476503217,0.5830178599866169,-1.3121411210955674,1.3668084476893492,0.970023867108645,0.4517278162626105,-0.5229805393375752,-0.09664639509760359,0.7054008547106014,0.17710424274152214,1.0925043659292613,-0.2277665438177551,-0.0328247310500752,0.5822888450193492,0.15116806782074932,0.8879014499868484,-1.497101574985718,-0.7237659927652363,-0.4054078710403619,0.20371926301682608,0.4808000401127238,0
0.8486804059658201,-0.7941128679582979,0.36912810799737317,-0.5667100171623277,0.9458184342450299,-0.4082321585560061,0.26884910174876103,-0.4020214366325646,-0.134607943215321,-0.399584241288866,0.0811557397424758,0.3446523163226236,-0.8796400377286456,0.18875186775496022,-0.8169375356169215,-0.7989304779898069,-0.9088083660806242,-1.1660189582068046,-1.2295727375137007,-0.5373153195764523,-1.1512922016290645,0.4642479359620117,0.17441053679086918,0.5629486262055355,2.0921585089860564,-1.0768213784739948,-0.7544606302181056,-1.4918907343790444,2.6631104122854845,0.8291284338755693,1
0.3552126437277565,1.425942685388635,-0.5200715067348947,0.26070977086700436,-0.35082318613503893,0.31394235027852485,1.1213510494053256,0.10397394876828736,-0.04957359135950862,2.4931454350524227,0.19665723292539306,-0.03130860051548571,-0.20848992317643722,1.915803112017962,0.5767571673310438,1.1152396393795685,0.5114698483447402,1.242426028027845,-0.025676947086486195,-1.883178897128022,-0.2728281932784053,-0.128541518362901,0.03756647081505009,0.346856248485239,-0.8716712284972409,-1.2362962218250044,0.7178693435050174,-0.1657111252900631,-0.09546266016982233,0.41845083463206595,0
0.25915888565253764,-0.667268487099549,0.6826099757802588,-0.4405580990116114,0.04852834848928681,-0.633643928245101,1.183398836969459,-1.1868047615938664,-2.1165260245785738,0.2757528739820173,-0.9456287331512873,0.3547340878242056,-0.6634619736534126,2.034819651143767,0.34442902878576054,1.6242776506720886,-0.8603789773771193,-0.5629971551168472,-0.3513465037152695,1.6329490537091582,2.7263590782710625,-2.332917556454179,2.663420224102455,0.871749698100555,-0.478497921607166,-0.37092423931088664,-1.3309703719512134,-0.49631079092430286,-0.26043509859394687,-1.197700719412482,1
-1.0152582938522496,0.9358592786599692,-0.28867169655763575,0.6217539143434692,-0.14035198620944453,0.16162825157969282,-0.06456683680471392,0.5015271211452044,-0.2044014360213569,0.3861703084093739,0.5593485251877213,-0.7128286605609142,0.9508896672099074,0.6770649430895725,0.7728176199247093,0.9308645699392173,0.44199036517210727,0.27959453584653915,0.14488515374326183,-0.5434895291844021,-0.13999303390545842,-0.06866060095000684,0.094114344228064,-0.1512109808017413,0.7962511993515266,1.0529413849616094,-0.7447919066620811,-0.1793099512900671,-0.014416810956357587,0.2818358159924275,0
1.1786532340538063,-0.2847293078948471,-0.5423909608634956,-0.4446345877412771,1.1691065516371177,-0.5906101927962681,1.0328672896865394,1.184457233024548,-0.04556076901711143,-1.091940199262766,0.08803749345567322,0.3349318501872285,-0.4638935559490151,-0.2578659252582883,-0.0004718269503802069,-0.7592740412967174,-0.5934506288427867,-0.5155721131428675,-0.33919921894171123,1.0343086346921206,1.883318693012199,0.3506505996652278,0.48500344732627665,2.4147884039371683,-0.1482710864845063,0.7745753200260267,1.0410735875688018,-0.3285968717260229,-0.08675684744322834,1.8278143580584894,1
1.203959659546019,1.628642741399129,-0.37164599229386047,-0.026522356658838606,-0.43905682853261824,0.3866331724342767,0.14468851340596756,0.41903065870923883,-0.15994342075460416,0.6186751466862808,0.4814462092406372,0.04854085467153935,1.1513587080979404,-0.27212699300340004,0.38043787535284984,-0.46801776733477696,0.703932251315159,0.5384908668205863,0.3274806911112833,-0.058783822311977055,-0.25820185402209644,-0.1971082275659074,-0.6976102260172697,0.2991510955140901,1.1949344221839207,-0.592153108340289,0.2882024566774431,-0.25894149190852256,-0.14634195110149179,-0.7140485781945768,0
1.2921134989087004,1.6091859940162418,-0.43074634485788765,0.30628661779352345,-0.12458106593838643,0.19396444421979037,0.459499413974631,0.2832280489591012,-0.1477776937149625,1.0719460676994614,0.6250374204459526,-1.6435176953919255,0.8683011829113465,0.7013052280935151,0.5525940810681019,0.4956101080686137,0.775523486187723,0.16795220628551097,0.2557545889727444,-0.4279721832310589,-0.28852246675909954,-0.1630180105391389,-0.4062714516862091,0.21616205623079912,-1.3895675258529074,-0.5018295037177685,-2.084853785212013,-0.1278254797963809,-0.12847874974920773,-0.23430371629533306,0
1.2149821096895472,0.6226612200372651,0.2750618666563349,-0.6322360140445645,0.6252444775381609,0.2557243477776729,-0.2664392173447598,-0.03936462926467277,0.01717593286238149,-0.37208273987153223,-0.3418250595736354,0.7681468200498832,-0.3642503133490105,-0.028636770683508627,-0.83169573281991,0.13955233123580446,-0.5202928578329077,0.06128968598476804,0.4464915737642118,1.4741159125314058,0.25369785363641917,0.056103176461809956,0.07130472825760806,0.12101350898596755,0.7481052626073651,-0.7437495557182051,-0.5867181299714817,0.13900728213621463,-0.15572542362638248,-0.9581691977178104,1
0.6653203557284701,0.20386238125905173,-0.3406594780604433,0.8354961335933564,-1.471276146681195,0.16891168449736535,1.1043349139842835,0.006615701585421866,-0.6084051770913892,-0.23092522947596889,0.4371206576851897,-0.5649222399494752,1.6437297198720433,1.615658271131578,0.6453018879648342,-0.6975247518417301,0.21330481707328847,0.17182638860655478,1.6990695703245855,-0.8163515719253002,0.2103719353526809,-0.8057980288946676,-0.7679585234184511,-0.021222968567721053,-0.33032288263218906,0.8042137909787503,0.5223823279134266,-0.12846674035536632,0.4162239996434848,0.10243407006464625,0
1.5443921716174263,0.025662668132888835,-0.4429147430457014,0.8205733565833832,-1.6861213004350653,0.12120225321374715,1.104806258368624,0.6196588982978314,-0.1304453529034546,0.0634870165411442,0.5112138124579654,-0.8782822784211782,0.8341795264902025,1.1606788587807448,0.4474487068227673,-0.5054542972643093,-0.011076700401520173,0.11537082631469413,2.9831150563008664,-0.6207665691347485,-0.5329247428703305,-0.0868578457083248,0.479939067532513,-0.2562748558960226,-0.6281855930480286,-0.1374881100295501,-1.132452718591265,-0.00021412157658650495,0.1644862973987665,1.1417347658936436,0
-0.3855649085563472,0.9333824876673877,-0.6032170020201109,0.8946788799733361,-0.5968153077194417,0.04385152011271966,0.8818576249758523,0.16959976111803718,-0.08955134617071923,1.2852822696811421,0.42165405387383087,-0.690845176311538,1.7892080808255404,0.878471291624374,0.29312802048124,-1.4627339808630837,0.5060906365644806,0.297285562719156,0.46316095895565695,0.7019849176636721,-0.02951272643142161,-0.1050949901799549,0.12788139847688906,-0.2687036100217821,-1.1562345412266444,0.7290524974246954,2.2667367562303107,-0.22224260397540055,-0.07925200123993116,0.3276831648634186,1
-1.25775726010907,-0.23481909314043398,0.1940590611560328,0.2882818640890816,0.40352538820697526,-0.049657400794887785,0.4785775868681945,0.7217571838442212,-0.05542163607443277,-0.27224385410180924,1.1302587518208393,-0.7516174096339917,0.5503719642982281,0.09384222311347704,1.287095685219043,1.106021928206194,0.1708425785207007,0.6818747581436186,-0.06743146384011202,0.01331588533265048,-0.5311136182220144,0.0023929128030533127,0.6093287021199729,0.1844575190985861,0.8172064040953902,-1.6581768606479976,0.10885649441520164,-0.4382662739734618,0.1641709276459161,1.095910578211215,0
-0.9407029577324827,-0.594429529471619,0.42104932316857924,-0.4953112662872638,0.637635650405533,-0.6456920315090472,0.3951642883328151,-0.5543512914319632,-0.1610734658256807,-0.5256437606383926,-0.6313273484103311,0.7354377547288868,-0.9700506941332788,-0.8904197969929614,-0.8020934801015285,1.2719222130715655,-1.4181473383918377,-1.1161012574862432,-1.468289158900214,1.2664175777192275,-0.3118778449695879,0.8017330179193162,0.14906282136279309,-0.07002210545947511,0.05121518688023706,-0.7349323614362866,-0.28438777524347375,0.2760298882852431,-0.06065031844826646,1.102462689867971,1
1.1698650035044158,0.3239023885682214,-0.14632327789179078,0.43074358729620915,-0.2832171884809972,0.8024690065997635,-0.1472640029066438,0.9974836604345478,-0.26364622384592645,0.23092259911970228,0.5587668187593768,-1.2385471160879191,0.6581612156813942,0.15615169112422383,0.7188945907070676,-0.7679200429629186,-0.032116261194608454,0.35053593672221245,-0.018046133338907765,-0.18347640549854055,-0.17067746836300662,-0.04073772330293234,0.577755386755998,-0.2150396361167633,-0.017494704136244803,-0.3765438800334025,-1.3060309657099336,-0.225417044294115,-0.3074234795451456,-1.197700719412482,0
0.6239618131785365,0.7545105484201594,0.002623403608498155,-0.5942547112238151,0.08698737334643492,-0.07404181821282789,-1.0567705318089096,-0.1423895798199183,-0.09213516693262835,-0.004990536013003754,-0.5920249760821036,0.442324078445279,-0.7488619033621476,-1.094960799582574,-0.8518616698786096,1.1335605454733042,-0.626051808238737,-0.5612060684153988,-0.54106275555937,0.1852445382580635,0.30274323517753027,0.023879026854705807,-0.741282718807301,0.055029956705096236,-0.522313304961857,-0.05860332506205567,-0.24580328225156858,0.5278915380294276,0.5873064558940408,0.663066262351562,1
