Time,V1,V2,V3,V4,V5,V6,V7,V8,V9,V10,V11,V12,V13,V14,V15,V16,V17,V18,V19,V20,V21,V22,V23,V24,V25,V26,V27,V28,Amount,Class
156490.0,-1.11532405959396,1.74381042223711,-0.619203840394394,-0.60954051591287,-0.189514222978902,-1.27482559770836,0.316256931009787,0.612148415201342,-0.153597912208927,-0.26806325023813,-0.991012500427514,1.0390087369843,1.17611064303323,0.39914187367015,-0.5638666391547,0.0578045446028506,-0.144687116913684,-0.835627124197544,-0.164741405637585,0.0712207940114394,-0.221610711078259,-0.556159600743182,0.175230989587231,0.0595022991403711,-0.307133763452365,0.147242462618007,0.211844457325972,0.095585297785797,0.89,0
94952.0,0.842025258809961,-0.365518405631879,-2.46406333105633,4.82088596439253,0.775505434320733,-0.614784604613805,1.36802439952459,-0.526261741999926,-0.121356446796038,-0.357616193093852,0.637766685379952,-2.81888227036892,2.36059541417279,-1.10869894034456,-1.44995109474769,1.57373987380152,2.20265154365361,0.800471466568041,-2.10358290329291,0.944915098074741,-0.110621878759425,-1.25780002613606,-0.324418362936717,-0.420020001036393,-0.219501077925226,-0.268872635957687,-0.144582319033867,0.104464060190998,571.48,1
14073.0,-4.15301449873357,8.20479650456012,-15.0317142097481,10.330099825448,-3.99442609736294,-3.25001318447365,-10.4156978119079,4.62080391044331,-5.71124797098224,-11.7971810675777,11.2779207278067,-16.7283393320915,0.2413676825577,-17.7216383537133,-0.387299923381284,-10.3220166783853,-13.9590853730538,-5.03071003831832,1.19726633504633,1.41262488019492,1.97698839609887,0.25651048717528,0.485908106513804,-1.19882131436036,-0.526567394687845,0.634873502483478,1.62720907623952,0.723235068518316,1.0,1
70500.0,-0.800880905361963,-0.903197563843155,0.851748540383722,-0.977046769728974,-2.17378307109381,4.10857456465383,1.32818434718409,0.507999164006732,-0.814468184114159,-0.186417975826733,0.996384649366972,-0.0014954541222365,0.0791868852942899,-0.755397436093804,-0.0411217718449238,-0.242941347688675,1.47926495230901,-2.36951089846734,0.724347350773161,0.166384045506376,0.228967931240392,1.02556793608483,0.364853170092767,-1.82701541807696,-0.715931066322568,-0.0894305882355442,0.362603559934342,0.0008735465535248,555.31,0
166219.0,-0.502723514789616,1.41536447589267,-0.390334119140738,1.03194702664719,0.424356222848623,-0.857313988550311,1.12121289681904,0.173813147045977,-0.710805524992342,-0.224871963794528,-1.37937133147605,-0.405631732670327,-1.05915936138298,0.980484950405999,-0.262059357795622,-1.04690376509991,0.410179227704466,-0.211772090293493,0.747777834843667,-0.0477575813942678,0.163120931386473,0.583408449284602,-0.157016651222643,-0.0235638954235028,0.0331172454887495,-0.370642405791944,0.299025365102619,0.181348286025219,39.3,0
162570.0,-1.01026385543728,0.127047122465667,1.26418256059617,0.650478075100245,1.15643251990086,0.736663873711533,0.314216351484146,0.319566282153002,-0.519539754376154,-0.311943257047938,-0.622281517878343,-0.308451998707089,-0.565548427248,0.34320325656702,0.222176289277352,0.238119478048075,-0.809929212729915,1.24494612308629,1.37385325614665,0.343271265534415,0.0999261200138503,0.0360904581237524,-0.321911085616604,-1.48692435327916,0.760112994140414,-0.297953598138902,0.0492167843389439,0.0670215413185492,79.0,0
124998.0,-0.542045363613709,1.15412695994068,-0.0423043258771228,-1.6104161897519,1.67969652976542,-0.542978096351779,1.51883232759594,-0.329892275154908,0.0616827783186569,-1.02907072887861,-1.31134578833726,-0.405943920596363,0.0724966462511223,-1.35159099359982,-0.836062294281091,0.79456530530448,-0.385670612954352,-0.150898980856868,-1.01915689225166,0.0116455199907447,-0.404681076720423,-0.963421268461438,-0.194462161496341,-0.0739719559083096,-0.11356812249396,-0.0404633344242864,-0.010290419833023,0.0034604268272185,4.47,0
50752.0,-0.421098949960755,1.03686562810463,1.96103138522487,0.426885679294139,-0.151933724003387,-0.940859658947667,0.682556335965808,-0.162379888760276,-0.795005994492172,-0.399175552605166,0.0462233030758129,0.326058463079507,0.655565038916433,0.129339530090282,1.13980848169153,-0.192853606918809,-0.0469183949809669,-0.437433252038751,0.613663693521398,0.0952558858215916,-0.143194321879782,-0.421616241148283,-0.0360119427111816,0.724202143456688,-0.288198517484772,0.151643342034235,0.0718558863302927,0.113106387310221,0.89,0
110552.0,-2.45036662540267,2.10772866087808,-5.14066303982343,1.41130357398271,-1.69077950338918,-0.736427202926685,-3.65794634761755,1.94490590423047,-0.788387529063343,-5.62467713431414,3.51964234486905,-7.221590004268,1.20172802326675,-3.8114281425371,-1.70142802210083,-3.57140837935336,-7.31140729142311,-1.75435460658485,0.795448867520342,-0.130438203342561,0.800538093373868,0.364616671021501,0.233607611774679,-0.282077578211224,-0.320310972669244,0.49291998915127,0.35997644954193,-0.115471009476069,80.22,1
17520.0,-5.26805322089363,9.06761342731767,-15.9607281345144,10.2966027898053,-4.70824109122294,-3.39537485177836,-11.1610570028797,5.49996263444947,-5.66737554592835,-11.6271935556579,11.0270590938161,-16.3880541668327,0.363921486512734,-17.230202160711,-0.437487559248993,-10.1223919213552,-13.6392089915234,-4.98645725844229,1.12678437819631,1.45587819528,2.00410994522741,0.191058399384387,0.622927669875126,-1.20926355739155,-0.374798862642666,0.64879803679546,1.58469734677224,0.720055870245492,1.0,1
75978.0,-5.14072311805277,3.56875123426923,-5.89624545735196,4.16471993013258,-4.09119263947502,-1.98996029061886,-5.47243601705169,2.42282066166249,-2.90973525837833,-6.28780335064533,3.70431215185119,-7.26754953396678,0.329269938095914,-8.45897495556967,1.35448720090917,-5.9762209822112,-10.5760149147501,-3.52516124688807,1.73797600497073,0.318995199686566,1.13113028151049,0.118021510216711,-0.332704205017834,0.139940733895169,0.324757896441424,-0.180769130367976,0.177810382911191,0.661555355551591,99.9,1
95628.0,-17.5189091261484,12.5721178535385,-19.0385383213549,11.1908946558522,-13.5547207079601,-0.41192361337145,-23.189396512394,-5.30141221815132,-8.63039030596902,-16.2556117491401,5.70211147983179,-13.8124040899594,-0.306815322507812,-7.01360737195925,-1.18229035380557,-9.3601791927531,-16.6683693822389,-7.14746777723207,2.16209864550609,2.52851232971436,-4.96947772242457,0.976124822110751,1.8412479337881,0.334417748210128,-0.720128461316563,-0.232603423065217,-3.02199247294556,-0.478158234859683,1.63,1
44123.0,1.23652238156944,0.0507489434220825,0.619988216689347,0.885167353925553,-0.601859487717209,-0.598562314912976,-0.112942553329847,-0.12281050735234,0.56482197245688,-0.221101822914283,-0.728393660237405,0.660819619303772,0.290629724476395,-0.263425258930189,-0.440510386335402,-0.382659247963925,0.0682407053905589,-0.608129619420813,0.18782014095171,-0.112566503433304,-0.0880729035140506,0.026255165563737,-0.0886592961286208,0.450862555351206,0.600489326840449,0.438123603144341,-0.0124202320600286,0.0105668239868622,0.99,0
29753.0,0.269614090485094,3.54975512877325,-5.81035344453706,5.80936957402456,1.53880793351049,-2.26921913566818,-0.824203333436328,0.351069915343584,-3.75905945636624,-4.59238980599474,5.47939151009669,-5.65785754091816,-2.6480760898503,-10.3848897408947,-0.225946407826958,-0.701882908954806,0.409735840500415,0.939603694029483,-1.95429995537505,0.310524633435283,0.371121111209288,-0.322289520392532,-0.549855883222537,-0.520628958812409,1.37821038664663,0.564714292689441,0.553254713878568,0.40240000915925,0.68,1
135095.0,0.232512476136408,0.938943680000523,-4.64777987861917,3.07984368774547,-1.90265531863884,-1.04140751952949,-1.02040664482631,0.547068603184495,-1.10599029357172,-3.52012767367189,2.07411645462861,-3.01077173816878,0.694977689554512,-5.38783122686352,1.778669797797,-2.93580442477364,-2.28557270821558,-0.237055632781029,1.97974707098703,1.14161507545704,0.911372759326949,1.04292865643844,0.999393887913078,0.901260455221573,-0.452093168108936,0.192959213794113,0.180859449380341,-0.0293153378913553,345.0,1
79315.0,-0.760815652159228,1.31248462980534,1.07251368901671,1.33006307216257,-0.152021887688624,0.0518336486116699,0.346570007139075,0.506329315606075,-0.530765048233621,-0.353748019131282,-0.703099198642514,0.521247057710752,0.302599996708912,0.254284383474465,0.134975628021089,-1.11405014314447,0.77470913711491,-0.685330318570141,0.712576323450445,0.0769385385157757,0.0190095158404841,0.291966403168191,-0.0695274171694251,0.106843373676728,-0.0472068067336235,-0.222938374709027,0.302247860913854,0.144005933420747,24.35,0
35953.0,-4.84437152213983,5.64943864783758,-6.73039574613665,5.25284201867297,-4.4095661499774,-1.74076745609347,-6.31169852901067,3.44916731253577,-5.41628435913526,-7.8335555711125,3.6573495649865,-7.7814479532704,1.50772042676786,-8.60475886835984,0.0105926875670707,-6.55397325691037,-12.6243936527694,-4.98990973846596,1.64541389333247,0.284555090358885,1.19488835625662,-0.845752531858704,0.190673885417928,-0.216443252531192,-0.325033100382822,-0.270327592956951,0.210214051535782,0.391854886292055,111.7,1
124034.0,2.07502316166938,-0.0684444751810242,-1.28899339001213,0.362593027420189,-0.115408818611247,-1.31697133316104,0.157292402510146,-0.345352109831692,0.746682523969365,0.0325621154108194,-0.875304454549184,-0.0964812705205969,-0.613218901690805,0.593353230371921,0.856256369172585,-0.128763908606304,-0.503115260841408,0.0836840686219177,-0.226971155115632,-0.288336632126374,0.247055351998426,0.851084710842987,0.0011848981669993,-0.0052256869671549,0.238488875102055,-0.0976386459823028,-0.0207449586254832,-0.0597184196313886,1.0,0
97235.0,-17.5375916846763,12.3525186682391,-20.1346128135864,11.1227714331133,-14.5710801396343,-0.381622313270995,-23.9286610291615,-4.72492103304407,-8.6030380974132,-15.2318333653018,4.41705461009659,-12.8935202086054,-0.10962845638889,-3.54722989444144,-2.17782399757845,-10.4020683266181,-18.3720191223339,-8.31409231206699,2.43582348553379,1.9251025961188,-4.35221313065903,2.38904092140055,2.01912792631133,0.627191869568278,-1.08599721239039,-0.0718032360759346,-3.83819790404877,-0.802564460951448,9.82,1
160419.0,2.02627001410573,-0.536181123951376,-2.63789973620083,-0.573573365748856,2.33683616057242,3.49689405103975,-0.557281491068003,0.804124999054445,0.680741835925191,0.0508059812290112,-0.343083363748054,0.385254075515881,-0.32088975353983,0.264150368475804,-0.241640609516593,-0.596155120324436,-0.119323628519882,-0.669774725020136,0.0022944112719597,-0.146786524424114,0.128323061188233,0.549838104372091,0.0344774213070264,0.792263942306451,0.237511637340146,0.745800307461242,-0.0507444310639974,-0.077091605440914,12.31,0
64785.0,-8.7444146436792,-3.4204679837707,-4.85057473189452,6.60684578567387,-2.80054617200457,0.105511583647205,-3.26980129883546,0.940377922978903,-2.55869060182863,-3.62477471396623,5.26786160380362,-5.58369692598496,0.173895592410693,-6.67997675520914,2.08419914311417,-4.3488914455328,-8.76078602293495,-3.40754854415232,1.33293006548133,-1.81831542477292,0.102912553839685,0.311626102287519,-4.12919549979785,0.0346387321763146,-1.13363123097119,0.272265246225774,1.84130726881613,-1.79636258672205,720.38,1
74489.0,-1.11179892388407,0.670085267383109,2.00232851816443,-0.687252889194718,1.1442689607742,0.181237657628686,0.89875141717308,-0.186094772649638,-0.435353136240865,-0.305292951778156,2.04529953271875,0.528547280074233,-0.210808100292273,-0.64246833114889,0.427188050754656,0.0535459161918417,-0.121513260612155,-0.675666720740304,-1.09863609127361,-0.0517442257765742,-0.212174889350713,-0.419376606405811,-0.235776968379366,-0.335213596010515,-0.0361375202194079,-0.0293617653477876,-0.573844065203904,-0.344861596015072,5.49,0
116422.0,-0.57552709564829,-0.343264579374105,1.48047134921704,-2.34589819434599,0.0537702802128992,-0.340064848380887,-0.15323177591471,0.155449121770571,-1.06467066886985,-0.136282326128975,0.485998628089012,-0.0299151785783177,0.290844410897381,-0.427089754383487,-1.15602442384529,1.65413545951505,-0.484707701532387,-0.915731897839854,0.336766478915337,0.13161839496674,0.0947456891540563,0.0417061942384934,-0.0101334907204212,-0.449163447969286,-0.366548941835467,-0.579003659861152,0.10831904071271,0.1374209162182,22.0,0
5769.0,1.1853000488223,1.43678162359739,-1.31751543996097,1.86952242529408,1.01509985201468,-1.48082362999182,0.671081510859233,-0.398425171022769,0.682084246500563,-1.99064659512845,2.42852847978219,-2.33828480070949,2.28285993230649,-2.06668763438398,0.467378693637808,0.578454016247932,3.78778965748613,0.945798789332457,-1.52824565029836,-0.0671974098456605,-0.301998601018462,-0.446669533065283,-0.137093524364671,0.0377611376248784,0.747115431417348,-0.32622253574969,0.0357560532650938,0.0922906482184835,0.99,0
129308.0,0.0546821522798935,1.8564996040552,-4.075450734554,4.10009796977678,-0.800931346218859,-0.29250182507501,-2.31743139396216,1.18974699460744,-0.786237923620357,-3.90674573293228,2.99348883356357,-3.61312502993317,-1.7272971294619,-7.36463881998297,-0.343295934983382,-2.57763472583711,-0.515302055109939,1.10910710845714,2.35115138243805,0.509558726652881,0.61824776165619,0.800932138498696,0.13001647459447,0.288945953295625,-0.36665802323555,0.0303066561662426,0.431182443382693,0.110698251591246,80.9,1
13126.0,-2.88004235163471,5.22544230971559,-11.0633302799459,6.68995065770063,-5.7599239886738,-2.24403079081521,-11.1999752166959,4.01472180864313,-3.42930426351801,-11.5619497720699,10.446846814514,-15.4790524832016,0.734441608104148,-13.8837785491112,0.821439545395249,-11.911483017197,-18.1030037037729,-6.83783453880068,3.12692935212663,1.19144396640797,2.00288287701632,0.351102064721284,0.79525514045211,-0.778379381413672,-1.64681511254223,0.487538823287331,1.42771309550336,0.583172486219188,1.0,1
153695.0,2.10281543404746,-1.41545648075039,-0.0017657261799579,-0.837267609973293,-1.2864279178258,0.882278060323822,-1.83160853539123,0.442868541774169,0.890144648397404,0.686336731735193,-0.228410381216723,-0.031564563029398,-0.543530432401189,-0.930830023143121,-1.58186065729938,1.30469789651649,0.0742572228869755,-0.51881564132776,1.31168235709957,-0.0447704646412513,0.141421461423725,0.616294078479722,0.201795493461598,0.20908409767032,-0.306924328184819,-0.207944667536882,0.0479169350442758,-0.0466492524518607,7.1,0
138942.0,-2.35634817171224,1.74636046414013,-6.37462362059635,1.7722054455123,-3.43929379640843,1.45781106507128,-0.362577080151496,1.44379091605937,-1.92735886131488,-6.56465926230671,2.4507521592725,-5.69407428254804,-1.15546908515323,-7.13215063894307,-0.059627810007784,-4.59657658277775,-5.5220880540876,-3.5290655977144,-0.663370800920003,0.194809814636999,0.857941843268412,0.62120338692579,0.964816561119457,-0.619437275613569,-1.73261275172715,0.108361134584802,1.13082816380553,0.415702789405836,727.91,1
59559.0,1.42989282221528,-0.50714411745436,0.400146912148467,-0.643018831291611,-1.15590720740276,-1.1038740289835,-0.596177840630002,-0.159966678060117,-0.602030112915659,0.674033539704169,-0.46640383490832,-1.24999334591669,-1.04735785338774,0.0918564256025421,0.856029135402801,1.16207241437514,0.321940030127648,-1.2323501421651,0.530615480781357,-0.0255951875005505,0.126045748758094,0.252612577273754,-0.0225325015164027,0.378182205483222,0.460511015877486,-0.202707448594132,-0.0021324232019827,0.0116063335287794,2.0,0
137211.0,0.630578744212506,1.18363142021427,-5.0662827181354,2.17990251484867,-0.703375740890159,-0.10361428842267,-3.49034985781286,1.09473429241599,-0.717418480774938,-5.17993471366321,2.86702850008408,-5.25999613299847,-1.27715142230195,-6.98927231350758,0.690009613250389,-5.49618760977607,-5.99533723596091,-3.9905149275795,-0.167199797868911,0.357369307955279,0.621621663049365,0.0438073846680806,0.102711029430332,-0.601504870194403,0.127371352545737,-0.163009126463793,0.853791839587473,0.356503102101233,39.45,1
85012.0,-0.966460649302712,1.22162375866125,2.07495073287907,0.741264849728199,-0.543647299172925,-0.250844477425325,0.311382528679587,0.336717535859561,-0.729390588361663,-0.139828414888907,1.25776280790937,0.175174836762385,-0.986575715492653,0.64328605808624,0.787759430426088,0.206298251379754,-0.309717715420394,0.618825979656852,0.745445543916975,-0.0624111547857377,-0.0754150214490278,-0.332309566490695,-0.111030666414199,0.464982199183428,0.0233229298388513,-0.554645928515691,-0.329725012591925,-0.214778647961095,22.03,0
143872.0,-3.72976743146343,3.58623770127946,-3.56836358036381,-0.625161472357384,-1.66480064455038,-1.09283041610209,-1.72863266664886,3.12243136564981,-0.215920291203808,-0.363346437425823,0.0859831584549646,1.34902347856188,-0.506309581975412,1.15160741393646,-1.02723776637015,1.27303013178776,1.3367907903187,0.508473444420381,-0.202393921888489,-0.0261121751497589,-0.178512360390643,-0.997888807642622,0.473714206840263,0.615361944087971,-0.038488271095674,0.129409434589764,-0.0225686787005113,-0.0260874959216905,8.99,0
67489.0,0.910397868919031,-0.312866651482909,1.08391887507217,1.36878028312658,-1.03977336213847,-0.388077681401636,-0.31868966239971,-0.0154354432041765,0.424552652732517,-0.0661787820436009,-0.408998909951718,0.305064494314654,0.41145125377465,-0.0467241873923716,1.39861926434748,0.683095856643317,-0.715900313754921,0.33130960611585,-0.749028119884709,0.175736531018206,0.189348534121926,0.281790427539664,-0.129843007615277,0.385705211425249,0.2953291590471,-0.376331865447414,0.037649903085483,0.0649726263211069,144.0,0
6986.0,-4.39797444171999,1.35836702839758,-2.5928442182573,2.67978696694832,-1.12813094208956,-1.70653638774951,-3.49619729302467,-0.248777743025673,-0.24776789948008,-4.80163740602813,4.89584422347523,-10.9128193194019,0.184371685834387,-6.77109672468083,-0.0073261825777121,-7.35808322132346,-12.5984185405511,-5.13154862842983,0.308333945758691,-0.17160787864796,0.573574068424352,0.176967718048195,-0.436206883597401,-0.0535018648884285,0.252405261951833,-0.657487754764504,-0.827135714578603,0.849573379985768,59.0,1
55279.0,-5.75385192191905,0.577609830544052,-6.31278151817008,5.15940136394611,-1.69831984974091,-2.68328644007023,-7.93438913772177,2.37354992013064,-3.07307886895315,-7.14513662527302,6.25006758982915,-9.15082268467043,-1.37614146959781,-9.98258470738767,1.2022169675584,-7.56504249195105,-13.691474448179,-4.36686728138342,2.18142273556017,0.0175000205275833,1.17785240817647,0.175331359039045,-1.21112332108691,-0.446891081681294,-0.405520352964176,-0.165797490498776,1.50551591304239,0.359492050360598,1.0,1
8528.0,0.447395553302475,2.48195386638743,-5.66081393141405,4.4559228120932,-2.4437797540431,-2.18504026247234,-4.71614294470093,1.24980325173147,-0.718326066573691,-5.3903302556601,6.45418752494833,-8.48534657377678,0.635281408794591,-7.01990155916612,0.53981407134798,-4.6498642988132,-6.2883575087823,-1.33931232244731,2.26298478762517,0.549612970886705,0.756052550277073,0.140167768675,0.665411100673545,0.131463791724986,-1.90821741154788,0.334807598686864,0.748534284767756,0.175413794422896,1.0,1
163181.0,-5.23880773573245,0.623013013517624,-5.78450659224569,1.67888930740175,-0.364431871608896,-0.477294697773818,-4.27613150437269,-0.695172912010584,-2.97164438627248,-5.52913123107677,1.77950450310136,-4.83615901427864,-1.20899187512247,-2.90118981074214,0.281878305641659,-5.53954431982868,-7.2909602133188,-4.89776603568321,-0.30860899195249,-0.203269802188999,-0.326139919163346,1.50923868732044,-0.215966267193936,-0.245726907285863,0.893041276540073,0.865758089249014,0.854657016693772,-0.964482422283343,39.98,1
77457.0,0.662800313988734,-0.245096737189201,-0.205197674651941,2.60650232303506,0.0724408972476036,-0.282300783955912,0.835936664897565,-0.300320024006186,-1.02364423064811,0.551436383102042,-0.899194458639326,0.106218218288834,0.837078079841362,0.315002723999137,0.295505227337374,0.625772958812673,-0.752375417338858,-0.291737866991782,-0.815065160413786,0.521918748165074,0.108919832197372,-0.367120775317387,-0.394615336640509,-0.117422608857787,0.592330285212006,0.0048146908082941,-0.0813174174527337,0.0648488582889782,308.07,0
119445.0,1.91119613482731,-0.365939858251559,0.501557389126058,1.39528427893814,-1.09520883281099,-0.044035370054109,-1.07593138535255,0.186580033851637,1.45606103670031,0.140294488882047,-1.05591228431892,0.206805092566391,-0.0646201680980291,-0.343287337549948,0.9014766187326,0.693789162322325,-0.797213258088559,0.56182610582745,-0.928288160291571,-0.275487090606408,0.252546757185051,0.944623613358559,0.211981525879836,-0.0392034694463316,-0.328879618698631,-0.582408341556275,0.0994237744501099,-0.0183332579764302,0.0,0
14527.0,1.14819532746711,-0.055478756207729,0.963189413372739,0.204069935383406,-0.64766925752121,-0.152510560890181,-0.581955662492979,0.0426392161374777,1.38908081642311,-0.408776008101195,2.82365753641625,-1.27836144983082,2.11374538914287,1.61973692272281,0.0648817207967588,0.309339928683977,0.369940264443126,0.0775627324699204,-0.552113700883554,-0.0808523868016549,0.0310452043210686,0.372703463866151,0.021964020796646,0.25372685701169,0.0926395360303231,1.02944494510244,-0.0732281318660513,-0.0048973608772311,14.95,0
64443.0,1.07952397806913,0.872988038728802,-0.303850487243895,2.75536885087579,0.301687623167546,-0.350283737195093,-0.0428479677130716,0.246624608381391,-0.779175595769242,-0.157696445821874,1.92856763203456,-0.935863286411531,-2.43144644518658,-1.63347202401986,0.534336652706283,1.42560550367097,1.59352878606579,1.17846784575361,-1.56869755794851,-0.252115099030468,-0.023254784527163,-0.158600833910515,-0.0388061577093773,-0.0603272546840962,0.358338898397498,0.0769835703935526,0.0189358319830432,0.0605741494833015,0.0,1
116225.0,2.05897081306888,-0.0307843354482485,-2.22876137522078,0.0328141753463231,0.663657836576178,-1.17454703955975,0.712533461895923,-0.439004266195188,-0.250951998029487,0.381742003337209,0.620028592775473,0.626922460178486,-0.156949042961116,0.959062289638562,-0.427967013562109,-0.0733681270221984,-0.67973112987912,-0.0336542010313093,0.457184520649981,-0.136396373799248,0.164837845340184,0.480002048637719,-0.107267272410766,-0.413121674398686,0.320706261914872,0.804710543826717,-0.141198543878909,-0.094893124075477,37.85,0
85285.0,-7.03030814445441,3.42199090467553,-9.52507177254752,5.27089100906596,-4.02463027558805,-2.86568161775739,-6.98919473439446,3.79155093755913,-4.62273033596451,-8.40966487562735,6.30904400603177,-8.57676143258937,0.246746716929862,-11.5340460181508,-0.3642651387587,-5.45249465771382,-11.8875700201872,-3.56358481007011,0.876018768156628,0.545698040621445,1.10339774484256,-0.541854751589521,0.0369432219896495,-0.355519004066217,0.353634382097,1.04245799282131,1.35951563156376,-0.272188101257294,0.0,1
90676.0,-2.40558049004183,3.73823496480673,-2.31784304058402,1.36744244056479,0.39400112765787,1.91993798476143,-3.10694204753682,-10.7644025337266,3.3535248599039,0.369936028027435,0.382172176843061,-2.26293253493218,1.21060458321664,-1.88061870491121,-0.934160416330735,0.235476804417352,3.32156931100987,1.90627082950488,-0.581355690647057,-2.14087382269319,10.0059980130045,-2.45496409501601,1.68495694696092,0.118263083149952,-1.53138011163519,-0.695307571119466,-0.152501562016877,-0.138866256312262,6.99,1
129699.0,-0.795495571759349,1.38127294221586,-1.18172279377913,-0.457022506821878,0.405645507631513,-0.768197364080008,0.363647230495398,0.573161411320448,-0.40086434195165,-0.657892734303214,-1.36796498811349,0.582029870183689,1.06389533952407,0.820348084327704,0.370691569291113,-0.121767345952563,-0.331537340540783,0.266274256878647,0.159808821603199,-0.164259716331121,0.450305770133575,1.27579244515773,0.0430602925092901,0.534227430132612,-0.648186179512522,-0.245766410138788,0.1573990656065,0.137016083951513,7.67,0
112575.0,-0.57824191797213,0.912162756353868,-0.393695561204182,-1.04214071478154,1.05880852101917,0.970015053362321,0.490627433813643,0.646507643748512,-0.0128825805951756,-0.0678762546258775,0.705451831222627,0.629304206113342,-0.56005812371202,0.506978763192752,-0.219908585352247,-0.533559206125976,0.0245345086187486,-1.32233464642883,-0.651748637325301,-0.0449146501896611,-0.216016325064763,-0.293331952306959,0.104437694662731,-1.65824183211314,-0.618214650909936,0.233007885334316,0.110550853982203,-0.159971754978844,16.0,0
124134.0,1.87601644993574,0.530780543739533,-1.4938436222866,3.86004023890903,0.738149546387597,-0.691328358079507,0.813999578573586,-0.306936048746583,-1.16767069114061,1.53945025315498,-1.42243077637225,-0.977953348668706,-1.51785840058161,0.85964191580037,-1.07230996514887,0.236452081683604,-0.386671851095594,-0.653981095955752,-1.42960693469928,-0.31108744021056,0.135542107761736,0.309487998711139,-0.0352899324643294,-0.0437393265532816,0.34142683837682,0.174771269264206,-0.0936038060388423,-0.0626644747369173,55.04,0
56412.0,-1.62293739281647,1.78756172400305,1.24038519687717,0.659396743733951,-0.0821826673838876,0.928176393093675,-0.617499271140057,-2.27695967324302,0.63997672879239,0.473975480080261,-1.58170630292091,0.605556730896006,1.29477195666968,-0.718611707307791,0.111539197623969,-0.280592652203555,-0.188390381685005,0.427062361076973,0.852352175828356,-0.19125551263838,2.38074265721474,-0.0805495338677616,-0.0209070210576234,-0.554661945770021,0.219431030351802,-0.113934901225185,0.399895912824996,0.287909691798107,6.25,0
74960.0,1.35881382732347,-0.586763478763049,0.0603366122861897,-0.818833685784995,-0.79119448159728,-0.66509405455437,-0.486602573382659,-0.0900637105602295,-1.03945124956084,0.833898462554989,1.03765220224014,-0.384654277654852,-0.502892015323758,0.240484327958962,0.0529428547440166,1.31714730049161,-0.0430213124616873,-0.700629788065362,0.930798347259153,0.0993843944954501,0.24946563981377,0.535589983469362,-0.181232024446262,0.0290645996430373,0.615117544294751,-0.114177707897499,-0.0190780994333011,-3.76982650555171e-05,35.85,0
67150.0,-1.82429505976067,0.403326526860602,-1.99412200641801,2.75655816357726,-3.13906432572579,0.408185014718199,-1.20904511871624,1.09563435393431,-1.44722489217345,-3.95100289197434,2.56070020158284,-3.4119829114195,-0.781669619949492,-4.7327675351632,-0.433973654922625,-3.30608841178359,-4.23102187544855,-0.750809770409941,2.69080834203374,1.50368830479002,0.838760421033887,0.341727095787049,0.947506491293615,-0.145493002452622,0.0493257725258454,0.831065451615044,0.33242130393302,0.252712728641008,489.71,1
47295.0,-1.28916958466418,-0.813982386776468,1.68806391362965,0.123566730089237,0.577169164709704,-0.70450072155075,-0.06055930944701,0.180135153942839,0.640033556461549,-0.900013885156137,-1.67525798682714,-0.0128256003887609,-0.649019863793268,-0.473909073130873,-1.44429754854216,-0.228510729479798,-0.0840664558410638,-0.288155535011472,-0.0284243259485247,0.26838179144048,0.0802616925644022,0.0333328164006915,0.195036853804927,0.0551214172203101,-0.149257488902928,0.335976697614604,0.0458115538907319,0.165864792516273,89.06,0
45463.0,-1.47689343619361,2.12231379246165,-1.22946956041319,1.20184879823143,-0.343264387787516,-1.31770390932283,-1.52814215893659,-0.620953383361586,-1.21304032250238,-2.97526724837752,3.53221960237349,-3.68263987014104,-1.15477748628793,-5.16522922685485,-0.240091425455286,-2.40492728839102,-5.67173864053893,-0.99429395124741,-0.289935891439032,0.276893466308702,1.18603560532412,-0.0402148700651311,-0.238930086824211,0.110144325976026,0.0454183699836296,-0.56923231725429,0.481018701576887,-0.0475554426964208,1.0,1
101597.0,0.91311613528992,1.1453810871791,-4.60287793273505,2.09180337375362,-0.473223859280585,-2.0854358325571,-1.67124403232231,0.0943965856348779,0.337798765397573,-4.4318096317282,4.87197985976052,-5.39522117678937,1.33250215621937,-4.60379669207464,-0.77731354811867,-2.57189156103509,-3.00361530529652,-0.225441388417525,0.252273565031692,0.50898474829098,0.40141574109896,-0.0849334160429759,-0.197684434494785,-0.283271078982557,0.387597335722074,-0.553526986386025,0.516274456782261,0.270828187083758,147.87,1
4747.0,-1.10851731669216,0.937641986792938,-1.20402379564453,-0.568047813377559,3.55751955459756,3.20998061882155,-0.754521282902151,-2.129412316085,0.367264823761785,-1.67146642296172,1.16637435670438,-2.96986045853541,1.19512766343678,0.392797875378536,0.131636607476208,0.826558998583899,1.29255522131874,1.20191617697898,-0.150765527598154,0.67236757003312,-1.5804802999008,-0.0886194482631038,0.358577680424839,0.803002434609311,-0.141037336900952,0.213370933329801,-0.0349921943835594,-0.0724826491356132,0.76,0
77182.0,-1.41085190223088,2.26827061391536,-2.29755364869312,1.87133052690782,0.248957097554545,-1.20879869131782,-1.35864849113679,1.10291613180529,-1.31736377078276,-4.62691916410905,3.35763973653551,-2.99881490434833,-1.95678634545881,-6.76663337149207,-0.869899592420961,-0.868576751992314,-0.370333268936992,0.419265507331837,-0.894893657235367,0.0580625903425241,0.155380926745126,-0.614880421672272,-0.196125537805858,-0.464375543427361,0.118473100986687,-0.484537034984231,0.373595915880442,0.187657248903867,1.0,1
150907.0,-0.180590373253956,1.10109196972623,-0.0103419791348502,-0.513274753439362,0.745659741565869,-1.36149836688991,1.24463428911849,-0.298660366916843,-0.216670933527772,-1.24818902152761,-0.655840518064901,-0.551844795497608,-0.53455141748011,-0.722381383242622,0.491995229186568,0.178938925814763,0.333608606371342,0.721811491445531,-0.531448669959004,-0.138835983568307,0.302163643753326,0.937070571562957,-0.333506964635687,-0.028068961494669,-0.0997838438352328,-0.178414179138689,0.168538524773361,0.200684326861361,14.89,0
54846.0,-2.98646550822273,-0.0008912294816884,0.605886830263541,0.338337780759695,0.685448451171472,-1.58195443740193,0.504206377175919,-0.233402618007887,0.636767742518801,1.01029102209398,0.0045179679664243,0.0443966388940644,0.420853062352676,-0.931614224984722,1.14797368277192,0.48306309357216,-0.152470829644753,-0.285666258848129,0.0725498490088206,-0.764274258309323,-0.875146363670133,-0.509848660993286,1.31391790371009,0.355064731381086,0.448551563224067,0.193489780350156,1.21458768687535,-0.0139228973515758,1.79,1
61646.0,-1.52230450950001,1.50515204317029,0.372364350808073,2.28686855813503,-0.526518744404641,0.998593092488712,-1.0875560400314,-0.027248402908359,-0.533001251290556,0.169572797878818,2.79039639060721,-2.31695189213093,-0.78253178710191,-3.43173796295146,-0.527701760836688,-3.2935576903327,-3.90149898369755,-2.52544048175208,0.79514422023384,0.412800620721233,0.332216175668172,0.493980864616249,-0.0801982925908616,-0.253327337787628,-0.477799682605952,0.991739677999628,-0.952553959120801,-0.39036399798095,19.04,1
34028.0,0.295196086305255,-0.665059273937085,-0.166118013513726,2.98010606483303,-0.450200439372844,-0.96107168419065,1.24013325497375,-0.475644951328226,-1.24950996210951,0.499925298518344,0.0658918798374247,0.436760446119611,0.635163324639112,0.520711175244281,0.151019279417567,0.203267198712757,-0.30888720870119,-0.663256419984904,-1.24031611667953,0.806711310664039,0.309111528222736,-0.154699193640012,-0.455862023915464,0.971883362217155,0.511751386316293,-0.0166236105795848,-0.122368964275281,0.0978831132471657,467.5,0
58222.0,-1.32278906321956,1.55276821126964,-2.27692070362638,2.99211739124618,-1.94706392017319,-0.480288250384527,-1.36238752318047,0.953242226598613,-2.32962885992389,-3.39355348115172,3.1284396921776,-3.57039373078107,-0.595198191474463,-3.98841505479623,0.995905842419722,-2.84378455855144,-4.82624611607161,-0.703883464864473,2.15221455770756,0.988493486888991,0.614968996752659,-0.195199717277462,0.590711261700839,-0.233377663885038,-0.164285286785183,-0.27749787053455,0.428610084734921,0.246393746180351,270.0,1
99249.0,-0.924370017359584,0.74754573800311,1.72980034785942,0.724626203947242,1.4347495925857,2.71756307596466,0.287399246039418,0.550166744859423,1.43134691181181,-0.491201676890016,1.27132412255536,-2.18408174896449,0.52991473324139,1.24480800793679,-1.25482508220717,-1.43581411623393,1.33623600700192,-0.837547678862718,0.635452573865667,0.0513322065652386,-0.68884462812467,-1.23582545807373,-0.0604929548918377,-1.10123913699414,0.196378869366257,-0.774658608025909,0.085752482125071,-0.121034166877995,20.7,0
152098.0,-4.1243162505368,3.74859690056241,-7.92650660758866,7.76324179132026,-0.769374580551456,-2.03117088274041,-3.4745494647169,0.107121410006842,-1.55135158957203,-2.4112720149303,4.48003526995735,-8.83250972518326,-1.21516414034012,-13.7256846134361,1.23274441510587,-4.3896876778022,-5.81091981744958,-1.25542240180062,1.11403305037529,-0.181978583306058,0.547096801357099,0.68785388119585,0.429938703679497,-0.620601279432049,-0.369688286259497,0.367348753696039,-2.66476709501523,0.417100621604896,1.0,1
160537.0,0.567539266873172,3.30938527728796,-6.63126848884588,6.39457369583463,-0.0541723256891658,-2.39653528063935,-2.79248887303506,0.514811021472804,-3.54178025732386,-5.33475387061743,3.61873721262172,-7.10148829773798,-0.442125291870087,-11.0816168429851,-0.813721638541621,-3.30289861059986,-5.84890261106356,-1.85063546419134,-1.01863859540215,0.555411780502512,0.614220932245907,-0.365047253101859,-0.180408542452136,-0.52327142948781,0.645054313073713,0.246465837556682,0.902675054512292,0.47357149999817,4.69,1
53937.0,-2.04260819938332,1.57357807373238,-2.37265243271278,-0.572676430720841,-2.09735276458226,-0.174142123011242,-3.03951978687359,-1.63423295064356,-0.594808638750073,-5.45960189444545,2.37853722491518,-2.33027064686235,-0.24623272486659,-4.05852343611281,-0.316983146603949,-2.52266081131673,-5.60340034818128,-0.778439963776289,0.860211793588662,0.825565985313424,-0.723326195587733,0.501221637302624,-0.696892260580304,-0.600513726439022,0.127547028812739,-0.786072220292301,0.606097322391548,0.171696507911815,261.87,1
44883.0,1.23580900503832,-0.52474007956947,-0.218622838972324,-1.37370088937656,-0.287622478907547,-0.26948469351391,-0.110176116267052,-0.0490171788710743,1.61487061465628,-1.2027845041681,-0.978926108916573,0.614607264633549,-0.0782357341092056,0.0108236993911027,0.785496751558555,-1.03580230958103,0.264679865107721,-0.72302676300745,1.07365691482804,-0.0269779175775574,-0.218954037373986,-0.415168550809498,-0.143620973157058,-0.715115092581691,0.592002649306747,0.0495662814428648,0.0115248057766007,0.0061349624217255,48.42,0
3749.0,1.30447274968626,-0.490863069633553,0.779574736667526,-0.505592121314962,-1.16895728225277,-0.796714623206617,-0.751514847530244,-0.109069556434845,0.335377359670255,0.416606837714079,2.53295561999809,-2.65129140883682,1.02840971094223,1.63062743542256,-0.560140899228347,1.37917553003468,0.812506429733263,-0.789590767681004,0.614873817656555,0.0363944802487938,-0.173726041150578,-0.501862518217654,0.146497716591952,0.443351521378772,0.1176358845009,-0.550645439503551,-0.0292564624811164,0.0110619096401605,33.49,0
49985.0,-1.55421636788274,1.69422928947167,-0.903333638062708,2.42543608490852,-2.89978748492542,0.133028430446298,-0.286225919411127,0.555944559014401,-1.39491838156524,-2.89261176082088,1.96223597455109,-2.38526266137636,0.458337202321203,-3.72454345377605,1.84397832505056,-2.01392370780293,-2.81560029569659,-1.09229027232613,0.139687230416985,-0.0323343863075664,0.493436338989664,0.733393182273647,0.202349959595007,0.492053700892718,-0.183790909215829,-0.19991711985608,0.395200622125666,0.0276930320930062,360.0,1
53357.0,1.35254316931808,-0.650801582814837,0.632802958141442,-0.710924372986436,-1.38789898578137,-0.906260953624737,-0.820093267124757,0.0823742686606146,-0.664578085249067,0.854667896617016,1.26911760691369,-1.13355594191232,-2.47681321106859,0.560286481512581,0.3770492596335,1.49124309606729,0.186515075644227,-0.841401979797781,0.838746592283093,-0.0957274150127284,-0.0609772754826314,-0.452278616200738,0.180592967887061,0.439332396997518,0.0873560791267917,-0.502333389428172,-0.0094286668706147,0.0086056240656695,6.18,0
44705.0,-1.94568028199473,2.17137444248352,0.768864189236837,0.703363070705517,-0.378704603426794,-0.260979218375524,0.155625309157223,0.697042176627554,-0.791068039663434,-0.0503888619132891,-0.331338897515897,0.590466857948947,0.864691309870592,0.561779080514877,1.29450103512654,-0.519766975124648,0.382530431010762,-0.41690724097806,0.128578915696899,-0.0450266992937468,0.168253086586164,0.433740508391449,-0.27555275559201,0.107792990761982,0.494683603198081,-0.252919389730562,-0.908789436839992,-0.513491821686115,11.12,0
43222.0,1.1585633143337,0.0644379580144862,0.56475766844464,0.515582364033548,-0.44831017831793,-0.34477331667363,-0.200057159932879,0.138856081330291,-0.0408246360388914,0.0957967174198409,1.67083619390094,0.537673298507556,-1.09017933187984,0.72827774008337,0.707221312995102,0.206615613163632,-0.248905100398324,-0.407218054361578,-0.256203697444927,-0.201226234529006,-0.179131071310705,-0.583680582775387,0.193795623721052,0.184277744763126,0.044413024789008,0.0984012457803337,-0.0244296660871066,0.0048148491990921,1.98,0
28500.0,1.23285763974828,0.214358262484978,-0.288756330441956,0.241342992796534,0.304236053667156,-0.434083037255024,0.400525710784451,-0.176942031805385,-0.509947208392512,0.0764808366790801,0.882961936047304,1.10705597753915,0.858877182668322,0.484404027756103,0.0406399886195005,0.432632251695767,-0.843101386579935,-0.203524372851548,0.693437683685368,0.0532170829791464,-0.35688565743154,-1.13605108852957,-0.0073031309484438,-0.486866904571694,0.379212533749814,0.166208845148781,-0.0702790827998171,-0.0015088438667433,40.9,0
73407.0,1.20894176697311,0.146918282892109,-0.0034156547353452,1.02388964752481,0.1526498423377,0.0508712529413106,-0.0019837553486067,0.0409322419933095,0.184432909326131,0.0417004855889681,-1.11158381750237,-0.535552623661624,-0.797027452307352,0.503130925128521,1.3581554945899,0.149123745507692,-0.442821986737151,-0.122817342712684,-0.517607298692827,-0.166423473901931,0.0443067648414251,0.12384713307242,-0.190337496791287,-0.788217346308391,0.672207304203213,-0.197704219306067,0.0234635419560404,0.0116096381710569,25.0,0
7740.0,1.02387386852139,2.00148526626613,-4.76975183220974,3.81919458538265,-1.2717542273697,-1.7346624268403,-3.05924503160896,0.889804791975203,0.415382113237262,-3.95581234352737,3.57205481558784,-7.18645159050588,0.147242340802109,-5.24930454889762,1.67833367358535,-2.64147310915178,-1.31205856007348,-0.391716050952505,1.11826355175812,0.204137684042271,0.343282648722251,-0.0541956644068491,0.709653952497143,-0.372215866946976,-2.03206836614816,0.366777602071192,0.395170669257609,0.0202055389458413,1.0,1
36515.0,1.15903773400098,-1.7959288853889,0.707623351426016,-0.834650440996491,-2.08549815627736,-0.325203899438073,-1.12638745594355,-0.060625775168687,-0.953667078504383,1.12261377543912,-1.21720246830121,-0.701656341956555,-0.0946582504291133,-0.917323607161584,-1.27092584808978,-1.09272251241442,1.17391132494988,-0.244582933863356,0.240564251868927,-0.0679555482319589,-0.199924685171809,-0.242454030664383,-0.168262642203329,0.406495195702276,0.457750724147558,-0.105518898939378,0.0325060576522524,0.0471479475734545,170.74,0
137896.0,1.9408909123793,-0.0425806322847051,-1.78872747230193,1.2077579028332,0.54760615682165,-0.451622777864328,0.399138870883275,-0.0835767181621048,0.194645299447864,0.459259202431075,0.427913718579809,0.0317868951498949,-2.11076830422349,1.07830837983704,-0.97751646593208,-0.435696857802402,-0.289577807157617,0.0870372835059238,0.0715077129140367,-0.320334905544099,0.0933323116986938,0.274180548042039,0.0224689160134946,0.661406566526253,0.373060813629723,-0.539644838624324,-0.0401780050630224,-0.0640312973115135,35.54,0
132752.0,1.97701983966765,-0.426243522579201,-0.198736469429956,0.400223174690089,-0.776880749134146,-0.515217381191164,-0.609206311748707,-0.101055313047882,1.13165669874009,-0.0433173252078161,-0.75698343851559,0.91737796653634,1.18490252250928,-0.475904072302295,0.289208455264892,0.204019408599483,-0.470195694876794,-0.192705997055174,-0.34144606439459,-0.117694982444672,0.232730323378575,0.955098546096147,0.12374583599329,0.0899957929195863,-0.237722885606504,0.740746549777691,-0.0186584998312883,-0.0471148120697515,13.95,0
88737.0,1.91782653091941,0.951966571156228,-2.05920551344214,3.83399771227534,1.66819219140891,0.769825697337707,0.23246305671161,0.107940567202011,-1.14364568858013,0.541699242973355,0.301977229683697,0.257697090947377,0.709147651977866,-2.420715975085,-1.99774018079568,1.50669615001484,0.799832475247662,1.16276426158317,-1.15062735713932,-0.115922317627863,0.0152553539964535,0.239994342022941,-0.111915984520572,-0.380575889863537,0.370994788995014,0.189116547062326,-0.0058232806791896,-0.0121050906997506,9.21,1
127695.0,2.07201127942762,-0.836118945932087,-2.32027084197289,-0.441036154040261,0.0699992415266153,-0.966495688550392,0.284848022707939,-0.42759695324752,-0.706954269142436,0.944333704574281,-1.53366236961099,-0.77804036591984,-0.868773898596424,0.638339197973941,-0.281647740597236,-1.96751935365447,0.114216684725492,0.829319570821164,-0.49562944619145,-0.472238631182457,-0.245615045621608,-0.347567310793078,-0.020923806582575,0.494116525344107,0.227677721055134,0.805058399683951,-0.127415360459431,-0.0629621096813836,102.93,0
93856.0,-6.75050851563533,5.36741605145469,-10.0546349530569,9.06447791765316,-7.96811808353808,-2.26379841398236,-10.317566180676,4.23766573099145,-5.32410880613734,-11.0923923688428,7.15408284221914,-17.1504052507291,-0.0953992277686904,-11.0301103643432,-1.95905455483077,-12.4485623424367,-22.6679054064789,-9.26460873295655,1.9823563171714,-0.0812198922441237,1.90903201764938,-0.34873973066671,0.425000563135111,0.674908669807175,-0.784208393488163,-0.247422102935353,1.1595813739152,0.197817874685768,209.65,1
61947.0,1.05731634705582,0.356071463046885,0.261353745898907,2.30958592299689,0.278945024026252,0.498232727898488,0.0147558659233015,0.320941743351391,-0.877734551693461,0.84769210827001,1.26060918318917,-0.32536310261075,-2.18167872895739,1.08193851697946,0.325850461991831,0.164208179153546,-0.0958035635520219,-0.60155103225986,-1.34075387771242,-0.320591109568738,0.0434505941025803,0.0065531696042,0.0098341542828758,-0.354349330856314,0.356921808492783,0.0543041126208222,-0.013856509308044,-0.0036025373523,15.66,0
83513.0,-1.20896839811518,0.952095613116644,1.0445018311281,-0.159356185542146,0.575565183451308,-0.425649401784864,0.62695439338916,0.403193652711302,-0.862953900476696,-1.1186527909318,-0.700176583979285,0.574587598498597,0.961638125897507,0.337307314423895,0.303676249141379,0.253484572033101,-0.51204664423471,-0.514826383319294,-1.48598023149108,-0.106129201671125,0.158093513079531,0.176787500415038,-0.291672552662985,-0.266852639543734,0.852380256732104,-0.411985550884711,-0.154318584099459,-0.143042569024614,34.78,0
157284.0,-0.242244998983291,4.14718554774299,-5.67234909620488,6.49374059630435,1.59116815595921,-1.60252259512767,-0.950462840251984,0.722902909564455,-4.12850525273272,-3.96322447209244,4.46946731169238,-4.6550713248721,-0.441775588896948,-10.1498129226371,0.612797714121901,-0.288725033933543,1.40450707513401,2.13208137860015,0.707199945685905,0.562029861091792,0.249022570668556,-0.480286305732899,-0.286080216527281,-1.15357475551215,-0.0355711283215471,0.559628209963356,0.40944648264684,0.221048104758881,0.77,1
55760.0,-6.00342167645829,-3.93073139597263,-0.0070454551172806,1.71466918264498,3.41466660221529,-2.32958262254194,-1.9015116901208,-2.74611109114189,0.887673207764977,-0.0492328559624844,-0.153131026660117,-0.814309846145704,-1.89479558623308,-0.83148260879597,1.38728869521525,1.18890675852063,0.536817322665437,-0.0514032140040002,-1.23138550165184,-4.12818582871798,1.10167131666753,-0.992493706726384,-0.698258928361953,0.139897673540465,-0.205150795631722,-0.472412262665941,1.77537805651063,-0.104284625925588,311.91,1
46031.0,1.15474260896424,-1.99673332616401,-1.00588870116398,-2.32675808140995,0.485864567843359,3.53024787838667,-1.55549490766358,0.80147616200496,-1.76140666842911,1.38941966464681,-0.275231592709265,-1.0398382324837,0.638877410073613,-0.322380337710246,1.04712504081774,0.201050006344426,-0.12359537666895,0.78688593712799,-0.135633353154521,0.229527629374263,0.0121392110200083,-0.168207406672328,-0.218970627749893,1.00784339836322,0.426134605402225,-0.110325607557939,0.01557742456276,0.0566413988967427,219.0,0
138039.0,2.0399506314384,-0.0504364951746426,-1.82292850203593,0.257979016138187,0.440332395092524,-0.385511822978031,-0.074734788222517,0.066006109239127,0.553759792022645,-0.157928384452644,0.628362566642306,-0.292789205826201,-1.9964816736664,-0.255774675579963,-0.209957243328358,0.616924014623474,0.308916290346494,0.422035561838632,0.372724050463758,-0.274308317125933,-0.34612594687278,-1.01613651939483,0.330044339222479,0.141654242453126,-0.339795144515431,0.180693846355902,-0.0766441481731608,-0.048041663257607,0.89,0
34521.0,1.08123377540659,0.416413936043849,0.862918740651629,2.52086280678918,-0.0050205000585141,0.563341022808024,-0.123372251574041,0.223121852791809,-0.673597550149872,0.644549730341658,1.1205051770709,1.23777331256672,0.342362114422749,0.0383719793321978,-1.19450308848281,0.0854063439558358,-0.219143226460215,-0.694259215394403,-0.655269928208246,-0.16524877677618,-0.159387123973102,-0.305154013019185,0.0536197364326817,0.0117614442207135,0.375145782072105,-0.106298753298543,0.0210082653765087,0.0105592082435436,1.52,1
51135.0,-10.5273044341626,7.63974510878724,-13.4431145027514,4.30340291762786,-8.04820986720506,-3.46699653575204,-8.64319279153494,7.28410530047069,-2.36209663777244,-5.99659592015915,2.5891035399443,-5.9622614216576,-0.468955402702701,-6.77818372152522,0.907946622048306,-3.97013003226966,-6.85761265464239,-2.51173568202806,0.511761951503497,0.847085223070639,0.937415595523653,-0.931178206442092,-0.235696693319785,-0.0313933540844794,0.591558276561224,-0.263516323288921,1.10889729755393,0.219021143211497,99.99,1
101313.0,-25.825982149082,19.1672390103062,-25.3902293121699,11.1254347149714,-16.6826439195391,3.93369943022963,-37.0603114554112,-28.7597989339836,-11.1266235224579,-23.2282548357516,3.7859770496129,-10.5224940129243,-2.65749636392801,-3.79279543594993,-4.49894467676621,-6.55787310177539,-12.8672447953713,-5.80459047549908,-1.25446534452587,7.90737812724062,-16.9220157786505,5.70368400806478,3.51001884069223,0.0543302268964685,-0.671983312405663,-0.209431359115655,-4.95002186384908,-0.448412770754799,2.28,1
83285.0,-0.895898256658895,1.47009331427624,0.963197174524112,-0.240368542402812,0.344629946298114,0.354060429231014,0.0430730738803614,-1.36881048100533,-0.593805217358394,-0.266667378190401,1.501389927296,1.02857669414249,0.628812344747842,-0.290829968775809,0.369685460563182,0.367842888225601,0.0085296237232456,-0.0311721503928739,-0.0723106896251258,-0.190602741426094,1.32575197278614,-0.994403027007005,0.181035050198934,-0.371536701651844,-0.161133933891171,0.115212189176443,0.335690041488043,0.0961535109100735,8.52,0
35866.0,-2.04448868873478,3.36830621710984,-3.93711139061868,5.62311973109633,-3.0792320390481,-1.25347411822809,-5.77887959312275,1.70742815771205,-4.46710312294842,-6.0677981503786,3.83978771072745,-8.27784094846266,1.49391490811495,-8.41668121212274,0.792297928201949,-7.86265882647354,-14.5708366290177,-5.18538553288232,2.41438956859515,1.11202761894884,1.48359421639379,0.834310712862216,-0.148485620188757,0.0016688545232818,-0.0389957310939217,0.389526401954901,1.30023645611458,0.549940374167289,7.61,1
139107.0,-4.66650010041278,-3.95232008590575,0.206093981663422,5.15352461752314,5.22946888229443,0.939039595033364,-0.63503285991319,-0.704506473585122,-0.234785699547585,4.03143505114991,0.983646778914785,-0.578913742704862,-0.199814214445048,-0.729706928009483,1.26671345577549,-0.842769191467021,-0.10294607389286,-0.597597212831086,1.06015422605258,-2.28613708033687,-0.664263125989277,1.82142163463065,0.113562782266408,-0.759673347196958,-0.50230409927918,0.63063883618903,-0.513880222506685,0.729525850100835,22.47,1
146179.0,-0.0676716213886392,4.25118050159519,-6.54038835224963,7.28365703710757,0.513540870943284,-2.63506638788364,-1.86591081008961,0.780271626602801,-3.86824834701295,-4.85148719411703,3.87116530391397,-6.88763735718558,-1.7905001483675,-11.2723158701978,1.30136314876439,-1.68983647758912,-0.0529325394075147,0.778734824784494,0.242162496030838,0.519403972453402,0.415436545379518,-0.469937601482284,0.0071280404084919,-0.388147290740708,-0.493397940502339,0.466467724945289,0.566369687106408,0.262990466192685,0.77,1
145449.0,-0.25921564290037,0.367922550181967,0.133952472548399,-2.2216180153111,0.73075272727253,-0.672679912777425,0.800130730130065,-0.648342615139165,-1.17293850155082,0.618827690394256,-0.857352253516264,-0.620933443039866,1.29494349055117,-0.634165318705537,-0.170687241849314,0.811622595417806,-0.297029755603985,-1.20710270809262,0.403356665973942,0.0812101686644624,0.50482447992332,1.52465195845193,-0.430181670411553,0.572001069399254,-0.169760121768673,-0.113696641442849,-0.382596571406372,-0.0675202325647411,15.0,0
79628.0,-0.975112815477379,1.04495039270294,0.98813350651324,-1.26058994681796,-0.494098459050215,-0.711319186529828,0.0459889027685366,0.564151249355293,0.206545509935031,-0.602607871401286,-0.456058954494981,-0.0454643085720511,-0.510025923708832,0.301923626655881,0.804871279525627,0.4847230871645,-0.223294322299057,-0.732474653010123,-1.15076946699729,-0.0420078477809035,-0.0737607367929253,-0.22348598444253,0.0722324414086607,0.0953020192748644,-0.271331245376176,0.761258233014773,0.170207752337672,0.0596827766592546,3.69,0
156771.0,2.0439827996732,0.537153364126987,-2.41249430099744,0.760142485467499,0.542463460322784,-1.70124995785093,0.321255659173524,-0.348618475342436,0.598486085893346,-1.19070876954175,0.0861968458946299,-0.540100329132613,-0.587811653047498,-2.41836318398104,1.18590530585375,0.760127269222049,1.83337814945499,1.27495752087067,-0.739862300344916,-0.194663657475211,0.0921028286827353,0.448688038303651,-0.0426264720736242,-0.31397061897539,0.232878301876293,-0.0912108508269035,0.0194432443134439,0.0053333026022965,1.0,0
155662.0,-1.92861326665902,4.60150558710842,-7.12405297794577,5.71608803673092,1.0265785454506,-3.18907306708797,-2.26189690158112,1.18509635557546,-4.4419416151592,-6.64615382952148,3.8278680907164,-6.51864882248249,0.25113654845891,-12.4567059527055,-0.649166482109423,-1.28314500024635,-2.71855972503703,-0.0854660890712058,-2.09738547120766,0.328795983029392,0.602290585417557,-0.541287465014078,-0.354639278954951,-0.701492058320209,-0.0309729820836431,0.03406987758686,0.57339303199888,0.294686316081238,0.77,1
10508.0,1.13228897859881,-0.206319777859763,0.738064844540719,0.450304760891371,-0.712791012595897,-0.418412212898528,-0.322191660775969,-0.0987615356407372,2.04824171220869,-0.790108257755113,0.744838646675231,-1.8763390426739,1.4317262876714,1.27595311386023,-0.798514160645786,-0.774734792374018,1.32524160003738,-0.981697955046067,-0.234947392488113,-0.109452578185798,-0.197026958090162,-0.120524597554033,-0.0062085150245369,0.452531325469597,0.288819034554917,1.07890394211712,-0.0837619917217975,-0.0007467029082413,40.25,0
144844.0,-8.6437209454559,-11.317987632122,0.719709281607336,-0.0530521517434986,2.09175622460287,-2.22989069814814,-0.977848308682807,-0.0100598538166364,-1.01730265721967,0.973273188299776,-0.930281689930933,-1.31147679264535,1.52245942702852,-1.37607368639901,1.52845551657317,1.02159760442423,-0.483629336001487,1.31266018003237,-0.0202010264898911,-1.31561246601347,-0.656137071239092,1.2722179286803,8.14539876333845,0.500896963958493,2.53433502246251,0.352673646823256,1.53548619545911,-1.0219800508092,545.3,0
6089.0,1.31431625680752,0.187596430580411,-1.1506323285322,-0.279581425544032,2.21375396249823,3.22859772272367,-0.597804875349896,0.72431552907399,1.21088795300617,-0.587999900668753,1.07913120435405,-2.53506870749177,1.65127419577137,1.32173232188241,0.562548119866956,0.78355587118416,0.236830975834255,0.439856177098906,-0.0280470197601153,-0.0105330514487602,-0.493178578748389,-1.3347423010026,0.107047896322012,0.885094323664666,0.34659347230298,0.0720268658075049,-0.0485693560329582,0.0172251327044314,1.98,0
33012.0,0.871304433485077,-0.56096805942125,1.23504944665796,1.44281059125758,-1.12445169066865,0.477388385978075,-0.772844933575913,0.478531514627077,0.897267287442376,0.0060562603032761,0.897695696032779,0.0491997891266437,-2.44881969527778,0.364232566246839,-0.0547632758440715,0.0865191889338012,-0.0230732663536915,0.216787935695706,-0.424541577340226,-0.129884490904339,0.0572980977336255,0.0429044988816106,-0.0114147802452363,0.160611704445702,0.164669118865254,-0.394957606934353,0.0514751394384437,0.0375311206984885,100.0,0
148074.0,-2.21921860215056,0.727831411106392,-5.45822994652182,5.92484984705884,3.93246382376344,-3.0859842366267,-1.67786998770016,0.865074610405235,-3.17726028894586,-3.41920738405664,3.69317394224412,-3.97843975507806,-1.71859087457346,-8.63629739365259,-0.242964821455265,1.17488417316765,2.13460635695284,2.59436483300614,-1.25758897993879,0.96477180373471,0.41747174595057,-0.817343384056975,-0.0287524020141088,0.0257225108657227,-0.825835343221856,-0.0130890304987416,0.413291188715315,-0.131387346404896,0.0,1
58288.0,-0.733307445004685,0.85933055992183,1.34168152142504,0.58328037657307,0.213523496978762,-0.618156085105631,0.752033849070132,-0.105508422108649,-0.413644988164716,-0.225334587539976,-0.050279326949384,-0.0420127331642222,-0.352384850809128,0.289612533971058,0.99295446613009,-0.428388546315731,-0.0235457578468383,-0.526327935830638,-0.691544262945021,-0.204150473308565,0.165574406618661,0.454193344360574,-0.0382380778513695,0.397367956927954,0.137897976886725,-0.37934647594562,-0.2172646851831,0.0660007706561967,20.35,0
47982.0,-1.23280412810524,2.24411874456383,-1.70382579275654,1.49253586483501,-1.19298516971563,-1.68611021267902,-1.86461150490967,0.856122313785725,-1.97353527775248,-3.94238290411726,2.40165068027699,-3.39426561777896,-0.145161724970334,-4.32979551307589,0.758760885824274,-3.19904647594093,-4.48018356526203,-2.48566878350317,-0.0958074336903356,0.207889301735382,0.560475065574211,0.165681717805126,-0.0137535165177887,0.474935180269258,-0.218725074414735,0.302809125708237,0.46603094153746,0.250133538809307,0.76,1
2440.0,1.35386056621433,-0.0320197616651381,-0.231380699487134,-0.985984636512547,-0.30686785919307,-1.20100364917833,0.15825020866373,-0.297714539002141,1.09465773569734,-0.918311175223061,-0.618159386888992,0.379830888331314,-0.0282853467361499,0.43673713135616,1.6172024153639,-0.507005446048429,-0.354614719706001,0.153073271482823,0.71948214644532,-0.117329000986629,0.0078102612321575,0.169402855448033,-0.202699967173967,-0.0953352146623499,0.86533864389283,-0.569660993191281,0.0385692652605753,0.0124272032539811,1.0,0
26523.0,-18.474867903441,11.5863805198184,-21.4029168131391,6.03851541556808,-14.4511581398683,-4.14652350569915,-14.856123673178,12.4311404723263,-4.05335328722588,-9.04039624894471,5.96620250720685,-8.46396612952571,0.0786921317878341,-9.09253265181295,0.0108220973904713,-7.1863755078292,-13.7974745003699,-4.95849390971089,1.32116655982617,1.5779244011474,1.74113559593371,-1.25113794883836,-0.396219126116475,0.0957055555718895,1.32275094272025,-0.217954564863573,1.62879253147016,0.482248274865402,99.99,1
126104.0,0.206662302365525,0.645522636538469,1.65979833816135,4.2523376297253,0.591970124380745,2.22265257581036,-0.621776788336916,0.593112171938449,-1.57500956360756,1.54172219219997,-0.162700775572718,0.196670717102689,1.47041806567244,-0.41024874532865,0.539741820863774,1.0367449929494,-0.795712551168976,1.23466255760017,1.48857725561602,0.459159336671897,-0.0076686639260069,-0.133752003503566,-0.0512200228805847,-0.371091134003569,0.389218355180584,0.402217603596008,-0.166470639768782,-0.265589863841804,42.21,0
67873.0,-0.185648940619246,0.281660822451237,1.65190791709278,-1.02535231338266,-0.551217866504157,0.197000688214273,-0.305368735511103,0.0393921995101495,-1.57901401893816,0.673942530436297,0.894962486732903,0.0365465763907118,1.39526673393734,-0.460034522664147,0.542854987510953,1.20018431028662,-0.079753887571438,-0.154298204038937,1.99548325474053,0.340407919882729,0.441630507918539,1.22115704656615,-0.310616426333928,-0.271783636327815,-0.224280916605808,-0.0145441911468781,0.0369907506187547,0.122792937664339,12.6,0
48884.0,-2.13905055735992,1.39436766175691,-0.612034894995233,1.04932705568948,-1.1621019076536,-0.768219363115428,-1.99723740081007,0.574996543366778,-0.98083177624058,-2.49561924548174,2.5555891530874,-3.53043627008024,-1.01623381526368,-3.45519657744236,-0.0563633864076254,-2.46773703008032,-7.14032596614864,-1.27128002161365,-0.0017219235416342,0.0254265126136498,0.696954881120808,0.740003045389771,-0.15511524943514,-0.0506074460808317,0.268368293338874,-0.469432841163864,-0.405813768055179,-0.152170846988601,19.73,1
43369.0,-3.36531852073793,2.42650326490524,-3.75222652688429,0.27601659835291,-2.30587029698066,-1.9615783188747,-3.029283444673,-1.67446174770883,0.183961286375875,-4.98092843827312,3.65788166668826,-6.40982235504524,-1.0873102947816,-8.50943318717532,1.43257178733402,-5.36989001074152,-9.06907940021057,-2.81980659631422,0.874542948076265,-0.0368373256714411,2.07000816413804,-0.512625728150551,-0.248501692422131,0.126549624264963,0.104166256940212,-1.05599732614735,-1.20016496678239,-1.01206584314534,88.0,1
130538.0,2.00681121816398,-0.0577174440910299,-0.995718999290201,0.30578655358903,-0.0368545014399376,-0.837389408505402,0.111645726580307,-0.203972033384718,0.176652924750336,0.214956742607838,1.19377766969661,1.5192085252731,0.607681145544021,0.353737106419826,-0.690347416389435,-0.022427242939567,-0.488797359056042,-0.570276213448062,0.3278998602473,-0.182710408184609,-0.219249220541038,-0.493991949018034,0.337948218002694,0.0356029512642726,-0.332580032373718,0.176299927979998,-0.0668655490236193,-0.0685870275331659,0.89,0
49044.0,-1.42066889225256,0.764413073799757,0.847720787124683,0.760689680013315,-4.41700168151446,2.34374628713701,3.60838888532923,-0.381665093819521,-0.166446231888701,-0.755372949069155,0.0311704542050314,-0.0720951719087314,0.376983495119369,-0.268881632602935,1.58867374474631,0.599618494675674,-0.425722907831087,-0.0482339385905692,-1.06203847968056,-0.834565236483871,-0.0212112683709976,0.834649516437881,-0.101351854607994,0.46342312144708,-0.237741296956196,-0.409506626036561,0.0724706274974827,-0.535804738451028,820.0,0
68207.0,-13.1926709562391,12.785970638298,-9.90665002092758,3.32033688288942,-4.80117593230105,5.76005855618556,-18.7508891580107,-37.3534426378925,-0.391539743919107,-5.05250236713858,4.40680552357904,-4.61075647740608,-1.90948796970811,-9.07271093398351,-0.226074450896345,-6.21155748212485,-6.24814535335983,-3.14924669470095,0.0515761185277783,-3.49304991519446,27.2028391573154,-8.88701714094871,5.30360690376998,-0.639434802306313,0.263203123457008,-0.108876929971315,1.26956635541013,0.939407362758877,1.0,1
28143.0,-27.1436784229495,15.3658043803315,-28.4074244550982,6.37089534679314,-20.0878775718571,-4.66631306343841,-18.7094788213717,17.9035743750222,-3.72227873753244,-8.12096173759343,4.41994345577668,-6.21094112120869,1.06383739513242,-5.84352838067721,-0.108836449172905,-5.60659732565665,-11.7562556050179,-4.71494676131661,0.783577593799492,1.70388764553958,1.79682638880552,-1.96097371657716,-0.90224745220798,0.144011442167384,2.02438803943008,-0.204214065769385,1.33215305903359,0.385890728011147,99.99,1
114796.0,-1.40169386924879,-0.214952893965034,0.780398362712005,-3.35210436642168,1.07215612778983,4.28018734990741,-1.44616259408478,1.73284347626742,-0.576330873418046,-0.402549107482173,-0.438161206797211,-0.748243111510359,0.115268861354214,-0.586413802511944,0.442288141755655,1.87434647851409,-0.248957811934349,-0.679591555551101,-0.50965178588072,0.128692460306101,0.414603738568666,1.02459612031226,-0.190192186904906,0.727748451385669,0.60731260121465,-0.0170529202147304,0.104251291753904,0.0276968852264061,39.9,0
45501.0,1.00199171536791,0.047938380305255,-0.349001552412107,1.49395843665091,0.186938875230095,0.190965634380865,-0.0011121042259357,0.147140194715723,0.580415339651519,-0.792937990748917,-0.984171728067149,-0.567380064895921,-1.10559224967424,-1.38121354248053,0.405490421163411,0.279890165223202,1.1321602098483,0.0929929763441439,-0.298920455435975,0.016003673251105,-0.334417439439,-1.01431467260935,-0.128427315817252,-0.946241837638308,0.456090274720588,-0.453205972393371,0.0466270924243456,0.0646983543716214,105.99,1
151123.0,2.24680426235642,-0.578986279601564,-1.50217930475516,-0.948977510619307,-0.153595945466062,-0.893535582023049,-0.196273486590863,-0.370134341270867,-0.620809619094564,0.761481876037497,-0.669331112399088,-0.0217063633601898,1.03286768319034,-0.232606663599811,-0.366742762742439,0.640970863454053,0.273282001778816,-1.91293232025631,0.877874287218822,0.0309451828966784,0.0210921913183498,0.11861292178529,0.205846859038576,0.696536086021938,0.0548255256481844,-0.310516049024608,-0.0384106641573885,-0.0560036380523746,8.5,0
36248.0,1.21662892954154,0.114620196960652,0.508883877915096,0.516109337456879,-0.526531625071539,-0.695200798240675,-0.120645358902419,0.0082256016666798,-0.0369299417820329,0.137603071623131,1.28140235445835,0.433588023268781,-0.942336424776647,0.669245794249449,0.460204379304988,0.554689456746788,-0.607288411825317,0.0974573917774307,0.179107176303548,-0.157295799837155,-0.219331826085372,-0.72830053940186,0.13792172214974,0.292000037860232,0.147866534546397,0.0811660318887169,-0.0405447906087197,0.0063056125755271,1.79,0
83934.0,-0.433222446537596,2.42837911824053,-3.99645439738162,4.87129854095106,-1.7963078560437,-0.586867589935922,-4.65454261848565,1.28522967071729,-2.74353881589949,-5.63894131284807,4.3437434980468,-6.65573446968769,-0.293108662762872,-9.50514082568186,-1.39614905931922,-4.85032315924603,-10.0062528282393,-2.78959811229388,0.98258385892977,0.745029329890697,0.713558821786954,-0.408953595906886,-0.320889532152165,-0.804230275167984,0.962851575679124,0.199558010666927,1.09453318209808,0.541147567735467,1.0,1
12393.0,-4.06400473842815,3.10093489093256,-1.18849800365476,3.26463274045175,-1.90356235801726,0.3203505872957,-0.954940039087007,-3.27753491983773,2.82082866173719,1.01511287978593,3.18718689736493,-7.00432728360605,0.872710605485111,-6.22060535304292,-0.904444629573358,-3.07509188469837,-5.04473569177435,-1.71808268516882,-0.662462068430895,-0.531897693292296,1.68866543097474,-0.0788446980063478,0.19373092657711,0.479495953884992,-0.50660305739906,-0.409862744197452,-3.03627132936069,-0.630605198840545,179.66,1
143860.0,-1.33789160307363,0.829144650000348,0.360717627273996,-1.68016781275734,1.33704813597017,-0.244194435753003,1.17164147077287,0.0491294079407382,0.0273244028962513,-1.78401569608906,0.423982574288135,-0.0112826072318422,-1.0643421430158,-1.41592220460016,-1.59373928710201,0.769467011008658,0.214001322977393,0.784247332092589,-0.538692272259531,-0.264795639334053,-0.238404987023349,-0.724503103938703,-0.318387036613182,0.131738266400416,0.942371344516278,-0.188476827155295,-0.287827271638697,0.0989040861081475,34.66,0
77678.0,-1.7472342531756,1.08074795411883,0.883627507009574,1.40564083764824,-0.759417201275616,0.843847870088265,-1.15903164447187,1.38510498115066,-0.0574472007613779,-0.262629653601546,0.285613665232004,1.51906016189979,0.482959827337067,0.262839142972068,-0.744606019807252,-0.392898787079593,0.535287531466607,0.148025099492822,1.13017347860886,-0.493948779551128,0.0978022114016245,0.483955724661526,0.365891840179352,-0.282828422306603,-0.858233182835557,-0.471280598293023,-0.545488231191061,-0.274048400860699,1.0,0
126219.0,-1.14155893716424,1.92765003845063,-3.9053561494007,-0.0739425941379643,-0.0448578188133647,-1.75699895886989,-1.21741649894761,0.364563278725543,-2.77014774706035,-3.21618771830464,1.28674925677162,-3.27270458494442,1.04221562276303,-5.74894325155799,-0.668136526600605,-3.86597568295345,-2.70505213033344,-0.103907181377394,-0.716811424575637,-0.250582939794953,0.102081332026183,-0.531495912348873,-0.328740974448816,0.393099609976725,0.568434632400261,0.786604529169779,-0.146101643769467,0.0762114890570611,25.0,1
39447.0,-2.71373404127423,-4.37786727566009,-0.865568876701795,-0.504253649859168,-4.9795444593268,1.25033341921356,6.24387891712954,-1.00381691127503,-1.92786106256746,-1.1451636945464,-0.21874987171461,-0.401651874219484,1.05024102986467,-0.155261586719491,0.208242416634164,-0.926244333032676,-0.47266812374037,1.21354672916793,-1.86029185044269,3.16264865302848,0.476820745588804,-0.947954998844888,3.98138740660407,0.510592260370184,0.0584294852420594,0.521808697373851,-0.761159101790547,-0.0686540106181309,1644.95,0
149639.0,2.08014267073756,0.1278496742022,-1.73356723261139,0.408678665829515,0.402801314060007,-0.861501065457099,0.153308209414414,-0.20783914219896,0.564652695572755,-0.364710504489929,-0.690938739028336,-0.105992682117718,-0.368257291778197,-0.759889848984686,0.257480612448538,0.352599530514792,0.479286163621729,-0.236245002367406,0.0762734138726334,-0.184308160353183,-0.37374286647302,-0.990213087239389,0.339275182906883,0.469824871727468,-0.265607920695822,0.176540383283619,-0.0654901891769042,-0.0320942168519616,0.89,0
35942.0,-4.19407367570647,4.38289736244467,-5.11836337307965,4.45522984017686,-4.81262068168969,-1.22464470658392,-7.28132786701771,3.33224979453268,-3.6796585127756,-7.52436833681058,2.95434436554049,-7.09982534281257,1.52036890797685,-7.68780276684597,-0.225002021021292,-8.52085016639749,-13.2772997431934,-5.25370461976771,3.62333181402755,0.579098497681141,1.55047296606276,0.614572855219804,0.0285207917962781,0.0137043244720008,-0.149512012856955,-0.131686656095248,0.473934221832509,0.47375748155095,14.46,1
102480.0,-1.92959692675373,4.0664132778545,-4.86518400996861,5.89860229319899,-0.552492585328532,-1.55596245330906,-3.83362344068736,0.679511648528001,-3.46376549143694,-6.68368922880726,7.02127774818005,-11.1024933822497,1.71175507363653,-10.447632938235,-2.79907615915518,-6.26174085045904,-11.6471577741668,-3.45143614190286,-0.507536514254236,0.942488941965831,1.13721164676769,0.674245235425331,-0.531765489027487,-0.433409350510738,0.378658562357166,0.198107291025294,0.869694411928137,0.228047851815119,0.0,1
10559.0,1.23326027396055,-0.0930401515162593,0.588990666451141,-0.0291896916351592,-0.59790889006269,-0.481066763770631,-0.452384023451693,-0.028738492836052,1.58374390793699,-0.394155319336579,1.96603967765529,-2.20392095816922,0.802654202683738,1.9327787638149,-0.0566026151902784,0.715353911564736,0.0528248045113502,0.575961469724788,0.239333512034357,-0.112882098146127,-0.254978091561695,-0.593411352385261,0.0524750470676558,-0.0200771911009408,0.0700690845776557,0.870017969286685,-0.111075149767296,-0.0095471079199763,19.08,0
59257.0,1.13495364283298,-0.124014498555963,0.676552306415135,0.779135097432715,-0.558571111143248,0.0506793134314971,-0.365310226331716,0.213261055702177,0.456857011569597,-0.0637516633802044,1.18663725781364,0.907271680490627,-0.971194067649896,0.197061310849974,-0.7812883284155,-0.486853559855663,0.235628343385273,-0.492110775790824,0.048030861075894,-0.211785238065483,-0.0079344724167295,0.199671273686687,-0.0323914340542586,0.264345999255628,0.431825691642846,0.44119886732897,-0.0068113536192154,-0.0033155581377511,1.0,0
73408.0,-2.86979494599423,1.33566696241079,-1.00953019777159,1.69388472852407,-0.741479894623347,-0.796772696354505,-2.61424187718441,1.06663646767929,-1.13549652218517,-3.9433368210052,2.57283021584331,-2.28866350030302,0.562084177710423,-5.33871420959882,-1.85325189141529,-2.619233053885,-5.23142512742468,-1.23485373672039,0.397308037124058,0.0115572104606548,0.528421372720921,0.228027080989586,-0.749297963439339,-0.0671789627433331,0.215792485177395,-0.453651011768872,0.349191042793996,0.198862268219404,16.48,1
142394.0,-3.36776957405755,0.0992494427033949,-6.14848744863103,3.40195536781235,0.458306649432465,-1.57162971516015,-1.35870798100218,0.672409368648482,-3.18800116217364,-4.93742665954554,3.72393253444097,-4.60317614883077,1.0191795522313,-6.61909019992345,-0.590223955779135,-4.47254755736649,-7.16504438660351,-1.58112819134185,1.93037970885184,0.264698703752275,0.861308008231813,1.24930138847935,1.85062715893443,-0.117471200405974,1.21981539606006,0.0002506190192774,1.03601138278301,0.0043667546240766,320.01,1
85864.0,-3.36526491864606,2.92854110729003,-5.66099919906905,3.89115992835328,-1.84037510965314,-1.80088720390662,-5.55867935318221,2.40232168278639,-2.84892272106495,-5.99567612703198,4.22130410784879,-6.11966735264192,0.0230135705891201,-8.14932178394224,-0.301351931335019,-5.37528289323615,-9.31500138499105,-2.48756256913711,2.35591891159776,0.57637946532203,0.875260063301294,-0.102501391250503,-0.606282749133978,-0.743164794295893,0.096318936065612,-0.135060497401362,1.23869473001415,0.0998237563444676,1.0,1
10786.0,1.26094062006723,0.226231857693128,0.157373721693853,0.385128398872047,0.397462483242634,0.513961662000173,-0.245947453414852,0.0815418409153222,1.16534236134865,-0.305847318313562,1.58658909315191,-1.81458133569571,1.93146797899766,1.85320647842253,-0.0553668812068792,0.523597688956521,-0.0803915276442478,0.173275003809797,0.0500252963770111,-0.128914510802409,-0.407266763003904,-0.92842287468201,0.0232155822912942,-1.21896044568712,0.243302399769554,0.141120059351164,-0.0453082686528642,-0.0132252529016727,0.99,0
57027.0,-2.33565492855671,2.22537994112476,-3.37945038583039,2.17853822878821,-3.56826371512658,0.316813583664713,-1.73494800330036,1.4491394338594,-1.98003348126993,-5.71150474047788,1.83721490161197,-4.5403416445233,0.747845860345767,-6.28431406964108,-0.128887216546494,-3.5632394063049,-7.36832064555377,-2.69295315786876,-0.450550113544917,0.274027122680488,0.78554012192761,0.29741198434836,0.308536146370564,-0.598415746387816,-0.121850330815637,-0.491018310202025,0.701606041424924,0.206966343288918,444.17,1
156203.0,0.0190527655775938,0.524447551048952,-1.18644378037434,-1.72460077323481,2.94633161696987,3.39153771776616,0.328252049255699,0.926626720191239,-0.164591505944691,-0.386135058354065,-0.199786092045169,0.0332459757669703,-0.37386912908176,0.354896823697863,0.0419381852577923,-0.154993420068608,-0.482202493049669,-0.841606806650625,-0.206459619556746,0.0292834207364086,-0.264128561913666,-0.717457276599992,0.114033776797104,0.688347154984098,-0.459071463155372,0.161916271850732,0.264420244939876,0.0906655260506003,2.68,0
151088.0,2.06091327830477,0.415538444343503,-2.67964704953756,1.16318133030548,1.41612523533933,-0.161932894562464,0.481697349164786,-0.0793617020237076,0.0584518025625932,-0.162464215529383,0.221208401786113,-0.0528772887932497,-1.09607222919184,-0.678271230666456,-0.865747142239297,0.263656584859264,0.484160668662296,0.919322035900189,0.195722675147575,-0.256465263894953,-0.058825509585086,-0.0206864454833434,-0.094944812798857,-0.356227217386289,0.540248995930453,-0.481888510025708,-0.0105861594207692,-0.0442487190948796,1.0,0
152165.0,-4.67323076642011,4.19597576169878,-8.39242279138696,7.74321514676806,-1.13880348895329,-2.09489915490422,-3.83948656727606,0.543053447590367,-1.52844823748652,-2.32511344137919,4.3557700196603,-8.66303057554101,-1.15399252804132,-13.4817046750119,1.20845385727171,-4.28795983864998,-5.65176527245489,-1.23588925526129,1.08013289303778,-0.180278730628939,0.55418499648198,0.656075670157296,0.482417262428348,-0.624399456794724,-0.296288558436571,0.374802036063765,-2.6785437691689,0.412367567109485,1.0,1
148479.0,-1.541678492331,3.8467996764866,-7.60411417332843,3.12145858452036,-1.25492417272895,-2.08487507838532,-2.38502692521029,1.47113982318282,-2.53050724987995,-5.17565967956169,1.92718574923744,-6.01115469172088,-1.19560144211912,-6.74556131619148,-0.0580910805508333,-4.3251322468452,-5.55806727496643,-1.58053122025709,0.971906321717639,0.114760087792356,1.09640466568909,1.0642221648192,0.0653703316207609,0.257209437635477,-0.693653969054163,-0.335701711683891,0.577051520346345,0.398348367999506,122.68,1
82289.0,-1.46489654758402,1.97552752738073,-1.07714453940265,2.81919063998449,0.069850228405671,-0.789043629709432,-1.19610144945515,0.673654375004339,-1.36372387646135,-2.9328952580311,0.301368829965399,-3.24614143685335,-0.465640147552938,-5.42936187944371,-1.30498291640657,-0.953623442669269,-2.72734300093373,-0.63643691865914,-0.927124072666602,0.048968800272123,0.174099465690177,-0.272505290211891,-0.0315494503920774,-0.406165929676999,0.157768979757404,-0.104392920359594,0.0737955599806211,-0.0415702518454821,1.0,1
53287.0,1.17429654055691,0.180652351644322,0.513432323043449,0.450884405413441,-0.19799746773314,-0.186937916472604,-0.0904651833720912,0.0565953723295291,-0.281110702427538,0.0467506845228249,1.77318494387425,1.36327924719568,0.626027954256511,0.381556059966854,0.537938405446048,0.187857526577106,-0.419775323346428,-0.546168055582241,-0.189936332593635,-0.0869058751781591,-0.173352475709868,-0.484002897752208,0.1481738915188,0.0240413718184475,0.128742963010139,0.105540586160995,-0.0137160654783633,0.0063349716359329,1.98,0
142961.0,0.457845399378466,1.37376948070694,-0.488926009348227,2.80535094114905,1.77738605988168,0.100492060362466,1.29501591974452,-0.135857217631344,-1.69582245589888,0.955004466801798,-1.70222840135659,-0.240056328492088,0.456475052581814,0.139567417265152,-1.89097449251758,0.372379299123525,-0.798201084554281,-0.69706160837415,-1.49715223294239,-0.264704752281373,0.105593015789541,0.371014424417148,0.0511047168873462,0.401524196613955,-0.724765816975051,-0.202880696489224,0.092123881011537,0.0949558537280024,0.0,1
161154.0,-3.38760102859385,3.97788074139497,-6.97858506511079,1.65776584508859,-1.10049973277578,-3.59948697320315,-3.68665071042962,1.94225222492139,-3.06508926692316,-7.50955747436829,2.98962640655731,-5.99363242425938,-0.164740077677312,-8.38844296921614,0.0421289980360236,-4.13750050093113,-6.1039030730781,-1.9729278028075,0.434072536887008,-0.0043005898337158,1.043587159264,0.26218867442789,-0.479223920984096,-0.326638199739289,-0.156938590387884,0.113806571374194,0.354124259953911,0.287592125204715,0.38,1
13323.0,-5.45436177939673,8.28742055534983,-12.7528112729386,8.59434189301081,-3.10600228114338,-3.17994875686414,-9.25279393795831,4.24506220985367,-6.32980084623466,-13.1366983691039,11.228470279576,-17.1313009454468,-0.169401056814124,-18.0499976898594,-1.36623566099065,-9.7235653091894,-14.7449024646768,-5.24730110631125,-0.574675143795817,1.30586191483437,1.84616479291417,-0.267171794223081,-0.310803969751621,-1.20168545799806,1.35217609502433,0.608424596360403,1.57471478384204,0.808725205090233,1.0,1
33983.0,-2.59664876813036,-0.279598105556567,2.7299671253772,3.09114076804511,0.27443696133784,-0.216281470637061,-0.594011190785879,-0.0016433953735861,0.0309005506537525,1.97578146155117,-0.435067870962346,-0.699784613301995,0.128196849478304,-0.668709332707806,2.15726051164968,0.505949041147066,-0.435673459654937,0.757114063234067,0.458692138382454,0.169253252434725,-0.0212055724625644,0.799561759553831,-0.077438174093277,0.42637458677933,0.178265412732477,0.386979692347371,0.0263826604017868,0.779976534517982,34.23,0
69244.0,-0.671939089779224,1.24986130155639,1.03262592819366,0.72488640971135,-0.188462278183351,-0.262853596771369,0.135750517047243,0.578856492748328,-0.802641533996785,-0.110529752880424,0.795588802946355,0.472615725532187,-0.343169173427164,0.810267538965762,0.541586189332126,0.320452357535984,-0.407398031726067,0.591560267343663,0.870116042287897,0.0495604028488266,-0.127018904837252,-0.4774656549944,-0.0041473784120784,-0.0489068694562132,-0.0665392521924101,-0.546903561658831,0.181574570750444,0.0212047539210749,9.99,0
84204.0,-1.92745281973369,1.82762056700016,-7.01949468454197,5.34830323951426,-2.73918788004738,-2.10721929638307,-5.01584797563431,1.20586815982046,-4.38271250852199,-8.33770697381781,7.19030608944843,-9.42484446049178,-0.223292646427513,-12.8754942229841,-0.071918160688794,-6.2999613976222,-12.719207160428,-3.74017615583058,0.844059610296466,2.17270905626492,1.37693832294098,-0.792016725563067,-0.771414187530036,-0.379574271539528,0.718716522008066,1.11115125599517,1.27770725705846,0.819081152045361,512.25,1
160665.0,-0.417339782403896,4.70005527392636,-7.52176682774885,7.67188445074794,0.260821237608046,-2.64669254023638,-2.85443216153232,0.95878310270126,-4.5885358926682,-6.12071508667922,4.54849458373201,-7.83625279832226,-0.242674770748528,-13.2025053438681,1.0924415991984,-3.04086255242532,-3.00895800089691,-0.159966953690891,0.78808629554402,0.832034789370246,0.622200356085823,-0.437708334187294,-0.0903582898025547,-0.742802157670925,-0.312360714129117,0.502574976363589,0.8213902873783,0.37237881708533,0.77,1
78371.0,1.27733014918616,0.125106545088321,0.118437730033112,0.381215481334008,0.045146313556108,-0.0621524457621019,-0.0886135618954374,0.0318503203124215,0.218618851591757,-0.0849596350702468,-0.879264327282662,-0.24280313914495,-0.34888687301226,0.374530685369442,1.43172638902219,0.291795792444346,-0.404225092843848,-0.620925134959184,-0.155715500526285,-0.150363841849117,-0.294572928107668,-0.848693112107237,0.072654036084974,-0.793473725301947,0.230080196746612,0.179029139769838,-0.0186714490700937,0.0052505363054412,0.89,0
88672.0,-3.85988078691481,2.63288131193679,-5.2642653095088,3.44611314661501,-0.675231056544998,-1.90495945391597,-3.2910408690196,-0.985766040904484,-1.16811416733417,-3.93629417027159,4.25656448730292,-6.60065448140166,0.0056263764660214,-9.9585309187018,2.47135790380837,-5.7001414199952,-6.38809273753128,-1.83815930102503,2.99317350708135,-0.178626358366056,1.66411901528299,0.785075271950043,0.0684124857414983,0.778960915978384,-0.863165919910699,-0.0068096144164965,-1.06573404007904,1.77332644564776,1.18,1
151972.0,-6.61821088302128,3.83594330652809,-6.31645312939344,1.84411148322924,-2.47689242073119,-1.88671810778613,-3.81749461717225,0.613470204441387,-1.48212104737573,-4.86874726825181,3.35972193954249,-5.96916163430263,0.0511899909273825,-8.72449560202264,0.776390603031746,-3.93938374023711,-7.16443030217363,-2.43467181629124,0.235226841085862,-0.953826982523315,1.63662230588548,0.0387273057562163,0.27821816645377,0.786670356804443,0.063894559165062,0.154707097104458,-2.04240272642132,1.40514055826157,57.73,1
40086.0,1.08369268125484,1.17950120574809,-1.34615039129229,1.99882440095464,0.818034176163642,-0.771419407716543,0.230307373480955,0.0936831311994367,-0.167594341704434,-1.95980925751416,2.80433477984687,0.312424168769405,-0.595976467281167,-4.66257695501824,-0.299515020029103,1.00141391934549,3.90282478361756,1.61960922680862,-0.888087464222472,-0.0601585380014646,-0.311999618117422,-0.639699711353317,-0.120249014807271,-0.180217694458199,0.609282565276013,-0.339524442352566,0.0967012906089022,0.114971915513805,1.0,1
137790.0,2.11737905834276,0.111010244542673,-2.15856713628885,0.304295674999953,0.586821466360346,-0.947220645826366,0.209016409764014,-0.287962886836905,0.777633474486493,-0.450796170471565,-1.40955857194708,-0.686484278973559,-0.586521031592144,-0.637043922982542,1.05863328154944,0.54241224204672,0.0626992620626245,0.93406856141663,-0.0376909560447481,-0.208691157174886,0.122363921351635,0.48387431064126,-0.145447188551442,-1.08803434051166,0.363690875405539,-0.0371245043953151,-0.0099559472639773,-0.0421709412815125,9.95,0
156598.0,2.21121799136276,-1.01483844662425,-1.5289238675803,-2.60307189547159,-0.822432574067849,-1.62900628020257,-0.217246353397785,-0.570867849754992,0.904325721719413,-0.477122165893467,-0.623705246058674,1.5007158750869,2.00086443233058,-0.16468482545432,0.691673867012631,-2.8818525360671,0.0992785393226003,1.31835017043703,0.206903147684242,-0.483727401487596,-0.0050219320880178,0.888171391637014,-0.0948968037257653,0.0615649917626097,0.48458287285429,-0.501401662617931,0.0702841228036777,-0.0478449370625548,22.76,0
131110.0,-1.85963396792729,-0.217632326672217,-0.196545369706532,-1.37243444034954,3.06092737556003,-1.73917325393396,0.968337843289311,-1.38823769640006,-0.574568470696214,-0.726439021206041,1.05272948052211,1.02220666897328,0.136742819995804,0.732815080128363,-0.798676317151366,-1.22797639136499,-0.404052565298475,0.137435204940932,0.63378498360431,-0.393867483750158,0.992937720047965,0.820997230395555,-1.02109350826545,0.890896231963835,1.74766251436457,-0.234534165170171,0.074778410384659,-0.287847296426958,35.57,0
7891.0,-1.58550536691994,3.26158454822833,-4.13742198305023,2.35709625199132,-1.40504331370135,-1.87943719306477,-3.51368687087654,1.51560674568816,-1.20716636120056,-6.23456133227108,5.45074606689486,-7.33371406736393,1.36119332407831,-6.60806825219469,-0.481069424899829,-2.60247787045261,-4.83511205239717,-0.553026089102902,0.351948943356815,0.315957258937511,0.501543149467536,-0.54686881157389,-0.0765836358993043,-0.425550366841581,0.123644186352002,0.321984539336613,0.264028160503965,0.132816719764592,1.0,1
142280.0,-1.16920341321234,1.86341353532436,-2.51513548140496,5.46368064632147,-0.297971322569218,1.36491803995482,0.759218697057941,-0.118860976595472,-2.29392142249704,-0.423783865294484,2.37587561688329,-3.24482729860534,-0.556619004651202,-5.15247483394519,0.0509063245131081,-1.02204502568313,-1.64650484628376,0.126459752723905,1.81901276401306,-0.299374112945613,-0.393089990476079,-0.708692350094872,0.47130870257521,-0.0786160465959469,-0.544654650975683,0.0147767561333222,-0.240929959465545,-0.781055195837041,324.59,1
164150.0,1.92760319083607,-0.595357606522598,-0.747030071898384,0.227593431383115,-0.251898914957944,0.369313829925952,-0.727171405299328,0.219884181653981,0.925938263718467,0.268182569749208,0.139842324408662,0.240025900207091,-0.60919646694441,0.257209904204693,0.337244935794023,0.967941559156577,-1.13477672958534,0.976386519397146,0.0616978889594824,-0.104461495630246,0.209268992890675,0.542073168974566,0.0964813976768883,0.10562938905855,-0.257269881333218,0.340459036817381,-0.0361096977961549,-0.0478027135335286,49.5,0
123341.0,0.722099431649448,0.49795292593891,-0.11104900127146,-0.336683468584767,0.167127192034505,-0.831886016858509,0.342928233577617,-1.07436506812162,0.123151201828779,-0.446659462523184,-0.799620789577362,0.459485910056466,0.153074675538598,0.274030029134215,-0.239400827307601,-0.0029841667531491,-0.357299692236233,-0.972988891432266,-0.354450750288295,-0.334918044059115,0.455821315920677,-1.09145707527939,0.0615353330116703,-0.0852461947918659,0.501141502050566,0.248516550958455,0.0322290035073612,0.110632695737472,5.85,0
76036.0,-1.09125840754687,0.293311977355084,1.69961644745972,0.210778091597651,1.01040055162261,1.96558074921093,-0.0331944541320748,0.746491011512684,-0.393229161289992,-0.439505845695859,1.48499430575189,0.57406923476112,-1.0329779198958,0.318113651162757,0.555057347706645,-1.60413429818829,1.21465135129259,-1.69122110913237,-0.0093865087104479,-0.103596303701547,-0.0157234306611022,0.110274553890299,-0.150326523201409,-1.31472548442081,-0.0517993915407697,0.52491591091558,-0.0396565071290526,0.0732601780600638,20.8,0
146344.0,-0.0997238993578782,2.79541433019956,-6.42385558221477,3.24751301512342,-1.6322902693315,-2.76666493059313,-2.31222288290759,0.961014122482514,-1.89600096481329,-4.91934829935247,3.05365441815753,-5.29781140208753,-1.46602972848647,-7.03588005080407,1.99713237234969,-3.83618852542499,-2.51518280017187,-0.864578711859257,2.32892697361116,0.340898315660141,0.647714388377444,0.126575864283858,0.203953480088146,0.0084949976311171,-0.174501150725926,0.575294798178312,0.152875890788003,-0.0981728103598323,94.82,1
15224.0,1.25547806101723,0.075737134808817,0.899582561441786,0.30685826697766,-0.783296613692343,-0.881433873814759,-0.365580621229978,-0.207833229605644,1.66345769636986,-0.540778864407019,0.72622418811213,-2.25790599619369,1.83825899478767,1.51009900878452,0.533404359785751,0.505054193831746,0.312877136558819,-0.159413710531531,-0.245389780505473,-0.0911728101232025,-0.340972563318775,-0.756209082501458,0.162033655513656,0.357936841619594,-0.0141817489129757,0.749535164993116,-0.0896814039252866,0.0093185001276461,10.07,0
169351.0,-0.676142670593205,1.1263660623459,-2.21369952308058,0.46830838758824,-1.12054104443306,-0.0033462959955453,-2.23473929608742,1.21015796383769,-0.65224992035649,-3.46389087904573,1.79496896856641,-2.77502154036273,-0.418950143733104,-4.05716237716209,-0.712615968607599,-1.60301474745597,-5.03532591722409,-0.50699988370237,0.266272320267649,0.247967752628092,0.751825538154533,0.834107690036367,0.190943872773442,0.0320700856093905,-0.739694822652264,0.47111096261267,0.385107448705084,0.19436147923645,77.89,1
102542.0,-1.45687631770562,3.74030556080113,-7.40451844591174,7.44096403590735,-1.5498779534738,-1.66169686169337,-5.75721301357641,1.61501101078404,-2.19488072574389,-6.80713525144464,6.82579316213884,-10.3997491177692,1.83644883978883,-11.872845098188,-3.6423925983095,-6.0441031440521,-9.75077638654123,-3.11637225405711,0.0653171492484702,0.529557330911833,0.957897451629944,0.145339479676781,-0.0447039008346728,-0.544961671329029,-0.757756535554721,-0.005352369235898,0.318152285707546,-0.323553622642371,2.28,1
127558.0,-0.678754904826453,0.695938727974506,0.781981533842486,-0.522783059410803,-0.244080287439693,0.472443302208936,0.0281985879077955,0.205538249528646,0.915235229521319,-0.472228012285512,-1.93552597618903,0.074873836393548,0.827938231877626,-0.451016757940727,0.789631649865521,0.459853845174392,-0.929707962297873,0.674959502313918,0.349090145639609,-0.199818714761958,0.173259556828906,0.662972297803902,-0.132788740390122,-1.04617964146372,-1.03539797146769,-0.466412786948865,-0.339544851457871,-0.0918339025935283,56.69,0
41164.0,-5.93277795485543,4.57174320411303,-9.42724692838332,6.57705643811276,-6.11521812544893,-3.66179789602346,-10.8940785545016,3.70921000751656,-5.85952387304171,-12.981619145004,8.26529460055417,-14.1541653609607,0.479842781966758,-16.3375959447735,1.64604527960375,-12.3753974432385,-21.090612716108,-7.7245457358645,3.85637474254372,1.19107830456005,2.01427156558263,-0.167416617986259,0.0499675298711021,0.384429719031746,-0.0778835668224832,0.56549290579318,1.79201191700266,0.371007021212136,5.3,1
130914.0,1.6452708952318,-0.753084536871805,-2.76629298278652,0.333302079805759,0.298003228794021,-1.84527502969137,1.30943691094508,-0.704169551895129,0.280258262690874,-0.056205259657545,-1.00951134577698,-0.423977962999602,-1.40433057305512,1.17795406548179,0.0732360494617596,-0.911305816399283,0.0014681850686053,-0.382563783146899,0.146947137925503,0.200156158081434,0.421220112722661,0.780420106780107,-0.429924339374084,0.0544737540319196,0.623950357525413,0.438284053499228,-0.160572981460166,-0.0477991930845669,268.0,0
115691.0,-1.55027271502021,1.08868850191044,-2.39338766218981,1.00873271714408,-1.0875618874048,-1.10460238189499,-2.67050327670088,0.147654676391109,-0.978625549290056,-3.51413330486723,3.58604242366444,-4.05335784837839,0.862426024955809,-5.76582302154173,-0.507511029549388,-4.92186514350783,-9.56726769048681,-2.77297411117016,1.71709526842855,0.327490457262181,0.802316031461701,1.03710478869922,0.0958154204904633,-0.320190913384423,-0.0807306312824349,0.0910116872058309,0.0249284934943241,-0.0778199786198624,17.06,1
85573.0,-1.7567118508365,3.26657425418237,-4.15338789695403,3.92452561357555,-1.7537718434176,-1.0057867792296,-4.31321717578502,1.56071190324579,-3.29567366751075,-6.2133552491157,4.52299197543382,-6.6528440527591,-0.12468523386066,-8.60448620191387,0.110359314846888,-5.94548061159606,-9.33893779428438,-2.39019258818085,3.18415235636348,0.874720103498016,0.911427441871296,0.0530612807310541,-0.367700953962814,-0.776337755840596,0.292093831084717,0.025999713844171,1.0629681996854,0.501148168228208,1.0,1
28242.0,-2.78724793061533,-0.0713403777285035,-1.50528777523306,3.36177713733967,-3.35742166883665,0.565834734346537,0.303653111125521,0.966914484943676,-2.24588195188782,-3.65142656863483,0.987277021963291,-3.83478156926117,-0.961354142524746,-3.18216808481143,-1.1260022842247,-2.95430081252595,-5.84121800175148,-2.91043029785417,-1.15585017273094,1.60739677185147,0.882940442444742,-0.246201930041865,1.75222678458672,0.219924964544368,0.15628169505776,-0.265894317684036,0.220694023253282,0.256076869786525,730.86,1
37184.0,0.0173589847103851,-0.456114347022961,1.14694197944982,-0.118644594454451,-0.194043176755565,2.02245368973919,-0.50454651149858,0.742713157189818,-1.00001202341652,0.404867293038536,1.59998325389852,0.972882680188987,0.276370892222091,-0.123169549154207,0.380879110172451,-2.52495490318143,0.811280729016352,0.108303813146135,-2.43365101061554,-0.512698560923097,0.067577625573944,0.812005779457463,0.338086987379525,-1.06054285046798,-0.682515228406644,-0.255172555123867,0.102869751639481,-0.0695526260897685,79.0,0
133731.0,1.17663267315551,3.14191813880044,-6.14044483643302,5.5218205893507,1.76851488910857,-1.72718569844821,-0.932428910444584,0.292796545267059,-3.15682655843537,-3.89824038104731,4.77672033006624,-4.15249885001879,-0.472990802974345,-10.2588514782991,-0.533455591604466,0.458138563036142,0.167601789076859,1.4043108943267,-1.87401526330162,0.329567972643983,0.1293716296303,-0.803020814325114,-0.0740983557012839,-0.0310844052836625,0.375366225335466,0.0658967838964971,0.488257738746484,0.325871630319106,0.0,1
143434.0,-2.7294819717688,3.31249456257958,-4.24271044395109,5.03698507739508,-0.376561160600044,-1.53246175254658,-3.44915850302961,1.85683931947767,-3.62333368933656,-5.6536376856402,3.94231582587852,-5.8837243606062,-1.34781373713666,-9.26612018494559,-2.4595563246821,-2.20564448269106,-5.70908680498665,-1.11393664017816,-1.55653021213315,0.164287792503557,0.72741506386268,-0.301431744500987,-0.502433327315861,-0.462308576168739,0.510682747439828,0.0466646930679243,0.514645779891103,0.140998673095746,1.0,1
144839.0,-6.42330645645221,1.65851450876035,-5.86643956435658,2.05206440242466,-0.615816842763718,-3.37226571107575,-5.03655575494585,2.64310601464633,-2.27463004673333,-7.04922935969585,3.9168025570096,-4.48127959922503,-1.02747932747206,-7.11387278226069,-0.852775229881616,-3.83955997447082,-5.05600998750159,-1.34449753083319,1.14847293881065,-0.713515810779757,0.641210915884323,-0.256678382381229,-2.33723276414845,-0.158277898470348,1.19879744465828,-0.261257806694643,0.78012548401824,-0.731800816194097,0.0,1
120694.0,2.15404844556572,0.146670173165787,-2.18339367444648,0.231480110890607,0.853571690963882,-0.984506203631973,0.704601481091738,-0.491090969635663,0.0499696653173961,0.141723155557655,-0.989679476518875,0.539188657431048,0.740991432884389,0.39292263547799,-0.362760077199061,-0.573338015901341,-0.269020316492082,-0.74432544698701,0.248932849916302,-0.15643929864608,0.0813542746694596,0.451738282511049,-0.0415720903355278,0.578622757202936,0.465306400679507,0.693639349518888,-0.112876867294881,-0.0795622541367554,0.76,0
154378.0,1.90080217128327,-0.529792207365994,-1.83955619073252,0.272515475101373,1.98275633066383,3.99299793469641,-1.02837974908619,1.01918260424777,0.788413717152841,0.214202423373794,-0.292177258452549,0.299700920702992,-0.0608153937352291,0.148207046989932,0.79898194685525,0.132022862710825,-0.729436192568764,0.238918395533978,-0.837485100404194,-0.126187034237924,0.360490088655314,1.09996574852343,0.0270169826141388,0.722579627471333,0.16227936982078,-0.358324418714131,0.0670691385061044,-0.0386282121532416,31.93,0
17838.0,-5.18787810836635,6.96770866359565,-13.510931139095,8.61789514115238,-11.2144223939458,0.6722478387604,-9.46253281088355,5.32870420774381,-4.89700552817542,-11.7868116556041,9.36907905765884,-15.0941631493865,1.25637700700759,-11.8521613037824,0.274429814172421,-10.6882417917386,-18.3888105354245,-6.89884013301839,2.38280793552097,-0.623737291574186,2.08608300107406,0.760190240866359,0.716805785858217,-0.646743429628277,-1.61704292571624,0.172346889503238,0.626646780979254,-0.169726031129409,766.36,1
142840.0,-3.61385045502803,-0.922135693038651,-4.74988736419275,3.37300132781874,-0.545207025424103,-1.17130106266974,-4.17231457141019,1.51701594293521,-1.77583268078792,-3.75405392305562,2.73157578227581,-3.48937464729063,1.54738008909916,-4.57126773103714,-0.517958568740869,-4.23908653141223,-9.25063451000699,-2.4348278029986,1.98738627690236,-0.320540972806239,0.7867870185412,0.893064859228385,1.03490656705841,0.097671080445461,-1.34555112500186,-0.788328913242689,1.05544197476733,0.0999714026087802,144.8,1
93920.0,-12.3810482122443,8.21302215295327,-16.9625296493409,7.11609059812684,-9.77282635905051,-3.66683564785878,-16.1473633736285,2.07870595319163,-4.25065683444105,-16.7460441053944,7.42580096307482,-15.5648376012203,-0.426338420425742,-14.0295376738875,-1.68188923012087,-11.1337609764854,-15.8335888785336,-5.74853293843859,2.27108150670047,0.53779490001906,0.1677033350947,1.5034133341063,-0.767755381526479,0.371951476263823,-1.41563947948017,-0.517022160118675,-0.434620522533755,0.292721057342818,97.0,1
58060.0,-2.63059770314604,5.12575923008793,-6.09225454651378,5.52739306209755,1.60514485494011,-2.31988352953118,-3.20707570564086,-1.48258321071708,-5.07487063178104,-6.77833138248069,5.72525459149638,-6.94917182528041,-3.12779501198771,-11.090424813263,-0.800272569362332,-1.70750085360527,-1.68547301699574,0.274890838662414,-2.02888535240153,0.948863770149954,-0.527474204141788,0.220546094514546,-1.37110989476897,-0.504898994517705,0.382306792598482,0.395527722278956,0.782035950782542,0.62852786395406,1.0,1
132833.0,2.13529610238485,0.0539646083367563,-1.69711414752513,0.0679695340555267,0.666031351586983,-0.453168069441502,0.225229009920333,-0.322362391568019,0.468366146067625,-0.0346309766071629,-1.15604169363002,0.73325930395822,1.59411844186161,0.126126092782514,0.724269478296943,0.0025798963575437,-0.895626014112038,0.0909687586717444,0.0303250288597386,-0.102993054181708,0.219750442904445,0.836576413393813,-0.072781057501027,0.106243107597722,0.419020681958703,-0.0961124009418859,-0.0131252733278262,-0.0552118963578344,1.0,0
134358.0,1.67501334491949,-0.920708844045008,-1.41074568825416,0.20493098539452,0.0622982501067965,0.371263331194694,-0.146398575434993,0.089100666669739,0.918760233029434,-0.0252970239384063,0.0678672589506157,0.5547515782833,-0.459855582489102,0.419955552257597,-0.0400761344369358,0.331251715091158,-0.896579181200046,0.654952394158759,0.390108764050972,0.158954277712468,0.136814858769664,0.0860560294107927,-0.0540120052897961,-0.119333277323192,-0.062429136284563,-0.355610681081962,-0.0326179172463318,-0.0254287079935555,190.36,0
29901.0,1.04375363961272,0.0462423270394872,1.44585719651493,1.35072666399111,-0.963303013216596,-0.224132524916426,-0.51370342943884,0.0877550301988026,0.318456761954375,-0.0823742392854432,0.393300679309594,0.929666521476065,0.97581919947141,-0.170155437132865,1.52168861473127,0.197030835171323,-0.290347400178745,-0.371656568931327,-1.28811381068904,-0.0554273250172178,0.20820201898993,0.660922972249549,0.0480313923789111,0.62236763076665,0.219856400311107,-0.355321341372771,0.0822070597978486,0.0493282862372436,32.49,0
139561.0,-6.13940527595052,-4.10060074879749,-5.19860228202303,0.853476766374512,-8.16631564013315,3.53157078476947,7.16173601699607,-2.32436573262915,0.14529743060736,1.01878502901644,-0.665738907840834,-0.0845181927344956,1.671343988493,-0.703003966660853,0.87429579703958,-0.0507872173077447,-0.561690104366519,0.446504419991364,-0.459652796419629,-6.19606808435184,-2.12278177257925,-0.22304313437001,-4.26668637591937,0.559285311039903,-2.43773913129492,-0.0450090316688997,0.978528119513084,-1.98793486651932,1924.6,0
41147.0,-5.31417320646342,4.14594361146639,-8.53252245892907,8.34439167363678,-5.71800820787464,-3.04353608094129,-10.9891846672722,3.40412865609659,-6.16723364181153,-11.435623996076,7.67453383416429,-14.2960914258331,0.526938923712363,-15.4450258118019,0.991651201275811,-12.3913460034009,-22.5416517287861,-7.98672065349455,2.99255446334225,1.15001731865814,2.33146580801509,0.862996305559532,-0.614453237551036,0.523647877136623,-0.712593271662611,0.324637964828057,2.24509146635599,0.497320848969724,88.23,1
38324.0,-1.25962308177019,1.4450878612899,0.550191657718914,0.817551267150135,0.2036667685316,1.01204597410048,-0.139331624230736,1.16282297638089,-1.11794586290737,-0.784821430694454,0.60235251933436,1.1868966415569,0.989769647882713,0.890307884685766,1.90486538071161,-1.49389218975156,1.40803435146171,-1.98897242490897,-1.25652289479336,-0.320488471077401,0.411607671044729,1.11766435457267,0.0995247820666669,-0.592249321466961,-0.548012078966094,-0.238527624687041,-0.122714511310669,0.0075241885279318,18.55,0
56806.0,0.0168278084833761,2.40082554709233,-4.220359820602,3.46221746352071,-0.624142188342754,-1.29430258598001,-2.98602831443748,0.751882724799937,-1.60667229891344,-5.97492543825504,3.26492215161104,-5.09503162409832,0.307807541258315,-10.0181060613614,0.273282636641356,-3.56253351747421,-4.37710568381017,-1.79263494349375,0.0802807729992116,0.590418382570863,0.285831617664336,-0.771508088806938,-0.265199774294598,-0.873077150100989,0.939776315964547,-0.219084743497804,0.874493632152321,0.470434221788752,1.0,1
126325.0,0.106705616435814,-0.954704287256776,0.920061435357731,-2.22662906325037,-0.637654866686499,-0.671939510479308,-0.236380191760701,-0.229227979889264,-1.97766850233516,1.39652536159987,0.500772698475167,-0.959988315659157,-0.614284253379826,-0.30892818517209,-0.985554333911511,-0.661250707135201,0.295951095197095,0.655741909346575,0.464833045595231,-0.184836760596698,-0.0236952806080887,0.412259312626212,0.139764043244414,0.0319557777384476,-1.04455447488251,-0.312227328381981,0.0586657187389057,-0.0014913129531185,41.8,0
35926.0,-3.89658259167336,4.51835470349753,-4.45402724041253,5.54745334718879,-4.12145857265685,-1.16340665785105,-6.80505305303552,2.92835625399971,-4.91712959933528,-6.60046062150676,3.36784560815482,-7.88897751950988,1.68260346667335,-7.62865191597326,0.779245995683184,-7.53340432942796,-14.0646239413114,-4.96010863308331,2.52578492424474,0.757286726552078,1.69104203001122,0.920020577187708,-0.151103893232396,0.0110068782298363,0.0803032669086078,0.412191351423526,0.635788870982512,0.501049550484962,4.56,1
48666.0,-1.57249063219118,-0.0595604793024339,-0.320043058680113,1.82465933926051,-2.55986158112315,1.61021366787743,-0.42681440052385,-5.80398203431516,-0.50934249928331,-1.58820574837014,-0.811567878563495,0.687612440398273,-0.646224909651639,0.989835864974176,0.128044632675613,0.0017945472707162,0.448614004962891,-0.383641157438282,0.150093779490741,1.27184148119703,-2.74999099142822,-0.0678697452610531,-2.38612349290954,0.544865562917818,0.255776576427588,-0.382472640639459,0.579459161101299,0.155479907336839,900.0,0
8408.0,-1.81328048476897,4.91785071056565,-5.92612969400656,5.70150043141163,1.20439257214362,-3.03513754815611,-1.71340206347108,0.561257390902032,-3.79635425171163,-7.45484065078351,7.38805512292025,-10.4752286504099,-0.379314526756117,-11.7367291212569,-2.08698895215593,-2.44235398293755,-3.53552351168246,0.130360306640887,-2.07145048844325,0.576656033332069,0.615641835107552,-0.4064272753179,-0.73701807643754,-0.279641772215917,1.1067663744335,0.323885477719453,0.894766671515833,0.569518600269514,1.0,1
35771.0,-3.21895201068387,2.70853541135777,-3.26304158740062,1.36186594394607,-1.64577567536596,-1.85298187130258,-3.06995821412732,-1.79687585578416,-0.213356097435365,-3.55198400939375,3.77974953895486,-6.98477147722078,-1.14097718858781,-9.37787845231763,0.921463506707037,-4.65207119462111,-9.09423129737693,-3.08254995409724,0.132330776389272,0.571654488206511,1.80787725006384,-0.890421395077162,-0.325814386573867,0.123039596922715,-0.0930137472776971,0.232105969675678,-0.310518998304807,-0.745294626799623,60.6,1
129764.0,-2.4340041522657,3.22594669094366,-6.59628163055385,3.59316052421617,-1.07945204530157,-1.73974070807667,-0.0474200922292621,0.301424475889641,-1.77943359731428,-5.83645272742826,3.24943114650197,-5.96148766039896,-1.15517572861188,-11.0022890615302,0.588286383997409,-2.36580146413215,-1.3519003888026,0.189498486847292,0.524007524087668,-0.280533266400441,-0.0354907261487421,-0.419177640985635,0.157435951107499,-0.714849374336836,0.468859337004353,-0.348522318188906,0.420036479941583,-0.327642696480936,362.55,1
128471.0,0.909123838691231,1.33765782444144,-4.48472766746064,3.24535764512838,-0.417808776149092,-0.762118684149486,-2.5063487752776,0.694163949223675,-0.467555883753771,-4.5652600954372,3.61264534637429,-3.17193661178549,-0.400045818565063,-8.56945415472099,-1.61483120714345,-2.38820756249222,-2.57746443422373,0.0926786705401108,0.0982420128901166,0.445573384128196,0.586829162500182,0.59407754473212,-0.252120311226939,0.325438827876011,0.562765676359647,-0.256278184868886,0.652673806782709,0.319879228007944,67.9,1
34687.0,-0.860826892469905,3.13178963278262,-5.05296813449749,5.42094070941518,-2.49414141557203,-1.81128662834635,-5.47911745062699,1.18947198655298,-3.90820579292615,-7.06074618169306,4.72997415443333,-8.62905440849263,1.17879796289388,-11.1820634139742,0.445243112696547,-6.53298227788478,-13.3892507167674,-4.48041256680694,0.432054206519352,1.0857595200589,1.19269353963797,0.09035581053399,-0.341880850908644,-0.215924151333767,1.05303194615504,0.271139003495332,1.37329957704625,0.691195095871691,19.02,1
933.0,-0.462484992118701,1.12525616488882,2.14630160864305,1.76550104652218,0.122789763597803,-0.0025775244723322,0.423988130197122,0.22527801899509,-1.36366200854023,0.39348010942539,0.94578349019991,0.054883644259136,-0.580447296692199,0.372504892090948,-0.168525363886608,1.03127503414535,-0.916409192076795,0.403256555399916,-0.542413331054836,-0.0988185060640147,-0.0830446600086012,-0.427153604205175,-0.0105261575649742,0.251530161856987,-0.334975378029343,-0.315224736925479,0.050245147341048,0.0633596233425634,2.27,0
129548.0,1.99910291995719,0.556128808376387,-2.36899504238041,1.45815196221347,1.15587806453191,-0.858500047075123,0.784522537169472,-0.405408195192603,-0.0656517260226912,-0.408968516329163,-0.429918543700773,0.663874903703886,1.03169089906974,-1.25525378537502,-0.455353838642842,-0.251703027037572,0.886827900687903,-0.0836957795376248,-0.402483594184655,-0.0971104025880526,-0.0191774080699712,0.169528586759005,-0.0391814816992909,0.515937271023347,0.532723157126567,-0.521563376560953,0.0032301084471145,-0.0169554843438698,28.44,0
78818.0,1.29561709897081,0.336492193460027,0.0800726982157294,0.567415557932291,-0.116607465083571,-0.767963980733135,0.0684805969172472,-0.16439000935498,0.0822691075394591,-0.27902043749626,-0.561283337972593,0.0124512439591401,0.23505331684527,-0.303038893604808,1.14245635496774,0.639141381935465,-0.195826105770778,-0.113598266252262,0.0049813438260957,-0.0703976307482382,-0.324399374344131,-0.935423854937496,0.0646357696414152,-0.19545144675477,0.285243060572863,0.128111862966022,-0.0241815876607944,0.0250517047264521,0.99,0
90323.0,1.64687822913853,-0.275601235970986,-1.15050946127263,3.03765589216012,2.14910669231114,4.85239533840384,-1.1353485424107,1.1149895504116,0.862883246107918,0.971053407790006,0.308743129310767,-2.67554235137017,1.61735217687277,1.37191226377196,-0.892821279949338,1.09410834688446,-0.268770527652392,0.263105287321351,-2.13360937168324,-0.0253466488261208,0.141167414334971,0.421132627419686,0.106744739373004,0.633125397896496,-0.211243085195682,0.0580436489867671,-0.0111590248910838,-0.0261234497479919,113.49,0
83495.0,1.12624521051986,-0.957890520633066,0.645819360291309,-0.792931291659836,-0.983837513650878,0.425747603871996,-1.00290659086694,0.281128701823305,-0.807548703083724,0.675515833665833,1.83260769215638,0.174449759266954,0.0506022115766191,-0.0443806783809147,0.80734902814304,0.950942927065342,0.445205836087469,-1.38360917838891,-0.152245080959984,0.165492753965953,0.492397531145223,1.24375435319629,-0.125913938769549,-0.230605749968738,0.293380016716512,-0.0214674231887894,0.0399631272903456,0.0159562174128626,81.0,0
146022.0,0.908636658181293,2.84902401493181,-5.64734296336341,6.00941477810058,0.216656395035464,-2.39701442397293,-1.81930788593969,0.338526987742346,-2.81988277297887,-4.06309810827338,2.94119009271712,-6.15136219091534,-1.98952853525001,-9.15095100562097,-0.604289998808266,-1.95229039984463,-2.89255533222526,-0.912057960709434,-1.56373996709776,0.241921294746754,0.407260461266497,-0.397434852530952,-0.0800058534116311,-0.168596545191964,0.465058497798457,0.210509756241616,0.648704799002062,0.360224330288316,1.18,1
129811.0,0.117201771524873,-0.093732290516102,-0.328487206782276,-1.9883531339704,0.379582469691267,-1.00075222280779,0.571839448250884,-0.148716207370767,-1.07401718343914,0.238606455517286,-1.28257830111359,-2.17029255084448,-2.22153491334188,0.544802153519374,0.0455662431700048,0.929548959532045,0.185246227264249,-1.31637691928095,0.506532651126703,-0.0455761910202584,0.195390408844899,0.253221059256945,0.188823230752506,0.532814404383793,-1.00672232213366,-0.507280453429112,0.172845605883903,0.238445709129372,35.0,0
20451.0,-15.8191787207718,8.7759971528627,-22.8046864614815,11.8648680803607,-9.09236053189517,-2.38689320657655,-16.5603681078199,0.948348594786058,-6.31065843275059,-13.0888909176936,9.81570317447819,-14.0560611837648,0.777191846436601,-13.7610179615936,-0.353635939812489,-7.95744722625995,-11.9629542349435,-4.7805077876172,0.652498045264831,0.992278949261366,-2.35063374523783,1.03636187430048,1.13605073696052,-1.0434137405139,-0.10892334328198,0.657436778462222,2.13642447085514,-1.41194537483904,1.0,1
114947.0,2.1089062200793,-0.0365050711884789,-1.72932174768056,-0.0067987700434224,0.594976607121086,-0.414453952360293,0.167961966699844,-0.220672222880371,0.3301883753486,0.170453661475715,0.128669906042685,0.914493564635765,0.705247919420814,0.512780722038945,0.0602493088919393,0.269673880956105,-1.177070616189,0.717076442810391,0.461637906624614,-0.166839037401605,0.231472524698164,0.833534588547577,-0.151936789926576,-1.04612527007365,0.40070417406441,-0.0628154939248451,-0.0211973587884024,-0.0787446085877661,0.89,0
75581.0,-2.86636370525907,2.34694943137396,-4.05330668845935,3.98335888025187,-3.46318571327039,-1.28095301603103,-4.47476383461874,1.21665528478137,-2.30982869782019,-5.51550707258062,3.04839203447565,-7.12825076846601,0.0059558009251745,-7.49518733635876,-0.25108802193356,-7.5680148993231,-12.2236328477344,-4.89517519350497,2.52496746940249,0.270013154062001,1.04973156228305,0.475840283409025,0.404480059350581,0.282029789710327,-0.506901095688855,-0.371741093052833,0.615256964379468,0.803162841917988,124.53,1
56688.0,1.05007523296376,-0.221354836117134,1.2098280120818,1.32375217447771,-0.879460828029667,0.266644595984334,-0.639026856070479,0.256737600494917,0.977359440679614,-0.242107773031982,-0.673162885883664,0.24162377013042,-0.595841485849842,-0.20201765322736,0.501595752879314,-0.181667898534351,0.0663925372035557,-0.429775239441341,-0.575470269901285,-0.142776086936515,-0.0232965697690338,0.0745392240690866,0.0057073690912816,0.0693039710281493,0.310088140756403,-0.38075457516095,0.0791482334415502,0.0389420458346063,40.0,0
100871.0,2.0154544784291,0.0929306771170379,-1.50012096030386,0.568051229877188,0.301399174111776,-0.656213365314981,-0.118418216912638,-0.0856839647055552,1.76473538192476,-0.531262503735894,1.95471416105735,-2.51811521399861,-0.120917485150321,1.13861528019107,-1.05865266571456,0.509431298811263,1.12083911461965,0.610064649550366,0.0792344647696474,-0.298095630537872,-0.469093769699307,-1.12525362483795,0.380387837902862,0.562146002753251,-0.395134146131112,0.109410116637934,-0.104683745048278,-0.0483364655150185,4.49,0
85867.0,-3.58696386180132,2.60912703784891,-5.56857720803735,3.63194695349796,-4.54358971050144,-0.15789907530677,-4.08912766842153,2.41730514407718,-3.23990097529344,-5.822449155685,3.36918605153883,-5.69192578583088,0.287371390782189,-5.41378669142638,-0.555549924912204,-5.86366171303999,-11.1432410242579,-3.48093955285599,2.79433340410919,-0.178533964286313,1.02442283357462,0.428756482022381,0.182032121144153,-0.534597882665306,0.16893349468844,-0.149843614233619,0.685517241438814,-0.299728379437129,310.42,1
132688.0,0.432554461820961,1.86137334473124,-4.31035306214219,2.44808047483365,4.57409367462504,-2.97991207512663,-2.79237913364276,-2.71986651919035,-0.276703666493858,-2.31474716368481,2.22296005779154,-0.407550442912615,-1.65231153851303,-5.87143807802568,-0.427646957092402,1.67987296365444,5.54086531862428,3.20763696362324,-0.559479810847182,0.318852892094648,-1.3844768425902,-0.348903877586001,-3.9799478814166,-0.828156262241172,-2.41944598182275,-0.767069606648857,0.387038910929273,0.319401534511631,1.0,1
67065.0,-1.02928221767263,-1.0489540300368,2.48969427345015,-1.39634571285893,-0.802057148604742,0.0394212321993613,-1.4003981230403,-0.701893097572148,-2.27686779244079,1.62471369688265,1.5264804405882,-0.848432048619372,-0.412142123210936,-0.325184731230039,0.93477633948077,-0.754443051243047,0.899623762995881,0.493879086196423,0.722904566672933,-0.400730832654771,0.565943797552163,-0.220017556133335,-0.110481581407049,0.194937266483375,-0.218314812961504,-0.124679596776202,0.129960893385124,-0.191141158389993,43.2,0
67571.0,-0.758468652663917,-0.0454102784513458,-0.168438290153528,-1.31327481447103,-1.9017625315847,0.739433414882114,3.07189204639003,-0.483422244220096,0.61820276215476,-1.7690597207318,-0.651414013964987,-0.0054232908009888,-0.517194341398293,0.217469760178719,0.883558824493356,-1.17397764863161,0.24334710955825,-0.342300728238465,0.68705620239513,-0.0324998988871344,0.0426194565214976,0.397223782011498,0.0722288654476503,-0.242275996603303,0.560916469624214,-0.540954584325348,0.150606446374032,-0.117140114799884,549.06,1
75556.0,-2.46328634614943,2.49433579926689,-0.906519704642444,1.00105576523038,-1.66088488632265,-0.902818286455198,-1.26943705629459,1.98877956047033,-1.09199189079667,-0.315327999488503,0.620116729738262,1.2149613459377,-0.26401914308344,1.97593177516147,0.218330143579951,0.439035079004223,0.444166073778877,0.709732649097054,0.53782455481049,-0.624707255334425,0.412162100554163,0.474317930101012,0.276991179683464,0.524651380303783,-0.0870506073304638,-0.387444226766205,-0.951920825118236,-0.250654792860514,5.61,0
9770.0,0.695052538799437,-0.534101009593023,1.34194778310269,1.59162816177032,-0.946534932892378,0.338726060282515,-0.527287368505313,0.0297238133130721,1.70888120646794,-0.558405915831965,0.889630936809348,-1.58546937735315,3.14326266972112,1.09522195242622,0.946058118307722,0.45332790421442,0.163895821873844,0.309350123890483,-1.48370691302597,0.346097904711906,0.276548671098422,0.700976543238458,-0.234574518576736,0.0782656664392565,0.228373151898329,-0.275484794134302,0.0317256883401797,0.074929527570775,228.0,0
121238.0,-2.62892199481027,2.2756363708417,-3.74536934909195,1.22694819658893,-1.13296649495042,-1.25635309994595,-1.75241984877631,0.281736387178617,-1.7923429718137,-4.82077941422469,4.17609762346479,-4.61900987976999,0.742689541505504,-7.63696288811138,-0.197887605182768,-4.14039566725884,-7.60471483249934,-1.52450539738207,1.27132193138436,0.133106474791523,0.870729582435536,1.26947278909845,-0.265494007565328,-0.480548610900827,0.169665130870596,0.0960810570397914,0.0700362725602789,0.0637683649579152,144.62,1
69394.0,1.14043132434726,1.13424300279892,-1.42945474072655,2.01222598912655,0.622800198240135,-1.1529230868157,0.22115947772768,0.0373717733484629,0.0344859259841517,-1.87964382107016,2.19166507997652,-0.487849732811135,-1.75713709936308,-4.46105120749925,-0.402884205654366,1.4109171085787,3.61925125200524,2.28492676267757,-0.443999191918561,-0.0997118777920308,-0.367136001490949,-0.891627120817809,-0.160578066799212,-0.10832596200032,0.668374321480191,-0.352393242949003,0.0719927692746503,0.113684370071235,1.0,1
77171.0,1.11855963468941,1.29185826269199,-1.29880532614411,2.13577170090141,0.77220369761071,-1.14729144173341,0.390577698285265,-0.107072317539989,-0.0383392686455211,-2.15251889070952,1.35275258963919,0.092848590126307,0.273152694590986,-5.01220235869184,0.303552415334761,0.731437272149243,4.15208557256771,0.985358288437165,-1.22925431837217,-0.0235757902669068,-0.346373779572415,-0.663587986293548,-0.102325808556082,0.0179105750224893,0.650301613577378,-0.332365629546077,0.105948676665863,0.12812372864866,1.0,1
141863.0,-0.300852538099658,0.587179725274709,0.409634032237478,-0.775154507668043,0.810755192001022,-0.401977679274157,1.64364958568515,-0.389481417771354,-0.132859993305407,-0.69978138673209,-1.03683387356478,-0.623455618935716,-0.985886929793776,0.330960214223274,0.242872305171732,-0.749441174810344,-0.141326027765784,-0.383306093687733,0.698690310156497,0.149338000845821,-0.102890090268171,-0.233661848579469,-0.0925363282804608,0.589747225297147,0.12706293314994,-0.038243834195728,-0.124775118414605,-0.0981855863044646,85.05,0
26833.0,-20.5327510764355,12.3739891389716,-23.0090029136283,6.14482097803751,-15.5872960035928,-4.38449066917613,-15.9390026942523,13.696416119399,-3.94845491908543,-8.78972336330438,5.61234710799626,-7.91442236630349,0.307819968365149,-8.32860088836825,-0.0069792945896379,-6.82452417207669,-13.3160791903173,-4.9216120866876,1.18820420779718,1.59275393136331,1.75460760918813,-1.46611525253641,-0.85677863566488,0.125776576475404,1.40258698975375,-0.223754856770293,1.57424873519633,0.469200693158523,99.99,1
76857.0,1.14020795371139,1.15643107873873,-1.47157796740819,2.07627840454674,0.774809058745551,-1.00253195191231,0.264947929409663,0.0131622605764724,0.248835339320523,-2.10066651278309,0.763204840843787,-0.94491647902938,-1.41903447142202,-4.68361969585018,0.51928230124953,0.908454083367609,4.13366666889167,1.30620452511785,-1.09471647432252,-0.125097258302807,-0.387894980568907,-0.866811936205838,-0.121582639900783,-0.356108586349469,0.634572810783188,-0.306311023397994,0.0940868179231164,0.121064728484123,1.0,1
